CL002-077----	class|wt	1
CL002-077----	county|CLARE	1
CL002-077----	townland_ga|Gleann Eidhneach Thuaidh	1
CL003-037----	class|wt	1
CL003-037----	county|CLARE	1
CL003-037----	townland_ga|Eachinis	1
CL004-016042-	class|wt	1
CL004-016042-	county|CLARE	1
CL004-016042-	townland_ga| 	1
CL004-066001-	class|wt	1
CL004-066001-	county|CLARE	1
CL004-066001-	townland_ga|Baile na hUamhan	1
CL004-066002-	class|wt	1
CL004-066002-	county|CLARE	1
CL004-066002-	townland_ga|Baile na hUamhan	1
CL004-071----	class|wt	1
CL004-071----	county|CLARE	1
CL004-071----	townland_ga|Baile na hUamhan	1
CL004-073----	class|wt	1
CL004-073----	county|CLARE	1
CL004-073----	townland_ga|Baile na hUamhan	1
CL004-085----	class|mu	1
CL004-085----	county|CLARE	1
CL004-085----	townland_ga|Baile Uí Rinn	1
CL005-003----	class|wt	1
CL005-003----	county|CLARE	1
CL005-003----	townland_ga|Cathair Bolg	1
CL005-011----	class|wt	1
CL005-011----	county|CLARE	1
CL005-011----	townland_ga| 	1
CL005-013001-	class|wt	1
CL005-013001-	county|CLARE	1
CL005-013001-	townland_ga| 	1
CL005-013002-	class|wt	1
CL005-013002-	county|CLARE	1
CL005-013002-	townland_ga| 	1
CL005-014004-	class|mu	1
CL005-014004-	county|CLARE	1
CL005-014004-	townland_ga| 	1
CL005-053002-	class|mu	1
CL005-053002-	county|CLARE	1
CL005-053002-	townland_ga| 	1
CL005-091----	class|wt	1
CL005-091----	county|CLARE	1
CL005-091----	townland_ga|An Grágán Thoir	1
CL005-109----	class|wt	1
CL005-109----	county|CLARE	1
CL005-109----	townland_ga| 	1
CL005-110----	class|wt	1
CL005-110----	county|CLARE	1
CL005-110----	townland_ga| 	1
CL005-117----	class|mu	1
CL005-117----	county|CLARE	1
CL005-117----	townland_ga| 	1
CL005-118----	class|wt	1
CL005-118----	county|CLARE	1
CL005-118----	townland_ga| 	1
CL005-129----	class|wt	1
CL005-129----	county|CLARE	1
CL005-129----	townland_ga| 	1
CL005-133----	class|wt	1
CL005-133----	county|CLARE	1
CL005-133----	townland_ga|Gleann Insín	1
CL005-135----	class|wt	1
CL005-135----	county|CLARE	1
CL005-135----	townland_ga|Gleann Insín	1
CL005-136001-	class|wt	1
CL005-136001-	county|CLARE	1
CL005-136001-	townland_ga|Gleann Insín	1
CL005-143----	class|wt	1
CL005-143----	county|CLARE	1
CL005-143----	townland_ga| 	1
CL005-160016-	class|wt	1
CL005-160016-	county|CLARE	1
CL005-160016-	townland_ga| 	1
CL005-160018-	class|wt	1
CL005-160018-	county|CLARE	1
CL005-160018-	townland_ga| 	1
CL005-160027-	class|wt	1
CL005-160027-	county|CLARE	1
CL005-160027-	townland_ga| 	1
CL005-161----	class|wt	1
CL005-161----	county|CLARE	1
CL005-161----	townland_ga| 	1
CL005-205----	class|wt	1
CL005-205----	county|CLARE	1
CL005-205----	townland_ga| 	1
CL005-216----	class|wt	1
CL005-216----	county|CLARE	1
CL005-216----	townland_ga| 	1
CL006-035003-	class|wt	1
CL006-035003-	county|CLARE	1
CL006-035003-	townland_ga| 	1
CL006-042009-	class|wt	1
CL006-042009-	county|CLARE	1
CL006-042009-	townland_ga| 	1
CL006-052----	class|wt	1
CL006-052----	county|CLARE	1
CL006-052----	townland_ga|Na Raithneacha Thiar	1
CL006-056----	class|wt	1
CL006-056----	county|CLARE	1
CL006-056----	townland_ga|Na Raithneacha Thoir	1
CL006-057----	class|wt	1
CL006-057----	county|CLARE	1
CL006-057----	townland_ga|An Tearmann	1
CL006-059002-	class|bb	1
CL006-059002-	county|CLARE	1
CL006-059002-	townland_ga|An Tearmann	1
CL006-060----	class|wt	1
CL006-060----	county|CLARE	1
CL006-060----	townland_ga|An Tearmann	1
CL006-157----	class|wt	1
CL006-157----	county|CLARE	1
CL006-157----	townland_ga|An Tearmann	1
CL008-002001-	class|ct	1
CL008-002001-	county|CLARE	1
CL008-002001-	townland_ga|Tír Ghamhainín	1
CL008-022----	class|wt	1
CL008-022----	county|CLARE	1
CL008-022----	townland_ga| 	1
CL009-001013-	class|wt	1
CL009-001013-	county|CLARE	1
CL009-001013-	townland_ga|Lios Uí Ghlisín	1
CL009-001026-	class|wt	1
CL009-001026-	county|CLARE	1
CL009-001026-	townland_ga|Lios Uí Ghlisín	1
CL009-013007-	class|wt	1
CL009-013007-	county|CLARE	1
CL009-013007-	townland_ga|Baile Uí Mhurchú	1
CL009-019----	class|wt	1
CL009-019----	county|CLARE	1
CL009-020001-	class|wt	1
CL009-020001-	county|CLARE	1
CL009-020001-	townland_ga| 	1
CL009-021012-	class|mu	1
CL009-021012-	county|CLARE	1
CL009-021012-	townland_ga|Cill Choirne	1
CL009-021060-	class|sc	1
CL009-021060-	county|CLARE	1
CL009-021060-	townland_ga|Cill Choirne	1
CL009-026----	class|wt	1
CL009-026----	county|CLARE	1
CL009-026----	townland_ga| 	1
CL009-034001-	class|po	1
CL009-034001-	county|CLARE	1
CL009-034001-	townland_ga|Poll na Brón	1
CL009-046----	class|wt	1
CL009-046----	county|CLARE	1
CL009-046----	townland_ga| 	1
CL009-048001-	class|wt	1
CL009-048001-	county|CLARE	1
CL009-048001-	townland_ga| 	1
CL009-059063-	class|ct	1
CL009-059063-	county|CLARE	1
CL009-059063-	townland_ga|Baile Uí Dhanair Thuaidh	1
CL009-059069-	class|wt	1
CL009-059069-	county|CLARE	1
CL009-059069-	townland_ga|Baile Uí Dhanair Thuaidh	1
CL009-059072-	class|wt	1
CL009-059072-	county|CLARE	1
CL009-059072-	townland_ga|Baile Uí Dhanair Theas	1
CL009-059077-	class|wt	1
CL009-059077-	county|CLARE	1
CL009-059077-	townland_ga|Baile Uí Dhanair Thuaidh	1
CL009-059086-	class|wt	1
CL009-059086-	county|CLARE	1
CL009-059086-	townland_ga|Baile Uí Dhanair Theas	1
CL009-059092-	class|wt	1
CL009-059092-	county|CLARE	1
CL009-059092-	townland_ga|Baile Uí Dhanair Theas	1
CL009-059093-	class|wt	1
CL009-059093-	county|CLARE	1
CL009-059093-	townland_ga| 	1
CL009-059094-	class|wt	1
CL009-059094-	county|CLARE	1
CL009-059094-	townland_ga| 	1
CL009-067----	class|wt	1
CL009-067----	county|CLARE	1
CL009-067----	townland_ga| 	1
CL009-084006-	class|sr	1
CL009-084006-	county|CLARE	1
CL009-084006-	townland_ga| 	1
CL009-084007-	class|wt	1
CL009-084007-	county|CLARE	1
CL009-084007-	townland_ga| 	1
CL009-084008-	class|mu	1
CL009-084008-	county|CLARE	1
CL009-084008-	townland_ga| 	1
CL009-098----	class|wt	1
CL009-098----	county|CLARE	1
CL009-098----	townland_ga|Cathair Mionáin Thiar	1
CL009-105002-	class|wt	1
CL009-105002-	county|CLARE	1
CL009-105002-	townland_ga|An Carn	1
CL009-112001-	class|wt	1
CL009-112001-	county|CLARE	1
CL009-112001-	townland_ga|Páirc na bhFianna	1
CL009-149----	class|wt	1
CL009-149----	county|CLARE	1
CL009-149----	townland_ga| 	1
CL009-162----	class|wt	1
CL009-162----	county|CLARE	1
CL009-162----	townland_ga| 	1
CL009-185----	class|wt	1
CL009-185----	county|CLARE	1
CL009-185----	townland_ga| 	1
CL009-199----	class|wt	1
CL009-199----	county|CLARE	1
CL009-199----	townland_ga| 	1
CL010-006----	class|wt	1
CL010-006----	county|CLARE	1
CL010-006----	townland_ga| 	1
CL010-019----	class|wt	1
CL010-019----	county|CLARE	1
CL010-019----	townland_ga|Na Raithneacha Thoir	1
CL010-028----	class|wt	1
CL010-028----	county|CLARE	1
CL010-028----	townland_ga| 	1
CL010-047009-	class|wt	1
CL010-047009-	county|CLARE	1
CL010-047009-	townland_ga| 	1
CL010-064006-	class|wt	1
CL010-064006-	county|CLARE	1
CL010-064006-	townland_ga|Tulach Chumann	1
CL010-064013-	class|wt	1
CL010-064013-	county|CLARE	1
CL010-064013-	townland_ga|Tulach Chumann	1
CL010-064023-	class|wt	1
CL010-064023-	county|CLARE	1
CL010-064023-	townland_ga|Sliabh na Glaise	1
CL010-064068-	class|wt	1
CL010-064068-	county|CLARE	1
CL010-064068-	townland_ga| 	1
CL010-089----	class|mu	1
CL010-089----	county|CLARE	1
CL010-089----	townland_ga| 	1
CL010-092----	class|wt	1
CL010-092----	county|CLARE	1
CL010-092----	townland_ga|An Léana	1
CL010-093----	class|wt	1
CL010-093----	county|CLARE	1
CL010-093----	townland_ga| 	1
CL010-095002-	class|wt	1
CL010-095002-	county|CLARE	1
CL010-095002-	townland_ga|An Chraobhach	1
CL010-109----	class|wt	1
CL010-109----	county|CLARE	1
CL010-109----	townland_ga| 	1
CL010-110----	class|wt	1
CL010-110----	county|CLARE	1
CL010-110----	townland_ga| 	1
CL011-005----	class|wt	1
CL011-005----	county|CLARE	1
CL011-005----	townland_ga| 	1
CL015-001----	class|wt	1
CL015-001----	county|CLARE	1
CL015-001----	townland_ga|Baile Choitín Thuaidh	1
CL015-152----	class|wt	1
CL015-152----	county|CLARE	1
CL015-152----	townland_ga| 	1
CL016-020029-	class|ct	1
CL016-020029-	county|CLARE	1
CL016-020029-	townland_ga|Léim an Eich Thuaidh	1
CL016-020030-	class|wt	1
CL016-020030-	county|CLARE	1
CL016-020030-	townland_ga| 	1
CL016-048----	class|po	1
CL016-048----	county|CLARE	1
CL016-048----	townland_ga| 	1
CL016-055----	class|wt	1
CL016-055----	county|CLARE	1
CL016-055----	townland_ga| 	1
CL016-061001-	class|wt	1
CL016-061001-	county|CLARE	1
CL016-061001-	townland_ga| 	1
CL016-061002-	class|wt	1
CL016-061002-	county|CLARE	1
CL016-061002-	townland_ga| 	1
CL016-061003-	class|wt	1
CL016-061003-	county|CLARE	1
CL016-061003-	townland_ga| 	1
CL016-061004-	class|wt	1
CL016-061004-	county|CLARE	1
CL016-061004-	townland_ga| 	1
CL016-093----	class|wt	1
CL016-093----	county|CLARE	1
CL016-093----	townland_ga| 	1
CL016-130----	class|wt	1
CL016-130----	county|CLARE	1
CL016-130----	townland_ga| 	1
CL016-132----	class|wt	1
CL016-132----	county|CLARE	1
CL016-132----	townland_ga|Léim an Eich Thuaidh	1
CL016-164----	class|wt	1
CL016-164----	county|CLARE	1
CL016-164----	townland_ga| 	1
CL016-170----	class|ct	1
CL016-170----	county|CLARE	1
CL016-170----	townland_ga| 	1
CL017-008002-	class|wt	1
CL017-008002-	county|CLARE	1
CL017-008002-	townland_ga| 	1
CL017-009----	class|wt	1
CL017-009----	county|CLARE	1
CL017-009----	townland_ga| 	1
CL017-012----	class|wt	1
CL017-012----	county|CLARE	1
CL017-012----	townland_ga| 	1
CL017-015002-	class|wt	1
CL017-015002-	county|CLARE	1
CL017-015002-	townland_ga|An Léana	1
CL017-015004-	class|wt	1
CL017-015004-	county|CLARE	1
CL017-015004-	townland_ga|An Léana	1
CL017-015006-	class|wt	1
CL017-015006-	county|CLARE	1
CL017-015006-	townland_ga|An Léana	1
CL017-046----	class|wt	1
CL017-046----	county|CLARE	1
CL017-046----	townland_ga| 	1
CL017-180002-	class|wt	1
CL017-180002-	county|CLARE	1
CL017-180002-	townland_ga| 	1
CL017-180007-	class|ct	1
CL017-180007-	county|CLARE	1
CL017-180007-	townland_ga| 	1
CL017-180008-	class|mu	1
CL017-180008-	county|CLARE	1
CL017-180008-	townland_ga| 	1
CL017-180011-	class|pt	1
CL017-180011-	county|CLARE	1
CL017-180011-	townland_ga| 	1
CL017-180012-	class|wt	1
CL017-180012-	county|CLARE	1
CL017-180012-	townland_ga| 	1
CL017-212----	class|sp	1
CL017-212----	county|CLARE	1
CL017-212----	townland_ga|An Coillín	1
CL017-226----	class|wt	1
CL017-226----	county|CLARE	1
CL017-226----	townland_ga| 	1
CL018-011----	class|po	1
CL018-011----	county|CLARE	1
CL018-011----	townland_ga| 	1
CL018-026----	class|wt	1
CL018-026----	county|CLARE	1
CL018-026----	townland_ga|An Cnoc Maol Thoir	1
CL018-027001-	class|mu	1
CL018-027001-	county|CLARE	1
CL018-027001-	townland_ga|An Cnoc Maol Thoir	1
CL019-004----	class|wt	1
CL019-004----	county|CLARE	1
CL019-004----	townland_ga|An Fhaiche	1
CL019-006----	class|wt	1
CL019-006----	county|CLARE	1
CL019-006----	townland_ga|An Chorrbheitheach	1
CL019-007001-	class|wt	1
CL019-007001-	county|CLARE	1
CL019-007001-	townland_ga|An Chorrbheitheach	1
CL019-021001-	class|wt	1
CL019-021001-	county|CLARE	1
CL019-021001-	townland_ga|An Baile Crom	1
CL019-021002-	class|wt	1
CL019-021002-	county|CLARE	1
CL019-021002-	townland_ga|An Baile Crom	1
CL019-021003-	class|wt	1
CL019-021003-	county|CLARE	1
CL019-021003-	townland_ga|An Baile Crom	1
CL019-025----	class|wt	1
CL019-025----	county|CLARE	1
CL019-025----	townland_ga|Cill an Aonaigh	1
CL019-026----	class|wt	1
CL019-026----	county|CLARE	1
CL019-026----	townland_ga|Cill an Aonaigh	1
CL020-005----	class|wt	1
CL020-005----	county|CLARE	1
CL020-005----	townland_ga|An Cnoc Beitheach	1
CL021-001----	class|wt	1
CL021-001----	county|CLARE	1
CL021-001----	townland_ga|An Cheapach Bhán	1
CL021-002----	class|wt	1
CL021-002----	county|CLARE	1
CL021-002----	townland_ga|An Cheapach Bhán	1
CL021-003----	class|mu	1
CL021-003----	county|CLARE	1
CL021-003----	townland_ga|An Cheapach Bhán	1
CL021-004001-	class|wt	1
CL021-004001-	county|CLARE	1
CL021-004001-	townland_ga| 	1
CL021-014----	class|mu	1
CL021-014----	county|CLARE	1
CL021-014----	townland_ga| 	1
CL023-007----	class|mu	1
CL023-007----	county|CLARE	1
CL023-007----	townland_ga|An Cheallúrach Theas	1
CL024-023----	class|wt	1
CL024-023----	county|CLARE	1
CL024-023----	townland_ga| 	1
CL025-058----	class|mu	1
CL025-058----	county|CLARE	1
CL025-058----	townland_ga| 	1
CL025-189----	class|mu	1
CL025-189----	county|CLARE	1
CL025-189----	townland_ga| 	1
CL025-195----	class|mu	1
CL025-195----	county|CLARE	1
CL025-195----	townland_ga| 	1
CL025-196----	class|wt	1
CL025-196----	county|CLARE	1
CL025-196----	townland_ga| 	1
CL026-015----	class|wt	1
CL026-015----	county|CLARE	1
CL026-015----	townland_ga|Cathair an Phúca	1
CL026-054----	class|wt	1
CL026-054----	county|CLARE	1
CL026-054----	townland_ga|Baile Mhic Connaidh	1
CL026-064----	class|wt	1
CL026-064----	county|CLARE	1
CL026-064----	townland_ga|Baile Uí Ógáin	1
CL026-091----	class|wt	1
CL026-091----	county|CLARE	1
CL026-091----	townland_ga|Cill Bhaodáin Theas	1
CL026-113001-	class|wt	1
CL026-113001-	county|CLARE	1
CL026-113001-	townland_ga|An Reighleán	1
CL026-113003-	class|wt	1
CL026-113003-	county|CLARE	1
CL026-113003-	townland_ga|An Reighleán	1
CL027-018----	class|mu	1
CL027-018----	county|CLARE	1
CL027-018----	townland_ga| 	1
CL027-019001-	class|wt	1
CL027-019001-	county|CLARE	1
CL027-019001-	townland_ga| 	1
CL027-035----	class|wt	1
CL027-035----	county|CLARE	1
CL027-035----	townland_ga|Ros Láithrigh	1
CL028-059----	class|sp	1
CL028-059----	county|CLARE	1
CL028-059----	townland_ga|Tuaim Gréine	1
CL031-005----	class|mu	1
CL031-005----	county|CLARE	1
CL031-005----	townland_ga|An tOileán	1
CL031-032----	class|wt	1
CL031-032----	county|CLARE	1
CL031-032----	townland_ga| 	1
CL031-035----	class|mu	1
CL031-035----	county|CLARE	1
CL031-035----	townland_ga| 	1
CL031-052----	class|sc	1
CL031-052----	county|CLARE	1
CL031-052----	townland_ga| 	1
CL032-003----	class|wt	1
CL032-003----	county|CLARE	1
CL032-003----	townland_ga|An Leacán	1
CL034-030----	class|sr	1
CL034-030----	county|CLARE	1
CL034-030----	townland_ga|Cnoc an Amhra	1
CL034-076----	class|mu	1
CL034-076----	county|CLARE	1
CL034-076----	townland_ga|Dúinín	1
CL034-086----	class|sc	1
CL034-086----	county|CLARE	1
CL034-086----	townland_ga|Cluaine	1
CL034-097----	class|mu	1
CL034-097----	county|CLARE	1
CL034-097----	townland_ga|Tamhnach	1
CL034-137001-	class|wt	1
CL034-137001-	county|CLARE	1
CL034-137001-	townland_ga|Baile Uí Icí	1
CL034-143----	class|he	1
CL034-143----	county|CLARE	1
CL034-143----	townland_ga|Cúngán	1
CL035-002----	class|wt	1
CL035-002----	county|CLARE	1
CL035-002----	townland_ga|Baile Uí Shlatara	1
CL035-006----	class|wt	1
CL035-006----	county|CLARE	1
CL035-006----	townland_ga|Baile Uí Mhaoilín	1
CL035-007----	class|wt	1
CL035-007----	county|CLARE	1
CL035-007----	townland_ga|Baile Uí Mhaoilín	1
CL035-009----	class|wt	1
CL035-009----	county|CLARE	1
CL035-009----	townland_ga|Baile Uí Mhaoilín	1
CL035-010----	class|he	1
CL035-010----	county|CLARE	1
CL035-010----	townland_ga|Baile Uí Mhaoilín	1
CL035-011----	class|wt	1
CL035-011----	county|CLARE	1
CL035-011----	townland_ga|Baile Uí Mhaoilín	1
CL035-015----	class|mu	1
CL035-015----	county|CLARE	1
CL035-015----	townland_ga|Baile Uí Mhaoilín	1
CL035-034----	class|wt	1
CL035-034----	county|CLARE	1
CL035-034----	townland_ga|Lios Mhiacháin	1
CL035-037----	class|po	1
CL035-037----	county|CLARE	1
CL035-037----	townland_ga|An Clochar	1
CL035-047----	class|wt	1
CL035-047----	county|CLARE	1
CL035-047----	townland_ga|Maigh Mór	1
CL035-146----	class|wt	1
CL035-146----	county|CLARE	1
CL035-146----	townland_ga|Lios Coileáin	1
CL036-031----	class|mu	1
CL036-031----	county|CLARE	1
CL036-031----	townland_ga|Cnoc an Leamháin	1
CL036-034----	class|wt	1
CL036-034----	county|CLARE	1
CL036-034----	townland_ga|Móin Ó gCinneá	1
CL036-038----	class|wt	1
CL036-038----	county|CLARE	1
CL036-038----	townland_ga|Cluain Gaoithín Thiar	1
CL036-045----	class|wt	1
CL036-045----	county|CLARE	1
CL036-045----	townland_ga|Baile Uí Mhaoileoin	1
CL037-001----	class|wt	1
CL037-001----	county|CLARE	1
CL037-001----	townland_ga|Béal Coille (Purdon)	1
CL039-024----	class|wt	1
CL039-024----	county|CLARE	1
CL039-024----	townland_ga|Ceathrú na Craoibhe	1
CL039-035----	class|mu	1
CL039-035----	county|CLARE	1
CL039-035----	townland_ga|An Gleann Mór	1
CL042-047----	class|mu	1
CL042-047----	county|CLARE	1
CL042-047----	townland_ga|Baile Uí Mharcacháin	1
CL042-089----	class|sr	1
CL042-089----	county|CLARE	1
CL042-089----	townland_ga|Cnapóg	1
CL042-092----	class|wt	1
CL042-092----	county|CLARE	1
CL042-092----	townland_ga|Cnapóg	1
CL043-014----	class|wt	1
CL043-014----	county|CLARE	1
CL043-014----	townland_ga|Creagán Eoghain	1
CL043-068----	class|wt	1
CL043-068----	county|CLARE	1
CL043-068----	townland_ga|Cnoc na Leapa	1
CL043-113----	class|wt	1
CL043-113----	county|CLARE	1
CL043-113----	townland_ga|Páirc na bhFianna Thuaidh	1
CL044-012----	class|wt	1
CL044-012----	county|CLARE	1
CL044-012----	townland_ga|Cnoc na Gaoithe	1
CL044-013----	class|wt	1
CL044-013----	county|CLARE	1
CL044-013----	townland_ga|An Dromainn	1
CL044-014----	class|wt	1
CL044-014----	county|CLARE	1
CL044-014----	townland_ga|Ard Sceach	1
CL044-015----	class|mu	1
CL044-015----	county|CLARE	1
CL044-015----	townland_ga|Ard Sceach	1
CL044-016----	class|mu	1
CL044-016----	county|CLARE	1
CL044-016----	townland_ga|Ard Sceach	1
CL044-017----	class|wt	1
CL044-017----	county|CLARE	1
CL044-017----	townland_ga|An Barr Bán	1
CL044-018----	class|wt	1
CL044-018----	county|CLARE	1
CL044-018----	townland_ga|Cluain Gaoithín Thiar	1
CL044-027----	class|wt	1
CL044-027----	county|CLARE	1
CL044-027----	townland_ga|Cill Ó gCinnéide	1
CL044-034----	class|wt	1
CL044-034----	county|CLARE	1
CL044-034----	townland_ga|Baile Uí Chaollaí	1
CL044-041----	class|wt	1
CL044-041----	county|CLARE	1
CL044-041----	townland_ga|Gort an Chuilinn	1
CL044-045----	class|wt	1
CL044-045----	county|CLARE	1
CL044-045----	townland_ga|Formaoil Mhór	1
CL044-051----	class|wt	1
CL044-051----	county|CLARE	1
CL044-051----	townland_ga|Cluain Uí Chonaire Mór	1
CL044-053----	class|wt	1
CL044-053----	county|CLARE	1
CL044-053----	townland_ga|Cluain Uí Chonaire Mór	1
CL044-068----	class|wt	1
CL044-068----	county|CLARE	1
CL044-068----	townland_ga|Cnoc Seanbhoithe	1
CL048-060----	class|sp	1
CL048-060----	county|CLARE	1
CL048-060----	townland_ga|Cill Mhichíl	1
CL052-012----	class|mu	1
CL052-012----	county|CLARE	1
CL052-012----	townland_ga|Baile Uí Oisín Beag	1
CL052-038----	class|wt	1
CL052-038----	county|CLARE	1
CL052-038----	townland_ga|Cúil Uí Chathasaigh	1
CL052-039----	class|wt	1
CL052-039----	county|CLARE	1
CL052-039----	townland_ga|An Chlochbhuaile	1
CL053-020----	class|wt	1
CL053-020----	county|CLARE	1
CL053-020----	townland_ga|Ard an tSeagail	1
CL062-008----	class|wt	1
CL062-008----	county|CLARE	1
CL062-008----	townland_ga|Baile an Mhóta	1
CO004-007----	class|sr	1
CO004-007----	county|CORK	1
CO004-007----	townland_ga|Cnoc an tSuain	1
CO004-020----	class|sr	1
CO004-020----	county|CORK	1
CO004-020----	townland_ga|An Chlochbhuaile	1
CO013-011004-	class|sr	1
CO013-011004-	county|CORK	1
CO013-011004-	townland_ga|Cnoc an Chláraigh	1
CO014-076----	class|sr	1
CO014-076----	county|CORK	1
CO014-076----	townland_ga|Gleann Lára	1
CO021-019----	class|sr	1
CO021-019----	county|CORK	1
CO021-019----	townland_ga|Cnoc na nEach Thoir	1
CO021-051001-	class|sr	1
CO021-051001-	county|CORK	1
CO021-051001-	townland_ga|Tuairín Ghleann an Chaoith	1
CO021-060----	class|sc	1
CO021-060----	county|CORK	1
CO021-060----	townland_ga|An Gleann Riabhach	1
CO021-117----	class|sr	1
CO021-117----	county|CORK	1
CO021-117----	townland_ga|Cnoc an Bhóithrín	1
CO021-162----	class|mu	1
CO021-162----	county|CORK	1
CO021-162----	townland_ga|Cnoc an Bhóithrín	1
CO023-128----	class|sp	1
CO023-128----	county|CORK	1
CO023-128----	townland_ga|Goirtín Airde	1
CO024-056002-	class|wt	1
CO024-056002-	county|CORK	1
CO024-056002-	townland_ga|Cill Mhic Léinín	1
CO027-086----	class|wt	1
CO027-086----	county|CORK	1
CO027-086----	townland_ga|Leaba Chaillí	1
CO027-091----	class|wt	1
CO027-091----	county|CORK	1
CO027-091----	townland_ga|Manainn	1
CO029-039001-	class|sr	1
CO029-039001-	county|CORK	1
CO029-039001-	townland_ga|An tIomaire Buí Thiar	1
CO038-061----	class|bb	1
CO038-061----	county|CORK	1
CO038-061----	townland_ga|An Doirín	1
CO039-097----	class|sc	1
CO039-097----	county|CORK	1
CO039-097----	townland_ga|An Gleann Liath	1
CO039-101----	class|sp	1
CO039-101----	county|CORK	1
CO039-101----	townland_ga|An Gleann Liath	1
CO039-242----	class|sc	1
CO039-242----	county|CORK	1
CO039-242----	townland_ga|Cill Míde Thiar	1
CO040-064002-	class|wt	1
CO040-064002-	county|CORK	1
CO040-064002-	townland_ga|Crionna Lua Thuaidh	1
CO041-023001-	class|sr	1
CO041-023001-	county|CORK	1
CO041-023001-	townland_ga|Na Gníomha	1
CO041-084----	class|sr	1
CO041-084----	county|CORK	1
CO041-084----	townland_ga|An Garrán	1
CO041-085----	class|sp	1
CO041-085----	county|CORK	1
CO041-085----	townland_ga|An Garrán	1
CO041-113----	class|sp	1
CO041-113----	county|CORK	1
CO041-113----	townland_ga|Gleann Doimhin	1
CO041-114----	class|sr	1
CO041-114----	county|CORK	1
CO041-114----	townland_ga|Gleann an Charria Thoir	1
CO041-115002-	class|sp	1
CO041-115002-	county|CORK	1
CO041-115002-	townland_ga|Gleann Doimhin	1
CO041-116----	class|wt	1
CO041-116----	county|CORK	1
CO041-116----	townland_ga|Binn na Míol Thoir	1
CO042-056001-	class|wt	1
CO042-056001-	county|CORK	1
CO042-056001-	townland_ga|An tOileán	1
CO042-056002-	class|wt	1
CO042-056002-	county|CORK	1
CO042-056002-	townland_ga|An tOileán	1
CO042-057----	class|sp	1
CO042-057----	county|CORK	1
CO042-057----	townland_ga|An tOileán	1
CO042-074001-	class|sc	1
CO042-074001-	county|CORK	1
CO042-074001-	townland_ga|An Lios Ard	1
CO042-076----	class|sp	1
CO042-076----	county|CORK	1
CO042-076----	townland_ga|An Lios Ard	1
CO044-044003-	class|sp	1
CO044-044003-	county|CORK	1
CO044-044003-	townland_ga|Leaca Bheithe Thoir	1
CO047-003----	class|sr	1
CO047-003----	county|CORK	1
CO047-003----	townland_ga|An Cheapach	1
CO047-005----	class|sc	1
CO047-005----	county|CORK	1
CO047-005----	townland_ga|Cill Míde Thiar	1
CO048-025001-	class|sc	1
CO048-025001-	county|CORK	1
CO048-025001-	townland_ga|An Chlochbhuaile Mhór	1
CO048-029----	class|sr	1
CO048-029----	county|CORK	1
CO048-029----	townland_ga|An Chlochbhuaile Mhór	1
CO048-035001-	class|sp	1
CO048-035001-	county|CORK	1
CO048-035001-	townland_ga|Cnoc na Cille	1
CO048-036----	class|sp	1
CO048-036----	county|CORK	1
CO048-036----	townland_ga|An Chlochbhuaile Bheag	1
CO048-042002-	class|bb	1
CO048-042002-	county|CORK	1
CO048-042002-	townland_ga|Muisire	1
CO048-042003-	class|bb	1
CO048-042003-	county|CORK	1
CO048-042003-	townland_ga|Muisire	1
CO048-042004-	class|bb	1
CO048-042004-	county|CORK	1
CO048-042004-	townland_ga|Muisire	1
CO048-044----	class|sc	1
CO048-044----	county|CORK	1
CO048-044----	townland_ga|An Tulaigh	1
CO048-047001-	class|sr	1
CO048-047001-	county|CORK	1
CO048-047001-	townland_ga|An Tulaigh	1
CO048-056----	class|sc	1
CO048-056----	county|CORK	1
CO048-056----	townland_ga|Baile Uascail	1
CO048-080002-	class|sc	1
CO048-080002-	county|CORK	1
CO048-080002-	townland_ga|An Chlochbhuaile Bheag	1
CO048-086----	class|wt	1
CO048-086----	county|CORK	1
CO048-086----	townland_ga|Cathair Dhúnaigh	1
CO048-089----	class|sr	1
CO048-089----	county|CORK	1
CO048-089----	townland_ga|An Gleanntán Thoir	1
CO048-090----	class|sc	1
CO048-090----	county|CORK	1
CO048-090----	townland_ga|An Gleanntán Thoir	1
CO048-092----	class|wt	1
CO048-092----	county|CORK	1
CO048-092----	townland_ga|An Gleanntán Thoir	1
CO048-093----	class|sc	1
CO048-093----	county|CORK	1
CO048-093----	townland_ga|An Gleanntán Thoir	1
CO048-094----	class|sp	1
CO048-094----	county|CORK	1
CO048-094----	townland_ga|An Gleanntán Thoir	1
CO048-095001-	class|sp	1
CO048-095001-	county|CORK	1
CO048-095001-	townland_ga|Cnoc na Cille	1
CO048-095002-	class|sc	1
CO048-095002-	county|CORK	1
CO048-095002-	townland_ga|Cnoc na Cille	1
CO048-097001-	class|sc	1
CO048-097001-	county|CORK	1
CO048-097001-	townland_ga|Carraig an Ime	1
CO048-165----	class|wt	1
CO048-165----	county|CORK	1
CO048-165----	townland_ga|Carraig an Ime	1
CO048-166----	class|wt	1
CO048-166----	county|CORK	1
CO048-166----	townland_ga|Carraig an Ime	1
CO048-167----	class|sc	1
CO048-167----	county|CORK	1
CO048-167----	townland_ga|An Leaca Dhóite	1
CO048-168----	class|sp	1
CO048-168----	county|CORK	1
CO048-168----	townland_ga|Carraig an Ime	1
CO048-185----	class|bb	1
CO048-185----	county|CORK	1
CO048-185----	townland_ga|Cathair Dhúnaigh	1
CO049-007----	class|sc	1
CO049-007----	county|CORK	1
CO049-007----	townland_ga|Carraig an Ghiolla	1
CO049-008----	class|sc	1
CO049-008----	county|CORK	1
CO049-008----	townland_ga|Carraig an Ghiolla	1
CO049-009----	class|sp	1
CO049-009----	county|CORK	1
CO049-009----	townland_ga|Áth na gCeannaithe	1
CO049-019----	class|sr	1
CO049-019----	county|CORK	1
CO049-019----	townland_ga|Cnoc na gCapall	1
CO049-020----	class|sr	1
CO049-020----	county|CORK	1
CO049-020----	townland_ga|Carraig an Ghiolla	1
CO049-023----	class|sr	1
CO049-023----	county|CORK	1
CO049-023----	townland_ga|Carraig an Ghiolla	1
CO049-029----	class|sc	1
CO049-029----	county|CORK	1
CO049-029----	townland_ga|Ucht Fhoithre	1
CO049-046----	class|wt	1
CO049-046----	county|CORK	1
CO049-046----	townland_ga|Cnoc na nGabhann	1
CO049-066----	class|wt	1
CO049-066----	county|CORK	1
CO049-066----	townland_ga|Ráth an Loisc	1
CO049-067----	class|wt	1
CO049-067----	county|CORK	1
CO049-067----	townland_ga|Cnoc na gCapall	1
CO050-008----	class|sc	1
CO050-008----	county|CORK	1
CO050-008----	townland_ga|An Gabhlán Thuaidh	1
CO050-009----	class|sr	1
CO050-009----	county|CORK	1
CO050-009----	townland_ga|Binn na Leacht	1
CO050-057001-	class|sr	1
CO050-057001-	county|CORK	1
CO050-057001-	townland_ga|Barr an Chárthainn	1
CO050-061001-	class|sc	1
CO050-061001-	county|CORK	1
CO050-061001-	townland_ga|Cill Martan Íochtarach	1
CO050-073001-	class|sp	1
CO050-073001-	county|CORK	1
CO050-073001-	townland_ga|Mín an Chónaí	1
CO050-073002-	class|sp	1
CO050-073002-	county|CORK	1
CO050-073002-	townland_ga|Mín an Chónaí	1
CO050-077----	class|mu	1
CO050-077----	county|CORK	1
CO050-077----	townland_ga|Cúil Leice	1
CO051-018----	class|sc	1
CO051-018----	county|CORK	1
CO051-018----	townland_ga|Cnocán Tóite Thuaidh	1
CO051-043001-	class|sc	1
CO051-043001-	county|CORK	1
CO051-043001-	townland_ga|Na Plucáin Thuaidh	1
CO051-043003-	class|sr	1
CO051-043003-	county|CORK	1
CO051-043003-	townland_ga|Na Plucáin Thuaidh	1
CO051-103----	class|sc	1
CO051-103----	county|CORK	1
CO051-103----	townland_ga|Greanach Theas	1
CO051-140----	class|mu	1
CO051-140----	county|CORK	1
CO051-140----	townland_ga|An Gleann Cam	1
CO051-153----	class|sc	1
CO051-153----	county|CORK	1
CO051-153----	townland_ga|An Drom Garbh Theas	1
CO051-161----	class|sr	1
CO051-161----	county|CORK	1
CO051-161----	townland_ga|Ladhar Fheadán	1
CO051-178----	class|sp	1
CO051-178----	county|CORK	1
CO051-178----	townland_ga|Cnocán Tóite Thuaidh	1
CO052-020----	class|wt	1
CO052-020----	county|CORK	1
CO052-020----	townland_ga|Gort an tSeagail Thoir	1
CO052-048----	class|sr	1
CO052-048----	county|CORK	1
CO052-048----	townland_ga|Baile an Duíonaisc	1
CO053-064----	class|sp	1
CO053-064----	county|CORK	1
CO053-064----	townland_ga|Cnoicín na gCruach	1
CO054-007002-	class|wt	1
CO054-007002-	county|CORK	1
CO054-007002-	townland_ga|Ráth an Fhiaigh	1
CO054-040----	class|sr	1
CO054-040----	county|CORK	1
CO054-040----	townland_ga|Currach Dhiarmada	1
CO054-061----	class|sr	1
CO054-061----	county|CORK	1
CO054-061----	townland_ga|An Garraí Dubh	1
CO058-004002-	class|sr	1
CO058-004002-	county|CORK	1
CO058-007----	class|sp	1
CO058-007----	county|CORK	1
CO058-022002-	class|sp	1
CO058-022002-	county|CORK	1
CO058-023----	class|mu	1
CO058-023----	county|CORK	1
CO058-029----	class|sc	1
CO058-029----	county|CORK	1
CO058-060----	class|wt	1
CO058-060----	county|CORK	1
CO058-075----	class|wt	1
CO058-075----	county|CORK	1
CO058-076----	class|wt	1
CO058-076----	county|CORK	1
CO059-011----	class|sc	1
CO059-011----	county|CORK	1
CO059-011----	townland_ga|Carraig an Fheartáin	1
CO059-013----	class|wt	1
CO059-013----	county|CORK	1
CO059-013----	townland_ga|Carraig an Fheartáin	1
CO059-014002-	class|sr	1
CO059-014002-	county|CORK	1
CO059-014002-	townland_ga|Carraig an Fheartáin	1
CO059-015001-	class|sr	1
CO059-015001-	county|CORK	1
CO059-015001-	townland_ga|An Chabrach	1
CO059-015002-	class|sc	1
CO059-015002-	county|CORK	1
CO059-015002-	townland_ga|An Chabrach	1
CO059-018----	class|sr	1
CO059-018----	county|CORK	1
CO059-018----	townland_ga|An Chabrach	1
CO059-020----	class|sp	1
CO059-020----	county|CORK	1
CO059-020----	townland_ga|Cnoc Ráithín	1
CO059-023001-	class|sp	1
CO059-023001-	county|CORK	1
CO059-023001-	townland_ga|Cnoc Ráithín	1
CO059-023002-	class|sc	1
CO059-023002-	county|CORK	1
CO059-023002-	townland_ga|Cnoc Ráithín	1
CO059-023006-	class|sp	1
CO059-023006-	county|CORK	1
CO059-023006-	townland_ga|Cnoc Ráithín	1
CO059-028001-	class|wt	1
CO059-028001-	county|CORK	1
CO059-028001-	townland_ga|An Leaca Dhubh	1
CO059-033----	class|sp	1
CO059-033----	county|CORK	1
CO059-033----	townland_ga|Cois Labhra	1
CO059-044----	class|sr	1
CO059-044----	county|CORK	1
CO059-044----	townland_ga|Cúil an Chuasáin	1
CO059-069----	class|sp	1
CO059-069----	county|CORK	1
CO059-069----	townland_ga|Clais Mhig Uidhir	1
CO059-087001-	class|sc	1
CO059-087001-	county|CORK	1
CO059-087001-	townland_ga|Gort an Bhranair	1
CO059-087002-	class|sp	1
CO059-087002-	county|CORK	1
CO059-087002-	townland_ga|Gort an Bhranair	1
CO059-092----	class|wt	1
CO059-092----	county|CORK	1
CO059-092----	townland_ga|Cathair Bhioráin	1
CO059-102001-	class|wt	1
CO059-102001-	county|CORK	1
CO059-102001-	townland_ga|An Screathan Ard	1
CO059-151----	class|sc	1
CO059-151----	county|CORK	1
CO059-151----	townland_ga|Cill Bholltrach	1
CO059-187----	class|wt	1
CO059-187----	county|CORK	1
CO059-187----	townland_ga|An Leaca Dhubh	1
CO060-007----	class|wt	1
CO060-007----	county|CORK	1
CO060-007----	townland_ga|Cnoc na gCapall	1
CO060-019----	class|sp	1
CO060-019----	county|CORK	1
CO060-019----	townland_ga|Baile na Graí Thoir	1
CO060-025002-	class|sr	1
CO060-025002-	county|CORK	1
CO060-025002-	townland_ga|Na Dúiníní	1
CO060-042----	class|sc	1
CO060-042----	county|CORK	1
CO060-042----	townland_ga|Ucht Fhoithre	1
CO060-068----	class|sp	1
CO060-068----	county|CORK	1
CO060-068----	townland_ga|An Bán Mór	1
CO060-077----	class|sp	1
CO060-077----	county|CORK	1
CO060-077----	townland_ga|Cathair Bharrúil	1
CO060-079001-	class|wt	1
CO060-079001-	county|CORK	1
CO060-079001-	townland_ga|Cathair Bharrúil	1
CO060-079003-	class|wt	1
CO060-079003-	county|CORK	1
CO060-079003-	townland_ga|Cathair Bharrúil	1
CO060-082----	class|sp	1
CO060-082----	county|CORK	1
CO060-082----	townland_ga|Currach an Mhadra	1
CO060-115----	class|wt	1
CO060-115----	county|CORK	1
CO060-115----	townland_ga|Cill Bheircheirt	1
CO060-117----	class|wt	1
CO060-117----	county|CORK	1
CO060-117----	townland_ga|Cill Bheircheirt	1
CO060-127----	class|wt	1
CO060-127----	county|CORK	1
CO060-127----	townland_ga|An Cnoc Glas	1
CO060-137----	class|sc	1
CO060-137----	county|CORK	1
CO060-137----	townland_ga|An Leathfhearann Caol	1
CO060-143----	class|sr	1
CO060-143----	county|CORK	1
CO060-143----	townland_ga|Léad an Mhuilinn	1
CO060-148----	class|sp	1
CO060-148----	county|CORK	1
CO060-148----	townland_ga|Baile Uí Mhongáin	1
CO060-152----	class|sp	1
CO060-152----	county|CORK	1
CO060-152----	townland_ga|An Chúil Gharbh	1
CO060-154----	class|sr	1
CO060-154----	county|CORK	1
CO060-154----	townland_ga|An Chúil Gharbh	1
CO060-196----	class|bb	1
CO060-196----	county|CORK	1
CO060-196----	townland_ga|Carraig an Ois	1
CO060-208----	class|sp	1
CO060-208----	county|CORK	1
CO060-208----	townland_ga|Cill Bheircheirt	1
CO061-001----	class|sc	1
CO061-001----	county|CORK	1
CO061-001----	townland_ga|Réileán	1
CO061-016----	class|sp	1
CO061-016----	county|CORK	1
CO061-016----	townland_ga|Cill Chuilinn Theas	1
CO061-084----	class|sc	1
CO061-084----	county|CORK	1
CO061-084----	townland_ga|An Leacainín	1
CO062-029----	class|sp	1
CO062-029----	county|CORK	1
CO062-029----	townland_ga|An Caisleán Nua	1
CO062-130----	class|sp	1
CO062-130----	county|CORK	1
CO062-130----	townland_ga|An Lochán Thoir	1
CO062-182----	class|sp	1
CO062-182----	county|CORK	1
CO062-182----	townland_ga|Baile Ghiobúin	1
CO062-187----	class|sr	1
CO062-187----	county|CORK	1
CO062-187----	townland_ga|Currach na Leacht	1
CO063-011----	class|sp	1
CO063-011----	county|CORK	1
CO063-011----	townland_ga|Baile an Bharraigh	1
CO063-021----	class|sp	1
CO063-021----	county|CORK	1
CO063-021----	townland_ga|Baile Hoiste	1
CO068-005----	class|wt	1
CO068-005----	county|CORK	1
CO069-003----	class|wt	1
CO069-003----	county|CORK	1
CO069-008----	class|sr	1
CO069-008----	county|CORK	1
CO069-013----	class|sc	1
CO069-013----	county|CORK	1
CO069-014----	class|wt	1
CO069-014----	county|CORK	1
CO069-015----	class|sc	1
CO069-015----	county|CORK	1
CO069-020----	class|sp	1
CO069-020----	county|CORK	1
CO069-026----	class|sc	1
CO069-026----	county|CORK	1
CO069-027----	class|sr	1
CO069-027----	county|CORK	1
CO069-029----	class|wt	1
CO069-029----	county|CORK	1
CO069-069----	class|wt	1
CO069-069----	county|CORK	1
CO069-076----	class|sc	1
CO069-076----	county|CORK	1
CO069-090----	class|wt	1
CO069-090----	county|CORK	1
CO069-093----	class|wt	1
CO069-093----	county|CORK	1
CO070-016----	class|sc	1
CO070-016----	county|CORK	1
CO070-016----	townland_ga|Lios an Chraosaigh	1
CO070-035----	class|sc	1
CO070-035----	county|CORK	1
CO070-035----	townland_ga|Carraig an Phúca	1
CO070-054----	class|sp	1
CO070-054----	county|CORK	1
CO070-091----	class|sr	1
CO070-091----	county|CORK	1
CO070-091----	townland_ga|Gort Uí Laocha	1
CO070-092----	class|sc	1
CO070-092----	county|CORK	1
CO070-092----	townland_ga|Carraig an Eidhinn	1
CO070-108----	class|sc	1
CO070-108----	county|CORK	1
CO070-108----	townland_ga|Tír Ghé	1
CO071-008----	class|wt	1
CO071-008----	county|CORK	1
CO071-008----	townland_ga|An Drom Dubh	1
CO071-014----	class|sr	1
CO071-014----	county|CORK	1
CO071-014----	townland_ga|An Bhéillic	1
CO071-020----	class|wt	1
CO071-020----	county|CORK	1
CO071-020----	townland_ga|An Bhéillic	1
CO071-034001-	class|sp	1
CO071-034001-	county|CORK	1
CO071-034001-	townland_ga|Cnoc an Chrochaire	1
CO071-063----	class|sp	1
CO071-063----	county|CORK	1
CO071-063----	townland_ga|Carraig an Droichid	1
CO071-068----	class|sc	1
CO071-068----	county|CORK	1
CO071-068----	townland_ga|Cnoc an Mhullaigh	1
CO071-100----	class|sc	1
CO071-100----	county|CORK	1
CO071-100----	townland_ga|Ros na Scalp	1
CO071-104----	class|sp	1
CO071-104----	county|CORK	1
CO071-104----	townland_ga|An Cam	1
CO071-106----	class|sc	1
CO071-106----	county|CORK	1
CO071-106----	townland_ga|Cnoc an Mhullaigh	1
CO071-109----	class|sp	1
CO071-109----	county|CORK	1
CO071-109----	townland_ga|Bán an Teampaill	1
CO071-115----	class|sp	1
CO071-115----	county|CORK	1
CO071-115----	townland_ga|An Seandaingean Thiar	1
CO072-061----	class|sr	1
CO072-061----	county|CORK	1
CO072-061----	townland_ga|An Rú Beag	1
CO072-068----	class|sp	1
CO072-068----	county|CORK	1
CO072-068----	townland_ga|An Rú Mór	1
CO080-005----	class|wt	1
CO080-005----	county|CORK	1
CO080-008----	class|wt	1
CO080-008----	county|CORK	1
CO080-009----	class|wt	1
CO080-009----	county|CORK	1
CO080-019----	class|wt	1
CO080-019----	county|CORK	1
CO080-024----	class|sp	1
CO080-024----	county|CORK	1
CO081-010----	class|sr	1
CO081-010----	county|CORK	1
CO081-010----	townland_ga|Tír na Spideoige	1
CO081-029----	class|wt	1
CO081-029----	county|CORK	1
CO081-029----	townland_ga|Doire Ghort na Cloiche	1
CO081-047----	class|wt	1
CO081-047----	county|CORK	1
CO081-047----	townland_ga|Gort na Carraige	1
CO081-048----	class|bb	1
CO081-048----	county|CORK	1
CO081-048----	townland_ga|Cuar an Ghrianáin	1
CO082-005----	class|sr	1
CO082-005----	county|CORK	1
CO082-005----	townland_ga|Cluain Siabhra Beag	1
CO082-010----	class|wt	1
CO082-010----	county|CORK	1
CO082-010----	townland_ga|Inse na Naomh	1
CO082-015----	class|sr	1
CO082-015----	county|CORK	1
CO082-015----	townland_ga|Drom Cara Thuaidh	1
CO082-047----	class|wt	1
CO082-047----	county|CORK	1
CO082-047----	townland_ga|An Chúil Dorcha	1
CO082-056----	class|sr	1
CO082-056----	county|CORK	1
CO082-056----	townland_ga|Ros na Coille	1
CO082-066----	class|sc	1
CO082-066----	county|CORK	1
CO082-066----	townland_ga|Cúil an Chliabháin	1
CO082-080----	class|wt	1
CO082-080----	county|CORK	1
CO082-080----	townland_ga|An Cnocán	1
CO082-084001-	class|wt	1
CO082-084001-	county|CORK	1
CO082-084001-	townland_ga|An Cnocán	1
CO082-084002-	class|wt	1
CO082-084002-	county|CORK	1
CO082-084002-	townland_ga|An Cnocán	1
CO082-102----	class|wt	1
CO082-102----	county|CORK	1
CO082-102----	townland_ga|An Charraig Bhuí	1
CO082-103----	class|wt	1
CO082-103----	county|CORK	1
CO082-103----	townland_ga|Cúil Dónaill	1
CO083-032----	class|sp	1
CO083-032----	county|CORK	1
CO083-032----	townland_ga|An Garrán Liath	1
CO083-035----	class|bb	1
CO083-035----	county|CORK	1
CO083-035----	townland_ga|Ard na nIníon	1
CO083-059001-	class|bb	1
CO083-059001-	county|CORK	1
CO083-059001-	townland_ga|Baile Ó Michíl	1
CO083-061002-	class|bb	1
CO083-061002-	county|CORK	1
CO083-061002-	townland_ga|Cloch Mochua	1
CO083-077----	class|sp	1
CO083-077----	county|CORK	1
CO083-077----	townland_ga|An Cnocán	1
CO083-085002-	class|sc	1
CO083-085002-	county|CORK	1
CO083-085002-	townland_ga|Cnoc na nAdharc	1
CO083-109002-	class|sc	1
CO083-109002-	county|CORK	1
CO083-109002-	townland_ga|An Chorrbheitheach	1
CO083-110----	class|sc	1
CO083-110----	county|CORK	1
CO083-110----	townland_ga|An Chorrbheitheach	1
CO083-112001-	class|wt	1
CO083-112001-	county|CORK	1
CO083-112001-	townland_ga|Leacht Néill	1
CO083-117----	class|sc	1
CO083-117----	county|CORK	1
CO083-117----	townland_ga|Ard an Chloig Uachtarach	1
CO083-118----	class|sc	1
CO083-118----	county|CORK	1
CO083-118----	townland_ga|Ard an Chloig Uachtarach	1
CO084-027----	class|sp	1
CO084-027----	county|CORK	1
CO084-027----	townland_ga|Garraí Hoiste	1
CO084-036----	class|sp	1
CO084-036----	county|CORK	1
CO084-036----	townland_ga|Garrán na mBodach	1
CO084-111----	class|bb	1
CO084-111----	county|CORK	1
CO084-111----	townland_ga|Cnoc an Phréacháin	1
CO090-001----	class|wt	1
CO090-001----	county|CORK	1
CO090-001----	townland_ga|An Tuairín	1
CO090-006001-	class|sr	1
CO090-006001-	county|CORK	1
CO090-006001-	townland_ga|Ceann Rúscach	1
CO090-006002-	class|sc	1
CO090-006002-	county|CORK	1
CO090-006002-	townland_ga|Ceann Rúscach	1
CO090-007001-	class|sr	1
CO090-007001-	county|CORK	1
CO090-007001-	townland_ga|Ceann Rúscach	1
CO090-007002-	class|bb	1
CO090-007002-	county|CORK	1
CO090-007002-	townland_ga|An Currach Caol	1
CO090-016001-	class|bb	1
CO090-016001-	county|CORK	1
CO090-016001-	townland_ga|Rocham	1
CO090-018----	class|wt	1
CO090-018----	county|CORK	1
CO090-018----	townland_ga|Gort na Caillí	1
CO090-021001-	class|wt	1
CO090-021001-	county|CORK	1
CO090-021001-	townland_ga|Ceann Rúscach	1
CO090-021002-	class|wt	1
CO090-021002-	county|CORK	1
CO090-021002-	townland_ga|Ceann Rúscach	1
CO091-002----	class|wt	1
CO091-002----	county|CORK	1
CO091-002----	townland_ga|Doire Chloichir	1
CO091-010007-	class|wt	1
CO091-010007-	county|CORK	1
CO091-010007-	townland_ga|Cuanán	1
CO091-013----	class|wt	1
CO091-013----	county|CORK	1
CO091-013----	townland_ga|Com an Chnámhlaigh	1
CO091-014003-	class|wt	1
CO091-014003-	county|CORK	1
CO091-014003-	townland_ga|Com an Chnámhlaigh	1
CO091-016003-	class|bb	1
CO091-016003-	county|CORK	1
CO091-016003-	townland_ga|Doire Ó gCorráin	1
CO092-001001-	class|sc	1
CO092-001001-	county|CORK	1
CO092-001001-	townland_ga|Doire na Fuinseann	1
CO092-001002-	class|bb	1
CO092-001002-	county|CORK	1
CO092-001002-	townland_ga|Doire na Fuinseann	1
CO092-004----	class|sc	1
CO092-004----	county|CORK	1
CO092-004----	townland_ga|An Cheapach Bhuí Bheag	1
CO092-006----	class|sp	1
CO092-006----	county|CORK	1
CO092-006----	townland_ga|An Cheapach Bhuí Bheag	1
CO092-013002-	class|sr	1
CO092-013002-	county|CORK	1
CO092-013002-	townland_ga|Doire na Graí	1
CO092-014----	class|wt	1
CO092-014----	county|CORK	1
CO092-016001-	class|sc	1
CO092-016001-	county|CORK	1
CO092-016001-	townland_ga|An tOileán	1
CO092-019----	class|sr	1
CO092-019----	county|CORK	1
CO092-019----	townland_ga|Macha na Sailí	1
CO092-035----	class|sp	1
CO092-035----	county|CORK	1
CO092-035----	townland_ga|Gort Luachra	1
CO092-044----	class|sp	1
CO092-044----	county|CORK	1
CO092-044----	townland_ga|Cathair Mhuicí	1
CO092-051----	class|sc	1
CO092-051----	county|CORK	1
CO092-051----	townland_ga|An Cuasán	1
CO092-066001-	class|sp	1
CO092-066001-	county|CORK	1
CO092-066001-	townland_ga|Na Dúiníní	1
CO092-067----	class|sp	1
CO092-067----	county|CORK	1
CO092-067----	townland_ga|Na Dúiníní	1
CO093-001----	class|wt	1
CO093-001----	county|CORK	1
CO093-003----	class|wt	1
CO093-003----	county|CORK	1
CO093-006----	class|wt	1
CO093-006----	county|CORK	1
CO093-007----	class|wt	1
CO093-007----	county|CORK	1
CO093-008----	class|wt	1
CO093-008----	county|CORK	1
CO093-009----	class|wt	1
CO093-009----	county|CORK	1
CO093-013----	class|sc	1
CO093-013----	county|CORK	1
CO093-013----	townland_ga|Cúil an Mhóinteáin	1
CO093-014----	class|sp	1
CO093-014----	county|CORK	1
CO093-015----	class|wt	1
CO093-015----	county|CORK	1
CO093-017----	class|wt	1
CO093-017----	county|CORK	1
CO093-017----	townland_ga|Móin an Mhadra	1
CO093-018----	class|sr	1
CO093-018----	county|CORK	1
CO093-018----	townland_ga|Móin an Mhadra	1
CO093-019----	class|wt	1
CO093-019----	county|CORK	1
CO093-022002-	class|wt	1
CO093-022002-	county|CORK	1
CO093-022002-	townland_ga|An Charraig Dhaingean	1
CO093-024----	class|sp	1
CO093-024----	county|CORK	1
CO093-024----	townland_ga|Seithe Bheag	1
CO093-043----	class|sr	1
CO093-043----	county|CORK	1
CO093-043----	townland_ga|Fearann na hIníne	1
CO093-052002-	class|wt	1
CO093-052002-	county|CORK	1
CO093-052002-	townland_ga|Inse an Choirce	1
CO093-062----	class|wt	1
CO093-062----	county|CORK	1
CO093-062----	townland_ga|Caoinráth	1
CO093-076----	class|wt	1
CO093-076----	county|CORK	1
CO094-005----	class|wt	1
CO094-005----	county|CORK	1
CO094-005----	townland_ga|Maigh Muice	1
CO094-013----	class|wt	1
CO094-013----	county|CORK	1
CO094-013----	townland_ga|Clais an Bhriodáin	1
CO094-019----	class|bb	1
CO094-019----	county|CORK	1
CO094-019----	townland_ga|Clais an Bhriodáin	1
CO094-022----	class|wt	1
CO094-022----	county|CORK	1
CO094-022----	townland_ga|Sliabh Eoghain	1
CO094-045----	class|sp	1
CO094-045----	county|CORK	1
CO094-045----	townland_ga|Seanlárach	1
CO094-046----	class|sc	1
CO094-046----	county|CORK	1
CO094-064----	class|wt	1
CO094-064----	county|CORK	1
CO094-064----	townland_ga|An Caipín Thoir	1
CO094-085----	class|sr	1
CO094-085----	county|CORK	1
CO094-085----	townland_ga|Beithe an Ghalláin	1
CO094-089----	class|sp	1
CO094-089----	county|CORK	1
CO094-089----	townland_ga|Cinn Eich	1
CO094-130001-	class|bb	1
CO094-130001-	county|CORK	1
CO094-130001-	townland_ga|An Cnocán Riabhach	1
CO094-130002-	class|sp	1
CO094-130002-	county|CORK	1
CO094-130002-	townland_ga|An Cnocán Riabhach	1
CO094-130003-	class|bb	1
CO094-130003-	county|CORK	1
CO094-130003-	townland_ga|An Cnocán Riabhach	1
CO095-016----	class|sc	1
CO095-016----	county|CORK	1
CO095-016----	townland_ga|Cnoc na nAdharc	1
CO095-053----	class|bb	1
CO095-053----	county|CORK	1
CO095-053----	townland_ga|Lios Uí Ruairc	1
CO095-079----	class|wt	1
CO095-079----	county|CORK	1
CO095-079----	townland_ga|An Bhiolrach Íochtarach	1
CO096-009----	class|bb	1
CO096-009----	county|CORK	1
CO096-009----	townland_ga|An Garrán	1
CO096-012----	class|bb	1
CO096-012----	county|CORK	1
CO096-012----	townland_ga|Caisleán na Leacht	1
CO096-015----	class|sr	1
CO096-015----	county|CORK	1
CO096-015----	townland_ga|Caisleán na Leacht	1
CO096-067----	class|bb	1
CO096-067----	county|CORK	1
CO096-067----	townland_ga|Cnoc an Ruiséalaigh	1
CO098-040----	class|sr	1
CO098-040----	county|CORK	1
CO098-040----	townland_ga|Baile Phiarais	1
CO099-102----	class|sp	1
CO099-102----	county|CORK	1
CO099-102----	townland_ga|An Fhaiche Liath	1
CO101-001----	class|wt	1
CO101-001----	county|CORK	1
CO101-001----	townland_ga|Cill Chaitiairn	1
CO101-009----	class|sp	1
CO101-009----	county|CORK	1
CO101-009----	townland_ga|Na hAoraí	1
CO102-004002-	class|sp	1
CO102-004002-	county|CORK	1
CO102-004002-	townland_ga|Dhá Dhrom Amuigh	1
CO102-004006-	class|bb	1
CO102-004006-	county|CORK	1
CO102-004006-	townland_ga|Dhá Dhrom Amuigh	1
CO102-006001-	class|sc	1
CO102-006001-	county|CORK	1
CO102-006001-	townland_ga|Dhá Dhrom Amuigh	1
CO102-009003-	class|sp	1
CO102-009003-	county|CORK	1
CO102-009003-	townland_ga|Dhá Dhrom Amuigh	1
CO102-010----	class|sc	1
CO102-010----	county|CORK	1
CO102-010----	townland_ga|Dhá Dhrom Amuigh	1
CO102-011----	class|bb	1
CO102-011----	county|CORK	1
CO102-011----	townland_ga|Dhá Dhrom Amuigh	1
CO102-017----	class|wt	1
CO102-017----	county|CORK	1
CO102-017----	townland_ga|Both Mhicil	1
CO102-030007-	class|sp	1
CO102-030007-	county|CORK	1
CO102-030007-	townland_ga|Na Barraí	1
CO102-040002-	class|bb	1
CO102-040002-	county|CORK	1
CO102-040002-	townland_ga|Dhá Dhrom Amuigh	1
CO103-014----	class|wt	1
CO103-014----	county|CORK	1
CO103-014----	townland_ga|Baile na hAbha	1
CO103-017----	class|sr	1
CO103-017----	county|CORK	1
CO103-017----	townland_ga|Cill Cháscann	1
CO103-018----	class|sp	1
CO103-018----	county|CORK	1
CO103-018----	townland_ga|An Chlais Dubh	1
CO103-031----	class|sp	1
CO103-031----	county|CORK	1
CO103-031----	townland_ga|Cill Cháscann	1
CO104-005----	class|wt	1
CO104-005----	county|CORK	1
CO104-005----	townland_ga|Liatroim Beag	1
CO104-027001-	class|sc	1
CO104-027001-	county|CORK	1
CO104-027001-	townland_ga|Caol an Ghabhláin	1
CO104-027002-	class|bb	1
CO104-027002-	county|CORK	1
CO104-027002-	townland_ga|Caol an Ghabhláin	1
CO105-003----	class|sc	1
CO105-003----	county|CORK	1
CO105-003----	townland_ga|An Drom Caol	1
CO105-004001-	class|bb	1
CO105-004001-	county|CORK	1
CO105-004001-	townland_ga|An Muileann Beag	1
CO105-004002-	class|bb	1
CO105-004002-	county|CORK	1
CO105-004002-	townland_ga|An Muileann Beag	1
CO105-004003-	class|bb	1
CO105-004003-	county|CORK	1
CO105-004003-	townland_ga|An Muileann Beag	1
CO105-004004-	class|sc	1
CO105-004004-	county|CORK	1
CO105-004004-	townland_ga|An Muileann Beag	1
CO105-004005-	class|sp	1
CO105-004005-	county|CORK	1
CO105-004005-	townland_ga|An Muileann Beag	1
CO105-007----	class|sp	1
CO105-007----	county|CORK	1
CO105-007----	townland_ga|Trá na Madraí	1
CO105-023----	class|wt	1
CO105-023----	county|CORK	1
CO105-023----	townland_ga|An Chrosóg	1
CO105-029001-	class|sc	1
CO105-029001-	county|CORK	1
CO105-029001-	townland_ga|Ceapach na bPoll	1
CO105-029002-	class|bb	1
CO105-029002-	county|CORK	1
CO105-029002-	townland_ga|Ceapach na bPoll	1
CO105-053----	class|bb	1
CO105-053----	county|CORK	1
CO105-053----	townland_ga|An Drom Caol	1
CO105-056----	class|sp	1
CO105-056----	county|CORK	1
CO105-056----	townland_ga|An Drom Garbh	1
CO105-057----	class|mu	1
CO105-057----	county|CORK	1
CO105-057----	townland_ga|Ard an Turais Mór	1
CO106-005001-	class|sc	1
CO106-005001-	county|CORK	1
CO106-005001-	townland_ga|Na Bruíne Móra	1
CO106-005002-	class|bb	1
CO106-005002-	county|CORK	1
CO106-005002-	townland_ga|Na Bruíne Móra	1
CO106-005003-	class|bb	1
CO106-005003-	county|CORK	1
CO106-005003-	townland_ga|Na Bruíne Móra	1
CO106-005004-	class|bb	1
CO106-005004-	county|CORK	1
CO106-005004-	townland_ga|Na Bruíne Móra	1
CO106-005005-	class|bb	1
CO106-005005-	county|CORK	1
CO106-005005-	townland_ga|Na Bruíne Móra	1
CO106-006001-	class|sc	1
CO106-006001-	county|CORK	1
CO106-006001-	townland_ga|An Chaolchoill	1
CO106-006002-	class|sp	1
CO106-006002-	county|CORK	1
CO106-006002-	townland_ga|An Chaolchoill	1
CO106-008----	class|sr	1
CO106-008----	county|CORK	1
CO106-008----	townland_ga|Ardráth	1
CO106-014001-	class|sc	1
CO106-014001-	county|CORK	1
CO106-014001-	townland_ga|Macha na Cléibhe	1
CO106-016001-	class|sc	1
CO106-016001-	county|CORK	1
CO106-016001-	townland_ga|Macha na Cléibhe	1
CO106-016002-	class|bb	1
CO106-016002-	county|CORK	1
CO106-016002-	townland_ga|Macha na Cléibhe	1
CO106-016003-	class|bb	1
CO106-016003-	county|CORK	1
CO106-016003-	townland_ga|Macha na Cléibhe	1
CO106-019----	class|sc	1
CO106-019----	county|CORK	1
CO106-019----	townland_ga|Doire Uí Earcáin	1
CO106-034----	class|wt	1
CO106-034----	county|CORK	1
CO106-034----	townland_ga|Barr na nGabhlán Thiar	1
CO106-035----	class|sp	1
CO106-035----	county|CORK	1
CO106-035----	townland_ga|An Com Liath Thoir	1
CO106-039----	class|sr	1
CO106-039----	county|CORK	1
CO106-039----	townland_ga|An Com Liath Thoir	1
CO106-061----	class|wt	1
CO106-061----	county|CORK	1
CO106-061----	townland_ga|Liataire Uachtarach	1
CO106-062----	class|wt	1
CO106-062----	county|CORK	1
CO106-062----	townland_ga|Ardráth	1
CO106-078----	class|sp	1
CO106-078----	county|CORK	1
CO106-078----	townland_ga|Drom Clúmhach Thiar	1
CO107-008----	class|sr	1
CO107-008----	county|CORK	1
CO107-008----	townland_ga|Drom Drastail	1
CO107-011002-	class|sr	1
CO107-011002-	county|CORK	1
CO107-011002-	townland_ga|Doirín na Cathrach	1
CO107-012----	class|sc	1
CO107-012----	county|CORK	1
CO107-012----	townland_ga|An Inse Riabhach	1
CO107-024----	class|sc	1
CO107-024----	county|CORK	1
CO107-025----	class|sr	1
CO107-025----	county|CORK	1
CO107-026----	class|sp	1
CO107-026----	county|CORK	1
CO107-040----	class|sp	1
CO107-040----	county|CORK	1
CO107-040----	townland_ga|An Cladach	1
CO107-067----	class|sr	1
CO107-067----	county|CORK	1
CO107-067----	townland_ga|Drom Drastail	1
CO108-011----	class|sp	1
CO108-011----	county|CORK	1
CO108-011----	townland_ga|Tuaim	1
CO108-023----	class|sp	1
CO108-023----	county|CORK	1
CO108-023----	townland_ga|Baile Uí Shealbhaigh	1
CO109-101----	class|mu	1
CO109-101----	county|CORK	1
CO109-101----	townland_ga|An Corrán	1
CO110-045----	class|bb	1
CO110-045----	county|CORK	1
CO110-045----	townland_ga|Géagánach	1
CO114-002----	class|sc	1
CO114-002----	county|CORK	1
CO114-002----	townland_ga|An Chuailleach	1
CO114-008----	class|sp	1
CO114-008----	county|CORK	1
CO114-008----	townland_ga|Na hAoraí	1
CO114-010001-	class|sr	1
CO114-010001-	county|CORK	1
CO114-010001-	townland_ga|Na hAoraí	1
CO114-010002-	class|sp	1
CO114-010002-	county|CORK	1
CO114-010002-	townland_ga|Na hAoraí	1
CO114-035002-	class|wt	1
CO114-035002-	county|CORK	1
CO114-035002-	townland_ga|Tír na hAidhleann	1
CO114-038001-	class|bb	1
CO114-038001-	county|CORK	1
CO114-038001-	townland_ga|Tír na hAidhleann	1
CO114-038002-	class|sp	1
CO114-038002-	county|CORK	1
CO114-038002-	townland_ga|Tír na hAidhleann	1
CO114-040001-	class|bb	1
CO114-040001-	county|CORK	1
CO114-040001-	townland_ga|Cluain na Glaschon	1
CO114-040002-	class|sr	1
CO114-040002-	county|CORK	1
CO114-040002-	townland_ga|Cluain na Glaschon	1
CO114-040003-	class|bb	1
CO114-040003-	county|CORK	1
CO114-040003-	townland_ga|Cluain na Glaschon	1
CO114-042----	class|sr	1
CO114-042----	county|CORK	1
CO114-042----	townland_ga|Fionnachadh	1
CO114-046001-	class|bb	1
CO114-046001-	county|CORK	1
CO114-046001-	townland_ga|Iorthan	1
CO114-049----	class|sr	1
CO114-049----	county|CORK	1
CO114-049----	townland_ga|Cnoc Cumhra	1
CO114-061----	class|bb	1
CO114-061----	county|CORK	1
CO114-061----	townland_ga|Cnoc Cumhra	1
CO114-091----	class|wt	1
CO114-091----	county|CORK	1
CO114-091----	townland_ga|Na hAilichí	1
CO115-002----	class|sp	1
CO115-002----	county|CORK	1
CO115-002----	townland_ga|An Crompán	1
CO115-003----	class|wt	1
CO115-003----	county|CORK	1
CO115-003----	townland_ga|Cill Mhic Eoghain	1
CO115-011002-	class|sc	1
CO115-011002-	county|CORK	1
CO115-011002-	townland_ga|Doirín an tSagairt Thiar	1
CO115-020----	class|sr	1
CO115-020----	county|CORK	1
CO115-020----	townland_ga|An Fhaill Dearg	1
CO115-024002-	class|bb	1
CO115-024002-	county|CORK	1
CO115-024002-	townland_ga|Doire Mheithean Thiar	1
CO115-024003-	class|bb	1
CO115-024003-	county|CORK	1
CO115-024003-	townland_ga|Doire Mheithean Thiar	1
CO115-024004-	class|bb	1
CO115-024004-	county|CORK	1
CO115-024004-	townland_ga|Doire Mheithean Thiar	1
CO115-024005-	class|bb	1
CO115-024005-	county|CORK	1
CO115-024005-	townland_ga|Doire Mheithean Thiar	1
CO115-030----	class|sr	1
CO115-030----	county|CORK	1
CO115-030----	townland_ga|Doire Mheithean Thiar	1
CO115-038002-	class|bb	1
CO115-038002-	county|CORK	1
CO115-038002-	townland_ga|Ceapaigh an Mhuicí	1
CO115-050----	class|bb	1
CO115-050----	county|CORK	1
CO115-050----	townland_ga|An Fhaill Dearg	1
CO115-057----	class|wt	1
CO115-057----	county|CORK	1
CO115-057----	townland_ga|Cluain Troim	1
CO115-063001-	class|bb	1
CO115-063001-	county|CORK	1
CO115-063001-	townland_ga|An Crompán	1
CO115-063002-	class|bb	1
CO115-063002-	county|CORK	1
CO115-063002-	townland_ga|An Crompán	1
CO115-066----	class|bb	1
CO115-066----	county|CORK	1
CO115-066----	townland_ga|Ceapaigh an Mhuicí	1
CO115-094----	class|wt	1
CO115-094----	county|CORK	1
CO115-094----	townland_ga|Doire Mheithean Thiar	1
CO115-116----	class|sp	1
CO115-116----	county|CORK	1
CO115-116----	townland_ga|Doirín an tSagairt Thoir	1
CO115-122----	class|bb	1
CO115-122----	county|CORK	1
CO115-122----	townland_ga|Doirín an tSagairt Thoir	1
CO115-123----	class|sp	1
CO115-123----	county|CORK	1
CO115-123----	townland_ga|Doirín an tSagairt Thoir	1
CO115-143----	class|sp	1
CO115-143----	county|CORK	1
CO115-143----	townland_ga|Doirín an tSagairt Thiar	1
CO116-006----	class|sc	1
CO116-006----	county|CORK	1
CO116-006----	townland_ga|Drom Garbháin	1
CO116-007001-	class|bb	1
CO116-007001-	county|CORK	1
CO116-007001-	townland_ga|An Cheapach Liath Thuaidh	1
CO116-013003-	class|sp	1
CO116-013003-	county|CORK	1
CO116-013003-	townland_ga|Drom Leamh	1
CO118-036----	class|sr	1
CO118-036----	county|CORK	1
CO118-036----	townland_ga|An Scairt Bhán	1
CO118-039----	class|wt	1
CO118-039----	county|CORK	1
CO118-039----	townland_ga|Doirín Grianach	1
CO118-042----	class|sc	1
CO118-042----	county|CORK	1
CO118-042----	townland_ga|An Barr Gorm	1
CO118-044001-	class|sp	1
CO118-044001-	county|CORK	1
CO118-044001-	townland_ga|An Barr Gorm	1
CO118-044002-	class|sc	1
CO118-044002-	county|CORK	1
CO118-044002-	townland_ga|An Barr Gorm	1
CO118-054001-	class|sp	1
CO118-054001-	county|CORK	1
CO118-054001-	townland_ga|Coill na Scairte	1
CO118-054002-	class|sr	1
CO118-054002-	county|CORK	1
CO118-054002-	townland_ga|Coill na Scairte	1
CO118-054003-	class|sp	1
CO118-054003-	county|CORK	1
CO118-054003-	townland_ga|Coill na Scairte	1
CO118-056----	class|sp	1
CO118-056----	county|CORK	1
CO118-056----	townland_ga|Na Páirceanna	1
CO118-064002-	class|sr	1
CO118-064002-	county|CORK	1
CO118-064002-	townland_ga|Cill Cholmáin Thiar	1
CO118-071003-	class|bb	1
CO118-071003-	county|CORK	1
CO118-071003-	townland_ga|Cill Cholmáin Thoir	1
CO118-073001-	class|sc	1
CO118-073001-	county|CORK	1
CO118-073001-	townland_ga|Cill Cholmáin Thoir	1
CO118-076----	class|sr	1
CO118-076----	county|CORK	1
CO118-076----	townland_ga|Cill Cholmáin Thoir	1
CO119-005----	class|sc	1
CO119-005----	county|CORK	1
CO119-005----	townland_ga|Trá Líobáin	1
CO119-027002-	class|sp	1
CO119-027002-	county|CORK	1
CO119-027002-	townland_ga|Ceann Coille	1
CO119-029----	class|sr	1
CO119-029----	county|CORK	1
CO119-029----	townland_ga|Liataire Íochtarach	1
CO119-032----	class|sc	1
CO119-032----	county|CORK	1
CO119-032----	townland_ga|Na hInsí Beaga	1
CO119-049----	class|wt	1
CO119-049----	county|CORK	1
CO119-080----	class|sp	1
CO119-080----	county|CORK	1
CO119-080----	townland_ga|Drom Osta	1
CO119-092----	class|bb	1
CO119-092----	county|CORK	1
CO119-092----	townland_ga|Bearna na hUla	1
CO119-111----	class|wt	1
CO119-111----	county|CORK	1
CO119-111----	townland_ga|Gleann an tSnámha	1
CO119-112----	class|sp	1
CO119-112----	county|CORK	1
CO119-112----	townland_ga|Gleann Dairte	1
CO119-128----	class|sr	1
CO119-128----	county|CORK	1
CO119-128----	townland_ga|Caisleán Uí Dhonnabháin	1
CO120-001001-	class|sp	1
CO120-001001-	county|CORK	1
CO120-001001-	townland_ga|An Cladach	1
CO120-001002-	class|sc	1
CO120-001002-	county|CORK	1
CO120-001002-	townland_ga|An Cladach	1
CO120-062----	class|sc	1
CO120-062----	county|CORK	1
CO120-062----	townland_ga|An Garraí Glas	1
CO120-066----	class|wt	1
CO120-066----	county|CORK	1
CO120-066----	townland_ga|An Maolán	1
CO121-018001-	class|bb	1
CO121-018001-	county|CORK	1
CO121-018001-	townland_ga|Cathair Chirce	1
CO121-018002-	class|bb	1
CO121-018002-	county|CORK	1
CO121-018002-	townland_ga|Cathair Chirce	1
CO121-035----	class|sc	1
CO121-035----	county|CORK	1
CO121-035----	townland_ga|Leitir Gormáin	1
CO121-036----	class|sr	1
CO121-036----	county|CORK	1
CO121-037----	class|sp	1
CO121-037----	county|CORK	1
CO121-038----	class|wt	1
CO121-038----	county|CORK	1
CO121-038----	townland_ga|Millín na gCon	1
CO121-054----	class|sc	1
CO121-054----	county|CORK	1
CO121-054----	townland_ga|Carraig an Ghrianáin	1
CO121-057----	class|sc	1
CO121-057----	county|CORK	1
CO121-057----	townland_ga|Meall an tSeanbhaile	1
CO121-059001-	class|sc	1
CO121-059001-	county|CORK	1
CO121-059001-	townland_ga|An Gleann Breac	1
CO121-059002-	class|sp	1
CO121-059002-	county|CORK	1
CO121-059002-	townland_ga|An Gleann Breac	1
CO121-063----	class|sc	1
CO121-063----	county|CORK	1
CO121-066----	class|sp	1
CO121-066----	county|CORK	1
CO121-067----	class|sc	1
CO121-067----	county|CORK	1
CO121-075----	class|sr	1
CO121-075----	county|CORK	1
CO121-075----	townland_ga|Cnoc an tSluaigh	1
CO121-100----	class|sc	1
CO121-100----	county|CORK	1
CO121-100----	townland_ga|Achadh Gaibhle	1
CO122-007001-	class|bb	1
CO122-007001-	county|CORK	1
CO122-007002-	class|bb	1
CO122-007002-	county|CORK	1
CO122-007003-	class|bb	1
CO122-007003-	county|CORK	1
CO122-060----	class|bb	1
CO122-060----	county|CORK	1
CO122-076----	class|sc	1
CO122-076----	county|CORK	1
CO122-076----	townland_ga|Teampall Brianaid Thuaidh	1
CO122-088----	class|sp	1
CO122-088----	county|CORK	1
CO123-008----	class|sp	1
CO123-008----	county|CORK	1
CO123-008----	townland_ga|An Chlogach Thuaidh	1
CO125-010----	class|bb	1
CO125-010----	county|CORK	1
CO125-010----	townland_ga|Cluain Liath	1
CO125-016----	class|mu	1
CO125-016----	county|CORK	1
CO125-016----	townland_ga|Baile Mhic Coise	1
CO126-014002-	class|bb	1
CO126-014002-	county|CORK	1
CO126-014002-	townland_ga|Baile na Carraige	1
CO126-015002-	class|bb	1
CO126-015002-	county|CORK	1
CO126-015002-	townland_ga|Baile na Carraige	1
CO126-016----	class|bb	1
CO126-016----	county|CORK	1
CO126-016----	townland_ga|Garinis	1
CO127-003----	class|wt	1
CO127-003----	county|CORK	1
CO127-003----	townland_ga|Cill Achaidh Thoir	1
CO127-021002-	class|bb	1
CO127-021002-	county|CORK	1
CO127-021002-	townland_ga|An Clochán Uachtarach	1
CO127-037----	class|sp	1
CO127-037----	county|CORK	1
CO127-037----	townland_ga|Cathair Mhaoile Bó	1
CO127-045----	class|sp	1
CO127-045----	county|CORK	1
CO127-045----	townland_ga|An Chloch Fhionn	1
CO128-011----	class|wt	1
CO128-011----	county|CORK	1
CO128-011----	townland_ga|Ard Rátha Thiar	1
CO129-011----	class|sr	1
CO129-011----	county|CORK	1
CO129-011----	townland_ga|An Fearann Meánach	1
CO129-016002-	class|sr	1
CO129-016002-	county|CORK	1
CO129-016002-	townland_ga|Drom an Fhéich	1
CO130-016----	class|sc	1
CO130-016----	county|CORK	1
CO130-016----	townland_ga|Gort Aonghais	1
CO130-016001-	class|bb	1
CO130-016001-	county|CORK	1
CO130-016001-	townland_ga|Gort Aonghais	1
CO130-030----	class|sc	1
CO130-030----	county|CORK	1
CO130-030----	townland_ga|Dún Béacáin	1
CO130-032002-	class|sp	1
CO130-032002-	county|CORK	1
CO130-032002-	townland_ga|Cuar Chuallachta	1
CO130-043----	class|bb	1
CO130-043----	county|CORK	1
CO130-043----	townland_ga|Gort Aonghais	1
CO131-005001-	class|sp	1
CO131-005001-	county|CORK	1
CO131-005001-	townland_ga|Baile Uí Chomáin	1
CO131-005002-	class|bb	1
CO131-005002-	county|CORK	1
CO131-005002-	townland_ga|Baile Uí Chomáin	1
CO131-008002-	class|sr	1
CO131-008002-	county|CORK	1
CO131-008002-	townland_ga|Meall an Bhaird	1
CO131-050----	class|bb	1
CO131-050----	county|CORK	1
CO131-050----	townland_ga|Cuar Chuallachta	1
CO132-029001-	class|sp	1
CO132-029001-	county|CORK	1
CO132-029002-	class|bb	1
CO132-029002-	county|CORK	1
CO132-029003-	class|bb	1
CO132-029003-	county|CORK	1
CO132-029004-	class|bb	1
CO132-029004-	county|CORK	1
CO132-029005-	class|bb	1
CO132-029005-	county|CORK	1
CO132-044001-	class|bb	1
CO132-044001-	county|CORK	1
CO132-044001-	townland_ga|Lios Aingil	1
CO133-005----	class|wt	1
CO133-005----	county|CORK	1
CO133-005----	townland_ga|Drom an Dubhátha	1
CO133-016----	class|bb	1
CO133-016----	county|CORK	1
CO133-016----	townland_ga|Doire Clochach Íochtarach	1
CO133-059001-	class|sp	1
CO133-059001-	county|CORK	1
CO133-059001-	townland_ga|Goirtín an Dúigh	1
CO133-087----	class|bb	1
CO133-087----	county|CORK	1
CO133-087----	townland_ga|An Chéim Mhór	1
CO133-089----	class|bb	1
CO133-089----	county|CORK	1
CO133-090----	class|bb	1
CO133-090----	county|CORK	1
CO134-008----	class|sc	1
CO134-008----	county|CORK	1
CO134-008----	townland_ga|Carraig an Ghrianáin	1
CO134-032----	class|sc	1
CO134-032----	county|CORK	1
CO134-032----	townland_ga|Ré na Scríne Theas	1
CO134-078----	class|bb	1
CO134-078----	county|CORK	1
CO134-078----	townland_ga|Cnoc na Gaoithe	1
CO134-084----	class|sp	1
CO134-084----	county|CORK	1
CO134-084----	townland_ga|Sárú	1
CO135-005001-	class|sc	1
CO135-005001-	county|CORK	1
CO135-005001-	townland_ga|Baile an Bhacaigh	1
CO135-005002-	class|bb	1
CO135-005002-	county|CORK	1
CO135-005002-	townland_ga|Baile an Bhacaigh	1
CO136-017001-	class|sp	1
CO136-017001-	county|CORK	1
CO136-017001-	townland_ga|Múchnaigh	1
CO138-014002-	class|sp	1
CO138-014002-	county|CORK	1
CO138-014002-	townland_ga|Cill Chrócháin	1
CO139-017002-	class|bb	1
CO139-017002-	county|CORK	1
CO139-017002-	townland_ga|Dún Mánais Thoir	1
CO139-024----	class|wt	1
CO139-024----	county|CORK	1
CO139-024----	townland_ga|Ráth Túrach	1
CO139-025----	class|mu	1
CO139-025----	county|CORK	1
CO139-025----	townland_ga|An Goibín	1
CO139-037001-	class|bb	1
CO139-037001-	county|CORK	1
CO139-037001-	townland_ga|Cuar Uí Dheargáin	1
CO139-037002-	class|bb	1
CO139-037002-	county|CORK	1
CO139-037002-	townland_ga|Cuar Uí Dheargáin	1
CO139-039----	class|sp	1
CO139-039----	county|CORK	1
CO140-019----	class|sr	1
CO140-019----	county|CORK	1
CO140-019----	townland_ga|Maigh Raithin Thuaidh	1
CO140-022002-	class|sr	1
CO140-022002-	county|CORK	1
CO140-022002-	townland_ga|Lios an Chláraigh Thiar	1
CO140-042----	class|wt	1
CO140-042----	county|CORK	1
CO140-042----	townland_ga|Cill Bronóg	1
CO140-056----	class|bb	1
CO140-056----	county|CORK	1
CO140-056----	townland_ga|An Lisín Íochtarach	1
CO140-057----	class|bb	1
CO140-057----	county|CORK	1
CO140-057----	townland_ga|Ráth Dhreóin Mhór	1
CO140-058----	class|bb	1
CO140-058----	county|CORK	1
CO140-058----	townland_ga|Cill Chillín	1
CO140-060----	class|wt	1
CO140-060----	county|CORK	1
CO140-060----	townland_ga|Ceapach na Caillí	1
CO141-004----	class|sp	1
CO141-004----	county|CORK	1
CO141-004----	townland_ga|Fotharlach	1
CO141-096----	class|bb	1
CO141-096----	county|CORK	1
CO141-096----	townland_ga|An Bán Gearr	1
CO141-119----	class|bb	1
CO141-119----	county|CORK	1
CO141-146----	class|sp	1
CO141-146----	county|CORK	1
CO141-146----	townland_ga|Prochanas	1
CO142-073----	class|sr	1
CO142-073----	county|CORK	1
CO142-073----	townland_ga|Na Garráin	1
CO143-028001-	class|bb	1
CO143-028001-	county|CORK	1
CO143-028001-	townland_ga|An Bhuirgéiseach	1
CO143-032001-	class|sc	1
CO143-032001-	county|CORK	1
CO143-032001-	townland_ga|Bothanach	1
CO143-032003-	class|bb	1
CO143-032003-	county|CORK	1
CO143-032003-	townland_ga|Bothanach	1
CO143-034----	class|po	1
CO143-034----	county|CORK	1
CO143-034----	townland_ga|Achadh Glaislinne	1
CO143-051002-	class|sc	1
CO143-051002-	county|CORK	1
CO147-011----	class|wt	1
CO147-011----	county|CORK	1
CO147-011----	townland_ga|Béal Duibhlinne	1
CO147-014001-	class|wt	1
CO147-014001-	county|CORK	1
CO147-014001-	townland_ga|Baile Riosóid	1
CO147-041----	class|wt	1
CO147-041----	county|CORK	1
CO147-041----	townland_ga|Baile Uí Bhuaigh Beag	1
CO147-045----	class|wt	1
CO147-045----	county|CORK	1
CO147-045----	townland_ga|An Líonán	1
CO147-048001-	class|wt	1
CO147-048001-	county|CORK	1
CO147-048001-	townland_ga|Ard na Saileach	1
CO147-048002-	class|wt	1
CO147-048002-	county|CORK	1
CO147-069----	class|wt	1
CO147-069----	county|CORK	1
CO147-069----	townland_ga|An Líonán	1
CO147-092----	class|bb	1
CO147-092----	county|CORK	1
CO147-092----	townland_ga|Baile Riosóid	1
CO148-001----	class|wt	1
CO148-001----	county|CORK	1
CO148-005----	class|wt	1
CO148-005----	county|CORK	1
CO148-005----	townland_ga|An Altóir	1
CO148-011----	class|po	1
CO148-011----	county|CORK	1
CO148-011----	townland_ga|Ard Doire Mhuine	1
CO148-041----	class|sr	1
CO148-041----	county|CORK	1
CO150-004----	class|bb	1
CO150-004----	county|CORK	1
CO150-004----	townland_ga|Inis Beag	1
CO150-017----	class|mu	1
CO150-017----	county|CORK	1
CO150-017----	townland_ga|Ard an Ghiolla	1
CO150-057----	class|pt	1
CO150-057----	county|CORK	1
CO151-044----	class|wt	1
CO151-044----	county|CORK	1
CO153-001003-	class|wt	1
CO153-001003-	county|CORK	1
CO153-010----	class|pt	1
CO153-010----	county|CORK	1
CO153-011----	class|bb	1
CO153-011----	county|CORK	1
CO153-012----	class|sr	1
CO153-012----	county|CORK	1
CV001-002----	class|ct	1
CV001-002----	county|CAVAN	1
CV001-002----	townland_ga|Gort an Choill	1
CV002-004----	class|ct	1
CV002-004----	county|CAVAN	1
CV002-004----	townland_ga|Coillidh Charnaí	1
CV004-001----	class|po	1
CV004-001----	county|CAVAN	1
CV004-001----	townland_ga| 	1
CV004-003001-	class|wt	1
CV004-003001-	county|CAVAN	1
CV004-003001-	townland_ga| 	1
CV004-004----	class|po	1
CV004-004----	county|CAVAN	1
CV004-004----	townland_ga| 	1
CV004-005----	class|wt	1
CV004-005----	county|CAVAN	1
CV004-005----	townland_ga| 	1
CV004-007----	class|ct	1
CV004-007----	county|CAVAN	1
CV004-007----	townland_ga|Garbhachadh	1
CV004-009----	class|ct	1
CV004-009----	county|CAVAN	1
CV004-009----	townland_ga| 	1
CV004-010----	class|wt	1
CV004-010----	county|CAVAN	1
CV004-010----	townland_ga| 	1
CV004-017----	class|po	1
CV004-017----	county|CAVAN	1
CV004-017----	townland_ga|Muine na gCaiseal	1
CV004-020----	class|ct	1
CV004-020----	county|CAVAN	1
CV004-020----	townland_ga|An Mullach Buí	1
CV004-023----	class|wt	1
CV004-023----	county|CAVAN	1
CV004-023----	townland_ga|An Sceach	1
CV004-027----	class|mu	1
CV004-027----	county|CAVAN	1
CV004-027----	townland_ga| 	1
CV004-028----	class|wt	1
CV004-028----	county|CAVAN	1
CV004-028----	townland_ga| 	1
CV004-030----	class|sr	1
CV004-030----	county|CAVAN	1
CV004-030----	townland_ga|An tÉadan Mór	1
CV005-001----	class|ct	1
CV005-001----	county|CAVAN	1
CV005-001----	townland_ga| 	1
CV007-001----	class|wt	1
CV007-001----	county|CAVAN	1
CV007-001----	townland_ga| 	1
CV010-005----	class|wt	1
CV010-005----	county|CAVAN	1
CV010-005----	townland_ga| 	1
CV010-013----	class|ct	1
CV010-013----	county|CAVAN	1
CV010-013----	townland_ga| 	1
CV013-026002-	class|sc	1
CV013-026002-	county|CAVAN	1
CV013-026002-	townland_ga|Coillidh Chlogáin	1
CV013-030----	class|sr	1
CV013-030----	county|CAVAN	1
CV013-031----	class|ct	1
CV013-031----	county|CAVAN	1
CV013-031----	townland_ga| 	1
CV013-037001-	class|wt	1
CV013-037001-	county|CAVAN	1
CV013-037001-	townland_ga| 	1
CV013-041----	class|sc	1
CV013-041----	county|CAVAN	1
CV013-041----	townland_ga| 	1
CV013-042----	class|sc	1
CV013-042----	county|CAVAN	1
CV013-042----	townland_ga|Lios an Uabhair	1
CV013-044----	class|sr	1
CV013-044----	county|CAVAN	1
CV013-044----	townland_ga|Lios an Uabhair	1
CV013-047----	class|sr	1
CV013-047----	county|CAVAN	1
CV013-047----	townland_ga|Lios an Uabhair	1
CV013-072----	class|ct	1
CV013-072----	county|CAVAN	1
CV013-072----	townland_ga| 	1
CV014-006----	class|ct	1
CV014-006----	county|CAVAN	1
CV014-006----	townland_ga|Bealach Aodha	1
CV014-008----	class|pt	1
CV014-008----	county|CAVAN	1
CV014-008----	townland_ga|An Carn	1
CV014-033----	class|sr	1
CV014-033----	county|CAVAN	1
CV014-033----	townland_ga|Gort an Choill	1
CV015-040----	class|mu	1
CV015-040----	county|CAVAN	1
CV015-040----	townland_ga| 	1
CV016-043----	class|ct	1
CV016-043----	county|CAVAN	1
CV016-043----	townland_ga|Droma Bhreac	1
CV017-013----	class|mu	1
CV017-013----	county|CAVAN	1
CV017-013----	townland_ga| 	1
CV018-001----	class|ct	1
CV018-001----	county|CAVAN	1
CV018-001----	townland_ga| 	1
CV018-005----	class|ct	1
CV018-005----	county|CAVAN	1
CV018-005----	townland_ga| 	1
CV018-012----	class|po	1
CV018-012----	county|CAVAN	1
CV018-012----	townland_ga| 	1
CV019-035----	class|ct	1
CV019-035----	county|CAVAN	1
CV019-035----	townland_ga|Gort na nAbhall	1
CV021-002----	class|wt	1
CV021-002----	county|CAVAN	1
CV021-002----	townland_ga| 	1
CV021-024----	class|mu	1
CV021-024----	county|CAVAN	1
CV021-024----	townland_ga| 	1
CV021-049----	class|mu	1
CV021-049----	county|CAVAN	1
CV021-049----	townland_ga| 	1
CV021-073----	class|sr	1
CV021-073----	county|CAVAN	1
CV021-073----	townland_ga| 	1
CV022-017----	class|mu	1
CV022-017----	county|CAVAN	1
CV022-017----	townland_ga| 	1
CV024-040----	class|ct	1
CV024-040----	county|CAVAN	1
CV024-040----	townland_ga| 	1
CV026-004001-	class|sc	1
CV026-004001-	county|CAVAN	1
CV026-004001-	townland_ga| 	1
CV026-004003-	class|sc	1
CV026-004003-	county|CAVAN	1
CV026-004003-	townland_ga| 	1
CV026-004004-	class|pt	1
CV026-004004-	county|CAVAN	1
CV026-004004-	townland_ga| 	1
CV026-005----	class|ct	1
CV026-005----	county|CAVAN	1
CV026-005----	townland_ga| 	1
CV026-006----	class|po	1
CV026-006----	county|CAVAN	1
CV026-006----	townland_ga| 	1
CV028-019----	class|wt	1
CV028-019----	county|CAVAN	1
CV028-019----	townland_ga|Droim Éag	1
CV030-031----	class|po	1
CV030-031----	county|CAVAN	1
CV030-031----	townland_ga| 	1
CV031-003----	class|po	1
CV031-003----	county|CAVAN	1
CV031-003----	townland_ga| 	1
CV031-010----	class|po	1
CV031-010----	county|CAVAN	1
CV031-010----	townland_ga| 	1
CV031-026----	class|po	1
CV031-026----	county|CAVAN	1
CV031-026----	townland_ga| 	1
CV032-004----	class|po	1
CV032-004----	county|CAVAN	1
CV032-004----	townland_ga|Carraigeach Chrua	1
CV032-013----	class|mu	1
CV032-013----	county|CAVAN	1
CV032-013----	townland_ga| 	1
CV032-021----	class|po	1
CV032-021----	county|CAVAN	1
CV032-021----	townland_ga| 	1
CV032-042----	class|ct	1
CV032-042----	county|CAVAN	1
CV032-042----	townland_ga|Mullach an Chaisleáin	1
CV035-038----	class|mu	1
CV035-038----	county|CAVAN	1
CV035-038----	townland_ga| 	1
CV037-049----	class|ct	1
CV037-049----	county|CAVAN	1
CV037-049----	townland_ga| 	1
CV039-012----	class|po	1
CV039-012----	county|CAVAN	1
CV039-012----	townland_ga| 	1
CV039-018----	class|mu	1
CV039-018----	county|CAVAN	1
CV039-018----	townland_ga| 	1
CV039-073----	class|wt	1
CV039-073----	county|CAVAN	1
CV039-073----	townland_ga|Rafanaigh	1
CV040-032----	class|ct	1
CV040-032----	county|CAVAN	1
CV040-032----	townland_ga| 	1
CW007-010----	class|po	1
CW007-010----	county|CARLOW	1
CW007-010----	townland_ga|Baile Mhic Thiarnáin	1
CW009-008----	class|po	1
CW009-008----	county|CARLOW	1
CW009-008----	townland_ga|Baile Eireoil	1
CW013-018----	class|sp	1
CW013-018----	county|CARLOW	1
CW013-018----	townland_ga|An Ráth Ghlas	1
CW013-036----	class|po	1
CW013-036----	county|CARLOW	1
CW013-036----	townland_ga|An Baile Nua	1
CW019-041----	class|po	1
CW019-041----	county|CARLOW	1
CW019-041----	townland_ga|Cill Ghréine	1
CW019-090----	class|po	1
CW019-090----	county|CARLOW	1
CW019-090----	townland_ga|Baile na Gréine	1
CW020-017----	class|sr	1
CW020-017----	county|CARLOW	1
CW020-017----	townland_ga|Cúil an tSneachta	1
CW020-026----	class|cu	1
CW020-026----	county|CARLOW	1
CW020-026----	townland_ga|Cnoc na nAraíon	1
CW020-027----	class|cu	1
CW020-027----	county|CARLOW	1
CW020-027----	townland_ga|Cúil an tSneachta	1
CW022-010001-	class|po	1
CW022-010001-	county|CARLOW	1
CW022-010001-	townland_ga|Baile na Saileog	1
DG004-013----	class|mu	1
DG004-013----	county|DONEGAL	1
DG004-013----	townland_ga| 	1
DG004-028----	class|mu	1
DG004-028----	county|DONEGAL	1
DG004-028----	townland_ga|An Cheathrú Mhór	1
DG004-035----	class|po	1
DG004-035----	county|DONEGAL	1
DG004-035----	townland_ga| 	1
DG004-041----	class|wt	1
DG004-041----	county|DONEGAL	1
DG004-041----	townland_ga| 	1
DG004-059----	class|mu	1
DG004-059----	county|DONEGAL	1
DG004-059----	townland_ga| 	1
DG008-023----	class|mu	1
DG008-023----	county|DONEGAL	1
DG008-025----	class|mu	1
DG008-025----	county|DONEGAL	1
DG010-004----	class|sr	1
DG010-004----	county|DONEGAL	1
DG010-004----	townland_ga|Ráth Sionnaigh	1
DG010-019----	class|mu	1
DG010-019----	county|DONEGAL	1
DG010-019----	townland_ga| 	1
DG010-030----	class|sr	1
DG010-030----	county|DONEGAL	1
DG010-030----	townland_ga|Rúscaigh	1
DG010-035002-	class|sr	1
DG010-035002-	county|DONEGAL	1
DG010-035002-	townland_ga| 	1
DG010-038----	class|mu	1
DG010-038----	county|DONEGAL	1
DG010-038----	townland_ga| 	1
DG011-005001-	class|mu	1
DG011-005001-	county|DONEGAL	1
DG011-005001-	townland_ga|Ráth Sionnaigh	1
DG011-006----	class|sr	1
DG011-006----	county|DONEGAL	1
DG011-006----	townland_ga| 	1
DG011-029----	class|sp	1
DG011-029----	county|DONEGAL	1
DG011-029----	townland_ga| 	1
DG011-042----	class|ct	1
DG011-042----	county|DONEGAL	1
DG011-042----	townland_ga| 	1
DG011-061----	class|mu	1
DG011-061----	county|DONEGAL	1
DG011-061----	townland_ga| 	1
DG012-003----	class|ct	1
DG012-003----	county|DONEGAL	1
DG012-003----	townland_ga| 	1
DG012-004----	class|sc	1
DG012-004----	county|DONEGAL	1
DG012-004----	townland_ga| 	1
DG012-006----	class|ct	1
DG012-006----	county|DONEGAL	1
DG012-006----	townland_ga| 	1
DG012-007003-	class|sr	1
DG012-007003-	county|DONEGAL	1
DG012-007003-	townland_ga| 	1
DG012-018001-	class|sp	1
DG012-018001-	county|DONEGAL	1
DG012-018001-	townland_ga|Baile Mhic Fhearachaigh	1
DG012-023----	class|mu	1
DG012-023----	county|DONEGAL	1
DG012-023----	townland_ga|An Bhaschoill	1
DG012-027----	class|ct	1
DG012-027----	county|DONEGAL	1
DG012-027----	townland_ga| 	1
DG013-007----	class|mu	1
DG013-007----	county|DONEGAL	1
DG013-007----	townland_ga|An tSrúibh	1
DG015-004----	class|po	1
DG015-004----	county|DONEGAL	1
DG015-004----	townland_ga| 	1
DG015-005----	class|ct	1
DG015-005----	county|DONEGAL	1
DG015-005----	townland_ga| 	1
DG015-007----	class|mu	1
DG015-007----	county|DONEGAL	1
DG015-007----	townland_ga|Learga an Traonaigh	1
DG015-013----	class|po	1
DG015-013----	county|DONEGAL	1
DG015-013----	townland_ga|Muintir Mhealláin	1
DG015-018----	class|mu	1
DG015-018----	county|DONEGAL	1
DG015-018----	townland_ga|Rinn Chliabháin	1
DG015-031----	class|sc	1
DG015-031----	county|DONEGAL	1
DG015-031----	townland_ga|Marfach	1
DG016-029----	class|mu	1
DG016-029----	county|DONEGAL	1
DG016-029----	townland_ga|Cluain Measa	1
DG018-010----	class|wt	1
DG018-010----	county|DONEGAL	1
DG018-010----	townland_ga| 	1
DG018-011----	class|mu	1
DG018-011----	county|DONEGAL	1
DG018-011----	townland_ga| 	1
DG019-008----	class|po	1
DG019-008----	county|DONEGAL	1
DG019-008----	townland_ga| 	1
DG019-013----	class|ct	1
DG019-013----	county|DONEGAL	1
DG019-013----	townland_ga| 	1
DG019-019----	class|mu	1
DG019-019----	county|DONEGAL	1
DG019-019----	townland_ga| 	1
DG019-021----	class|mu	1
DG019-021----	county|DONEGAL	1
DG019-021----	townland_ga| 	1
DG020-001001-	class|mu	1
DG020-001001-	county|DONEGAL	1
DG020-001001-	townland_ga| 	1
DG020-003----	class|sc	1
DG020-003----	county|DONEGAL	1
DG020-004----	class|wt	1
DG020-004----	county|DONEGAL	1
DG020-011----	class|wt	1
DG020-011----	county|DONEGAL	1
DG020-011----	townland_ga| 	1
DG021-005----	class|mu	1
DG021-005----	county|DONEGAL	1
DG021-005----	townland_ga| 	1
DG024-006----	class|po	1
DG024-006----	county|DONEGAL	1
DG024-014----	class|mu	1
DG024-014----	county|DONEGAL	1
DG025-005----	class|ct	1
DG025-005----	county|DONEGAL	1
DG025-009----	class|mu	1
DG025-009----	county|DONEGAL	1
DG025-009----	townland_ga|Maigh Rua	1
DG025-011----	class|mu	1
DG025-011----	county|DONEGAL	1
DG025-011----	townland_ga| 	1
DG025-017----	class|po	1
DG025-017----	county|DONEGAL	1
DG025-023----	class|mu	1
DG025-023----	county|DONEGAL	1
DG025-023----	townland_ga| 	1
DG025-035----	class|ct	1
DG025-035----	county|DONEGAL	1
DG025-038----	class|ct	1
DG025-038----	county|DONEGAL	1
DG025-041----	class|ct	1
DG025-041----	county|DONEGAL	1
DG025-044----	class|mu	1
DG025-044----	county|DONEGAL	1
DG025-045----	class|mu	1
DG025-045----	county|DONEGAL	1
DG025-046----	class|ct	1
DG025-046----	county|DONEGAL	1
DG026-002----	class|sr	1
DG026-002----	county|DONEGAL	1
DG026-002----	townland_ga|Cnoc na Foithre	1
DG026-003----	class|mu	1
DG026-003----	county|DONEGAL	1
DG026-003----	townland_ga|An Baile Mór Íochtarach	1
DG026-006----	class|ct	1
DG026-006----	county|DONEGAL	1
DG026-006----	townland_ga|An Baile Mór Uachtarach	1
DG026-012----	class|mu	1
DG026-012----	county|DONEGAL	1
DG026-012----	townland_ga|Dúchaiseal	1
DG026-028----	class|mu	1
DG026-028----	county|DONEGAL	1
DG026-028----	townland_ga|Más an Easa	1
DG027-005----	class|mu	1
DG027-005----	county|DONEGAL	1
DG027-005----	townland_ga|Creamhghort	1
DG027-011----	class|wt	1
DG027-011----	county|DONEGAL	1
DG027-011----	townland_ga| 	1
DG027-012----	class|wt	1
DG027-012----	county|DONEGAL	1
DG027-012----	townland_ga| 	1
DG027-020----	class|mu	1
DG027-020----	county|DONEGAL	1
DG027-020----	townland_ga| 	1
DG027-023----	class|po	1
DG027-023----	county|DONEGAL	1
DG027-023----	townland_ga|Gort na bhFearn	1
DG027-028----	class|wt	1
DG027-028----	county|DONEGAL	1
DG027-028----	townland_ga| 	1
DG027-031----	class|mu	1
DG027-031----	county|DONEGAL	1
DG027-031----	townland_ga|Creamhghort	1
DG028-001----	class|ct	1
DG028-001----	county|DONEGAL	1
DG028-007----	class|mu	1
DG028-007----	county|DONEGAL	1
DG028-007----	townland_ga| 	1
DG028-008----	class|sr	1
DG028-008----	county|DONEGAL	1
DG028-008----	townland_ga| 	1
DG028-017----	class|ct	1
DG028-017----	county|DONEGAL	1
DG028-017----	townland_ga| 	1
DG028-019----	class|po	1
DG028-019----	county|DONEGAL	1
DG028-019----	townland_ga| 	1
DG029-001----	class|ct	1
DG029-001----	county|DONEGAL	1
DG029-001----	townland_ga| 	1
DG029-009----	class|mu	1
DG029-009----	county|DONEGAL	1
DG029-009----	townland_ga|Cionn an Ghabha	1
DG029-036----	class|wt	1
DG029-036----	county|DONEGAL	1
DG029-036----	townland_ga| 	1
DG029-044----	class|wt	1
DG029-044----	county|DONEGAL	1
DG029-044----	townland_ga| 	1
DG030-001----	class|wt	1
DG030-001----	county|DONEGAL	1
DG030-001----	townland_ga| 	1
DG030-003----	class|wt	1
DG030-003----	county|DONEGAL	1
DG030-003----	townland_ga| 	1
DG030-004----	class|wt	1
DG030-004----	county|DONEGAL	1
DG030-004----	townland_ga| 	1
DG030-008----	class|mu	1
DG030-008----	county|DONEGAL	1
DG030-008----	townland_ga| 	1
DG030-009----	class|mu	1
DG030-009----	county|DONEGAL	1
DG030-009----	townland_ga| 	1
DG030-013----	class|mu	1
DG030-013----	county|DONEGAL	1
DG030-013----	townland_ga|An Cheathrú Chaol	1
DG031-004----	class|mu	1
DG031-004----	county|DONEGAL	1
DG031-004----	townland_ga|Drong	1
DG035-004----	class|sr	1
DG035-004----	county|DONEGAL	1
DG035-006----	class|mu	1
DG035-006----	county|DONEGAL	1
DG035-007----	class|sp	1
DG035-007----	county|DONEGAL	1
DG035-013----	class|mu	1
DG035-013----	county|DONEGAL	1
DG036-001----	class|mu	1
DG036-001----	county|DONEGAL	1
DG036-001----	townland_ga| 	1
DG036-012----	class|mu	1
DG036-012----	county|DONEGAL	1
DG036-012----	townland_ga| 	1
DG036-016----	class|wt	1
DG036-016----	county|DONEGAL	1
DG036-016----	townland_ga| 	1
DG036-017----	class|mu	1
DG036-017----	county|DONEGAL	1
DG036-017----	townland_ga| 	1
DG036-019----	class|ct	1
DG036-019----	county|DONEGAL	1
DG036-019----	townland_ga| 	1
DG036-020----	class|mu	1
DG036-020----	county|DONEGAL	1
DG036-020----	townland_ga| 	1
DG036-027----	class|sr	1
DG036-027----	county|DONEGAL	1
DG036-027----	townland_ga| 	1
DG037-006----	class|ct	1
DG037-006----	county|DONEGAL	1
DG037-006----	townland_ga|Craobhaire Uachtarach	1
DG037-013001-	class|sc	1
DG037-013001-	county|DONEGAL	1
DG037-016----	class|sc	1
DG037-016----	county|DONEGAL	1
DG037-017001-	class|sc	1
DG037-017001-	county|DONEGAL	1
DG037-017001-	townland_ga| 	1
DG037-017003-	class|sr	1
DG037-017003-	county|DONEGAL	1
DG037-017003-	townland_ga| 	1
DG037-019001-	class|po	1
DG037-019001-	county|DONEGAL	1
DG037-019001-	townland_ga|Baile Mhic Cearnacháin	1
DG038-011----	class|mu	1
DG038-011----	county|DONEGAL	1
DG038-011----	townland_ga| 	1
DG038-050----	class|mu	1
DG038-050----	county|DONEGAL	1
DG038-050----	townland_ga| 	1
DG039-003----	class|mu	1
DG039-003----	county|DONEGAL	1
DG039-003----	townland_ga|Uisce Chaoin	1
DG039-005----	class|po	1
DG039-005----	county|DONEGAL	1
DG039-005----	townland_ga|Uisce Chaoin	1
DG044-003----	class|wt	1
DG044-003----	county|DONEGAL	1
DG044-003----	townland_ga| 	1
DG044-007----	class|mu	1
DG044-007----	county|DONEGAL	1
DG044-007----	townland_ga| 	1
DG045-018----	class|ct	1
DG045-018----	county|DONEGAL	1
DG047-019----	class|mu	1
DG047-019----	county|DONEGAL	1
DG047-019----	townland_ga| 	1
DG048-009----	class|po	1
DG048-009----	county|DONEGAL	1
DG048-011----	class|sc	1
DG048-011----	county|DONEGAL	1
DG053-010----	class|mu	1
DG053-010----	county|DONEGAL	1
DG053-010----	townland_ga| 	1
DG053-020----	class|mu	1
DG053-020----	county|DONEGAL	1
DG053-020----	townland_ga|Gleann Chartha Albanach	1
DG054-013----	class|mu	1
DG054-013----	county|DONEGAL	1
DG054-013----	townland_ga| 	1
DG054-014----	class|mu	1
DG054-014----	county|DONEGAL	1
DG054-014----	townland_ga| 	1
DG054-023----	class|mu	1
DG054-023----	county|DONEGAL	1
DG054-023----	townland_ga|An Dubhais	1
DG054-033----	class|mu	1
DG054-033----	county|DONEGAL	1
DG054-033----	townland_ga| 	1
DG055-008----	class|mu	1
DG055-008----	county|DONEGAL	1
DG055-008----	townland_ga| 	1
DG055-029----	class|mu	1
DG055-029----	county|DONEGAL	1
DG055-029----	townland_ga|Cúl Droma Íochtarach	1
DG062-003----	class|sr	1
DG062-003----	county|DONEGAL	1
DG062-003----	townland_ga| 	1
DG062-017----	class|mu	1
DG062-017----	county|DONEGAL	1
DG062-017----	townland_ga|Maigh Dhubhthaigh Uachtarach	1
DG062-036----	class|mu	1
DG062-036----	county|DONEGAL	1
DG062-036----	townland_ga| 	1
DG065-001----	class|mu	1
DG065-001----	county|DONEGAL	1
DG065-005----	class|po	1
DG065-005----	county|DONEGAL	1
DG065-017----	class|ct	1
DG065-017----	county|DONEGAL	1
DG066-002----	class|mu	1
DG066-002----	county|DONEGAL	1
DG068-002----	class|ct	1
DG068-002----	county|DONEGAL	1
DG068-002----	townland_ga|An Mhín Bhog	1
DG068-006----	class|mu	1
DG068-006----	county|DONEGAL	1
DG068-026----	class|mu	1
DG068-026----	county|DONEGAL	1
DG068-026----	townland_ga|Baile Bó	1
DG069-011----	class|mu	1
DG069-011----	county|DONEGAL	1
DG069-011----	townland_ga| 	1
DG069-018----	class|po	1
DG069-018----	county|DONEGAL	1
DG069-018----	townland_ga|An Chloch Rua	1
DG069-030----	class|mu	1
DG069-030----	county|DONEGAL	1
DG069-030----	townland_ga| 	1
DG069-035----	class|ct	1
DG069-035----	county|DONEGAL	1
DG069-035----	townland_ga|Rúscaigh Uachtarach	1
DG070-026001-	class|sc	1
DG070-026001-	county|DONEGAL	1
DG070-026001-	townland_ga| 	1
DG070-043----	class|mu	1
DG070-043----	county|DONEGAL	1
DG070-043----	townland_ga|An Chloch Fhionn	1
DG070-046----	class|mu	1
DG070-046----	county|DONEGAL	1
DG070-063003-	class|pt	1
DG070-063003-	county|DONEGAL	1
DG070-063003-	townland_ga| 	1
DG070-063005-	class|pt	1
DG070-063005-	county|DONEGAL	1
DG070-063005-	townland_ga| 	1
DG070-063006-	class|pt	1
DG070-063006-	county|DONEGAL	1
DG070-063006-	townland_ga| 	1
DG070-063007-	class|pt	1
DG070-063007-	county|DONEGAL	1
DG070-063007-	townland_ga| 	1
DG070-063008-	class|pt	1
DG070-063008-	county|DONEGAL	1
DG070-063008-	townland_ga| 	1
DG070-063009-	class|pt	1
DG070-063009-	county|DONEGAL	1
DG070-063009-	townland_ga| 	1
DG070-063010-	class|pt	1
DG070-063010-	county|DONEGAL	1
DG070-063010-	townland_ga| 	1
DG070-069001-	class|mu	1
DG070-069001-	county|DONEGAL	1
DG070-069001-	townland_ga| 	1
DG070-069002-	class|mu	1
DG070-069002-	county|DONEGAL	1
DG070-069002-	townland_ga| 	1
DG070-070----	class|pt	1
DG070-070----	county|DONEGAL	1
DG070-070----	townland_ga| 	1
DG070-073----	class|mu	1
DG070-073----	county|DONEGAL	1
DG070-073----	townland_ga|Dúros	1
DG070-074002-	class|pt	1
DG070-074002-	county|DONEGAL	1
DG073-003----	class|ct	1
DG073-003----	county|DONEGAL	1
DG073-003----	townland_ga|Cill Chluanadh Mhór	1
DG073-004----	class|po	1
DG073-004----	county|DONEGAL	1
DG073-004----	townland_ga|Cill Chluanadh Mhór	1
DG073-006----	class|po	1
DG073-006----	county|DONEGAL	1
DG073-006----	townland_ga|Cill Chluanadh Mhór	1
DG073-036----	class|po	1
DG073-036----	county|DONEGAL	1
DG073-041----	class|mu	1
DG073-041----	county|DONEGAL	1
DG073-041----	townland_ga|Ard an Rátha	1
DG074-002----	class|po	1
DG074-002----	county|DONEGAL	1
DG074-002----	townland_ga| 	1
DG074-011----	class|ct	1
DG074-011----	county|DONEGAL	1
DG074-011----	townland_ga| 	1
DG074-017----	class|mu	1
DG074-017----	county|DONEGAL	1
DG074-017----	townland_ga|Garbhghort	1
DG074-018----	class|mu	1
DG074-018----	county|DONEGAL	1
DG074-018----	townland_ga|Gort na Ceárta	1
DG077-007002-	class|mu	1
DG077-007002-	county|DONEGAL	1
DG077-007002-	townland_ga|An Dubhais	1
DG077-021----	class|po	1
DG077-021----	county|DONEGAL	1
DG077-021----	townland_ga|Carraig Mhic Craith	1
DG077-024----	class|wt	1
DG077-024----	county|DONEGAL	1
DG077-024----	townland_ga|Mín Charraigeach	1
DG078-009001-	class|sp	1
DG078-009001-	county|DONEGAL	1
DG078-009001-	townland_ga| 	1
DG078-021----	class|ct	1
DG078-021----	county|DONEGAL	1
DG078-021----	townland_ga|An Machaire Buí	1
DG078-044----	class|mu	1
DG078-044----	county|DONEGAL	1
DG078-044----	townland_ga| 	1
DG079-007----	class|pt	1
DG079-007----	county|DONEGAL	1
DG079-007----	townland_ga| 	1
DG079-008----	class|po	1
DG079-008----	county|DONEGAL	1
DG079-008----	townland_ga| 	1
DG079-013----	class|mu	1
DG079-013----	county|DONEGAL	1
DG079-013----	townland_ga|Lios Cúile	1
DG080-006----	class|ct	1
DG080-006----	county|DONEGAL	1
DG080-013001-	class|mu	1
DG080-013001-	county|DONEGAL	1
DG080-034----	class|ct	1
DG080-034----	county|DONEGAL	1
DG084-002001-	class|sc	1
DG084-002001-	county|DONEGAL	1
DG084-002001-	townland_ga| 	1
DG086-002004-	class|wt	1
DG086-002004-	county|DONEGAL	1
DG086-002004-	townland_ga|Cruach Eoghanach	1
DG087-007----	class|ct	1
DG087-007----	county|DONEGAL	1
DG087-007----	townland_ga| 	1
DG088-001----	class|mu	1
DG088-001----	county|DONEGAL	1
DG088-001----	townland_ga|An tAllt Uachtarach	1
DG089-004----	class|po	1
DG089-004----	county|DONEGAL	1
DG089-005----	class|po	1
DG089-005----	county|DONEGAL	1
DG089-006001-	class|po	1
DG089-006001-	county|DONEGAL	1
DG089-008----	class|po	1
DG089-008----	county|DONEGAL	1
DG089-008001-	class|po	1
DG089-008001-	county|DONEGAL	1
DG089-008002-	class|po	1
DG089-008002-	county|DONEGAL	1
DG089-008003-	class|po	1
DG089-008003-	county|DONEGAL	1
DG089-008004-	class|po	1
DG089-008004-	county|DONEGAL	1
DG089-008005-	class|po	1
DG089-008005-	county|DONEGAL	1
DG089-012----	class|ct	1
DG089-012----	county|DONEGAL	1
DG089-013----	class|ct	1
DG089-013----	county|DONEGAL	1
DG089-020----	class|ct	1
DG089-020----	county|DONEGAL	1
DG090-001----	class|po	1
DG090-001----	county|DONEGAL	1
DG090-008----	class|mu	1
DG090-008----	county|DONEGAL	1
DG091-002----	class|ct	1
DG091-002----	county|DONEGAL	1
DG091-002----	townland_ga| 	1
DG091-005----	class|po	1
DG091-005----	county|DONEGAL	1
DG092-003----	class|ct	1
DG092-003----	county|DONEGAL	1
DG092-003----	townland_ga| 	1
DG092-006----	class|po	1
DG092-006----	county|DONEGAL	1
DG092-006----	townland_ga| 	1
DG093-005----	class|mu	1
DG093-005----	county|DONEGAL	1
DG093-005----	townland_ga|Droim Chaoláin	1
DG094-003----	class|mu	1
DG094-003----	county|DONEGAL	1
DG094-003----	townland_ga|Tamhnaigh Mhurghail	1
DG094-004----	class|ct	1
DG094-004----	county|DONEGAL	1
DG094-004----	townland_ga|Leac Crom	1
DG094-021----	class|sp	1
DG094-021----	county|DONEGAL	1
DG094-021----	townland_ga| 	1
DG094-023----	class|ct	1
DG094-023----	county|DONEGAL	1
DG094-023----	townland_ga| 	1
DG095-001----	class|sp	1
DG095-001----	county|DONEGAL	1
DG095-001----	townland_ga| 	1
DG096-014----	class|mu	1
DG096-014----	county|DONEGAL	1
DG096-015----	class|mu	1
DG096-015----	county|DONEGAL	1
DG096-016----	class|mu	1
DG096-016----	county|DONEGAL	1
DG096-021----	class|wt	1
DG096-021----	county|DONEGAL	1
DG096-029----	class|sc	1
DG096-029----	county|DONEGAL	1
DG097-001----	class|wt	1
DG097-001----	county|DONEGAL	1
DG097-001----	townland_ga|Leargain na Gréine	1
DG097-011----	class|ct	1
DG097-011----	county|DONEGAL	1
DG097-011----	townland_ga|Caiseal Coimín	1
DG097-017001-	class|ct	1
DG097-017001-	county|DONEGAL	1
DG097-018----	class|ct	1
DG097-018----	county|DONEGAL	1
DG097-018----	townland_ga|Na Sealbha	1
DG097-020----	class|ct	1
DG097-020----	county|DONEGAL	1
DG097-020----	townland_ga| 	1
DG097-029----	class|ct	1
DG097-029----	county|DONEGAL	1
DG097-029----	townland_ga|An Bhinn Rua	1
DG097-033----	class|ct	1
DG097-033----	county|DONEGAL	1
DG097-033----	townland_ga|Droim an Umha	1
DG097-034002-	class|mu	1
DG097-034002-	county|DONEGAL	1
DG097-034002-	townland_ga|An Roisín	1
DG098-003----	class|wt	1
DG098-003----	county|DONEGAL	1
DG098-003----	townland_ga| 	1
DG098-015001-	class|sp	1
DG098-015001-	county|DONEGAL	1
DG098-015001-	townland_ga|Cill Leacht Aodha	1
DG098-039----	class|mu	1
DG098-039----	county|DONEGAL	1
DG098-039----	townland_ga|Rathain Uachtarach	1
DG101-007----	class|ct	1
DG101-007----	county|DONEGAL	1
DG101-007----	townland_ga| 	1
DG101-009----	class|wt	1
DG101-009----	county|DONEGAL	1
DG101-009----	townland_ga| 	1
DG102-001----	class|sc	1
DG102-001----	county|DONEGAL	1
DG102-001----	townland_ga| 	1
DG103-014----	class|wt	1
DG103-014----	county|DONEGAL	1
DG103-014----	townland_ga| 	1
DG103-022----	class|ct	1
DG103-022----	county|DONEGAL	1
DG103-022----	townland_ga| 	1
DG103-030----	class|ct	1
DG103-030----	county|DONEGAL	1
DG103-030----	townland_ga| 	1
DG103-040----	class|ct	1
DG103-040----	county|DONEGAL	1
DG103-040----	townland_ga| 	1
DG103-044----	class|ct	1
DG103-044----	county|DONEGAL	1
DG104-010----	class|mu	1
DG104-010----	county|DONEGAL	1
DG104-010----	townland_ga| 	1
DG106-011----	class|pt	1
DG106-011----	county|DONEGAL	1
DG106-011----	townland_ga|Machaire Cairthe	1
DG106-014----	class|wt	1
DG106-014----	county|DONEGAL	1
DG106-014----	townland_ga|Machaire Cairthe	1
DG106-019----	class|sc	1
DG106-019----	county|DONEGAL	1
DG106-019----	townland_ga|Machaire Cairthe	1
DG107-002----	class|wt	1
DG107-002----	county|DONEGAL	1
DG107-002----	townland_ga| 	1
DG107-083----	class|ct	1
DG107-083----	county|DONEGAL	1
DG107-083----	townland_ga| 	1
DG107-085----	class|ct	1
DG107-085----	county|DONEGAL	1
DG107-085----	townland_ga|An Cillín	1
DG107-089----	class|mu	1
DG107-089----	county|DONEGAL	1
DG107-089----	townland_ga| 	1
DG107-102----	class|mu	1
DG107-102----	county|DONEGAL	1
DG107-102----	townland_ga|Cnoc an Chaorthainn	1
DG107-106----	class|pt	1
DG107-106----	county|DONEGAL	1
DG107-106----	townland_ga|Fionnúir	1
DG107-110----	class|mu	1
DG107-110----	county|DONEGAL	1
DG107-110----	townland_ga|Lag Ailteáin	1
DG108-001----	class|mu	1
DG108-001----	county|DONEGAL	1
DG108-001----	townland_ga|An Caiseal Ard	1
DU002-001001-	class|pt	1
DU002-001001-	county|DUBLIN	1
DU002-001001-	townland_ga|Brí Mhór	1
DU002-001002-	class|pt	1
DU002-001002-	county|DUBLIN	1
DU002-001002-	townland_ga|Brí Mhór	1
DU002-001003-	class|pt	1
DU002-001003-	county|DUBLIN	1
DU002-001003-	townland_ga|Brí Mhór	1
DU002-001004-	class|pt	1
DU002-001004-	county|DUBLIN	1
DU002-001004-	townland_ga|Brí Mhór	1
DU002-001005-	class|pt	1
DU002-001005-	county|DUBLIN	1
DU002-001005-	townland_ga|Brí Mhór	1
DU002-010----	class|pt	1
DU002-010----	county|DUBLIN	1
DU002-010----	townland_ga|Cnoc na gCeann	1
DU008-013001-	class|pt	1
DU008-013001-	county|DUBLIN	1
DU008-013001-	townland_ga|An Ros	1
DU015-032----	class|po	1
DU015-032----	county|DUBLIN	1
DU015-032----	townland_ga|Diméin Bhinn Éadair	1
DU021-044----	class|sp	1
DU021-044----	county|DUBLIN	1
DU021-044----	townland_ga|An Bóthar Buí	1
DU022-033----	class|po	1
DU022-033----	county|DUBLIN	1
DU022-033----	townland_ga|Gráinseach an Táilliúraigh	1
DU024-005001-	class|pt	1
DU024-005001-	county|DUBLIN	1
DU024-005001-	townland_ga|Cnocán na nDraighneach	1
DU024-005002-	class|pt	1
DU024-005002-	county|DUBLIN	1
DU024-005002-	townland_ga|Sliabh Toll	1
DU024-027002-	class|sc	1
DU024-027002-	county|DUBLIN	1
DU024-027002-	townland_ga|An Bhuaile Mheánach	1
DU024-028----	class|sc	1
DU024-028----	county|DUBLIN	1
DU024-028----	townland_ga|An Bhuaile Mheánach	1
DU024-030----	class|pt	1
DU024-030----	county|DUBLIN	1
DU024-030----	townland_ga|Buaile na Scornaí Uachtarach	1
DU024-034----	class|pt	1
DU024-034----	county|DUBLIN	1
DU024-034----	townland_ga|Sliabh Toll	1
DU024-035----	class|pt	1
DU024-035----	county|DUBLIN	1
DU024-035----	townland_ga|Sliabh Toll	1
DU024-046----	class|pt	1
DU024-046----	county|DUBLIN	1
DU024-046----	townland_ga|Buaile na Scornaí Uachtarach	1
DU024-047001-	class|pt	1
DU024-047001-	county|DUBLIN	1
DU024-047001-	townland_ga|Buaile na Scornaí Uachtarach	1
DU024-047002-	class|pt	1
DU024-047002-	county|DUBLIN	1
DU024-047002-	townland_ga|Buaile na Scornaí Uachtarach	1
DU025-001001-	class|pt	1
DU025-001001-	county|DUBLIN	1
DU025-001001-	townland_ga|Montpelier	1
DU025-001002-	class|pt	1
DU025-001002-	county|DUBLIN	1
DU025-001002-	townland_ga|Montpelier	1
DU025-002----	class|po	1
DU025-002----	county|DUBLIN	1
DU025-002----	townland_ga|Baile na Coille	1
DU025-005----	class|mu	1
DU025-005----	county|DUBLIN	1
DU025-005----	townland_ga|Tigh Bródáin	1
DU025-006----	class|po	1
DU025-006----	county|DUBLIN	1
DU025-006----	townland_ga|Cill Mochióg	1
DU025-007001-	class|wt	1
DU025-007001-	county|DUBLIN	1
DU025-007001-	townland_ga|Cill Mochióg	1
DU025-022----	class|wt	1
DU025-022----	county|DUBLIN	1
DU025-022----	townland_ga|Coill an Chaoich	1
DU025-025----	class|pt	1
DU025-025----	county|DUBLIN	1
DU025-025----	townland_ga|An Baile Breac	1
DU025-045----	class|wt	1
DU025-045----	county|DUBLIN	1
DU025-045----	townland_ga|Baile Éamainn Duibh	1
DU025-046----	class|sc	1
DU025-046----	county|DUBLIN	1
DU025-046----	townland_ga|Baile Éamainn Duibh	1
DU025-047003-	class|mu	1
DU025-047003-	county|DUBLIN	1
DU025-047003-	townland_ga|An Baile Nua Beag	1
DU025-051----	class|po	1
DU025-051----	county|DUBLIN	1
DU025-051----	townland_ga|Cionn Ard	1
DU025-087----	class|cu	1
DU025-087----	county|DUBLIN	1
DU025-087----	townland_ga|Baile na Coille	1
DU026-007----	class|po	1
DU026-007----	county|DUBLIN	1
DU026-007----	townland_ga|Baile Uí Bhraonáin	1
DU026-019----	class|po	1
DU026-019----	county|DUBLIN	1
DU026-019----	townland_ga|Diméin Chill Tiarnáin	1
DU026-024----	class|wt	1
DU026-024----	county|DUBLIN	1
DU026-024----	townland_ga|Baile an Locháin	1
DU026-030----	class|po	1
DU026-030----	county|DUBLIN	1
DU026-030----	townland_ga|An Baile Breac	1
DU026-042001-	class|mu	1
DU026-042001-	county|DUBLIN	1
DU026-042001-	townland_ga|Baile Biataigh	1
DU026-059----	class|wt	1
DU026-059----	county|DUBLIN	1
DU026-059----	townland_ga|Seanchill	1
DU026-132----	class|mu	1
DU026-132----	county|DUBLIN	1
DU026-132----	townland_ga|Seanchill	1
GA005-050----	class|ct	1
GA005-050----	county|GALWAY	1
GA005-050----	townland_ga|Fleascach Bheag	1
GA005-051----	class|ct	1
GA005-051----	county|GALWAY	1
GA005-051----	townland_ga|Fleascach Mhór	1
GA006-005001-	class|mu	1
GA006-005001-	county|GALWAY	1
GA006-005001-	townland_ga|Baile na Staice	1
GA009-002001-	class|wt	1
GA009-002001-	county|GALWAY	1
GA009-002001-	townland_ga|Ard na gCraobhach	1
GA009-005----	class|ct	1
GA009-005----	county|GALWAY	1
GA009-005----	townland_ga|Caislín	1
GA009-010----	class|po	1
GA009-010----	county|GALWAY	1
GA009-010----	townland_ga|Cluain Luáin	1
GA009-021----	class|ct	1
GA009-021----	county|GALWAY	1
GA009-021----	townland_ga|Tóin an Dúrabháin	1
GA010-003----	class|sr	1
GA010-003----	county|GALWAY	1
GA010-003----	townland_ga|Doire Inbhir	1
GA010-030----	class|mu	1
GA010-030----	county|GALWAY	1
GA010-030----	townland_ga|Tuairín Áithe	1
GA011-002----	class|wt	1
GA011-002----	county|GALWAY	1
GA011-002----	townland_ga|Gleann Creamha	1
GA011-009----	class|mu	1
GA011-009----	county|GALWAY	1
GA011-009----	townland_ga|An Líonán	1
GA022-002----	class|sp	1
GA022-002----	county|GALWAY	1
GA022-002----	townland_ga|Áit Tí Geadáin	1
GA022-006----	class|ct	1
GA022-006----	county|GALWAY	1
GA022-006----	townland_ga|An Baile Nua	1
GA022-007----	class|ct	1
GA022-007----	county|GALWAY	1
GA022-007----	townland_ga|An Baile Nua	1
GA022-008----	class|po	1
GA022-008----	county|GALWAY	1
GA022-008----	townland_ga|An Baile Nua	1
GA022-009----	class|sp	1
GA022-009----	county|GALWAY	1
GA022-009----	townland_ga|An Baile Nua	1
GA022-014----	class|ct	1
GA022-014----	county|GALWAY	1
GA022-014----	townland_ga|An Cloigeann	1
GA022-019----	class|mu	1
GA022-019----	county|GALWAY	1
GA022-019----	townland_ga|Cluain Crí	1
GA022-023----	class|sp	1
GA022-023----	county|GALWAY	1
GA022-023----	townland_ga|Cluain Idir Dhá Abhainn	1
GA022-028----	class|sp	1
GA022-028----	county|GALWAY	1
GA022-028----	townland_ga|Cnoc na Rátha	1
GA022-030003-	class|sp	1
GA022-030003-	county|GALWAY	1
GA022-030003-	townland_ga|Cnoc na Rátha	1
GA022-036----	class|wt	1
GA022-036----	county|GALWAY	1
GA022-036----	townland_ga|Iarphoirt	1
GA022-041----	class|ct	1
GA022-041----	county|GALWAY	1
GA022-041----	townland_ga|An Gearrán Bán	1
GA022-047----	class|po	1
GA022-047----	county|GALWAY	1
GA022-047----	townland_ga|Cnoc an Bhealaigh	1
GA022-048----	class|mu	1
GA022-048----	county|GALWAY	1
GA022-048----	townland_ga|An Cnoc Breac	1
GA022-051----	class|po	1
GA022-051----	county|GALWAY	1
GA022-060----	class|sr	1
GA022-060----	county|GALWAY	1
GA022-060----	townland_ga|Na Siáin	1
GA022-063001-	class|mu	1
GA022-063001-	county|GALWAY	1
GA022-063001-	townland_ga|Na Siáin	1
GA022-067----	class|sc	1
GA022-067----	county|GALWAY	1
GA022-067----	townland_ga|Barr an tSrutha	1
GA022-069001-	class|ct	1
GA022-069001-	county|GALWAY	1
GA022-069001-	townland_ga|Barr an tSrutha	1
GA022-072----	class|mu	1
GA022-072----	county|GALWAY	1
GA022-072----	townland_ga|Barr an tSrutha	1
GA022-074----	class|mu	1
GA022-074----	county|GALWAY	1
GA022-074----	townland_ga|An Tuairín	1
GA022-103001-	class|ct	1
GA022-103001-	county|GALWAY	1
GA022-103001-	townland_ga|Muirnín	1
GA022-105----	class|sp	1
GA022-105----	county|GALWAY	1
GA022-105----	townland_ga|An Baile Nua	1
GA022-106----	class|ct	1
GA022-106----	county|GALWAY	1
GA022-106----	townland_ga|Na Siáin	1
GA022-115----	class|sr	1
GA022-115----	county|GALWAY	1
GA022-115----	townland_ga|Cnoc na hÁithe	1
GA022-116----	class|mu	1
GA022-116----	county|GALWAY	1
GA022-116----	townland_ga|Cnoc na hÁithe	1
GA022-118----	class|ct	1
GA022-118----	county|GALWAY	1
GA022-118----	townland_ga|Cois an tSrutha	1
GA022-120----	class|mu	1
GA022-120----	county|GALWAY	1
GA022-120----	townland_ga|Muirnín	1
GA023-020----	class|ct	1
GA023-020----	county|GALWAY	1
GA023-020----	townland_ga|Leitir Fraic	1
GA023-022----	class|mu	1
GA023-022----	county|GALWAY	1
GA023-022----	townland_ga|Loch Ána	1
GA023-024----	class|ct	1
GA023-024----	county|GALWAY	1
GA023-024----	townland_ga|An Maoileann	1
GA023-030----	class|sp	1
GA023-030----	county|GALWAY	1
GA023-030----	townland_ga|Ros Liag	1
GA023-038----	class|sr	1
GA023-038----	county|GALWAY	1
GA023-038----	townland_ga|An Bhánóg	1
GA023-046----	class|sp	1
GA023-046----	county|GALWAY	1
GA023-046----	townland_ga|Ros Liag	1
GA023-058----	class|sp	1
GA023-058----	county|GALWAY	1
GA023-058----	townland_ga|An Maoileann	1
GA024-001----	class|sr	1
GA024-001----	county|GALWAY	1
GA024-002----	class|sr	1
GA024-002----	county|GALWAY	1
GA025-010----	class|sp	1
GA025-010----	county|GALWAY	1
GA025-012----	class|sr	1
GA025-012----	county|GALWAY	1
GA027-039----	class|ct	1
GA027-039----	county|GALWAY	1
GA035-001----	class|wt	1
GA035-001----	county|GALWAY	1
GA035-001----	townland_ga|Ardach	1
GA035-035----	class|mu	1
GA035-035----	county|GALWAY	1
GA035-055----	class|wt	1
GA035-055----	county|GALWAY	1
GA035-055----	townland_ga|Leitir Núis	1
GA035-073----	class|ct	1
GA035-073----	county|GALWAY	1
GA035-073----	townland_ga|An Fhaiche	1
GA035-074----	class|wt	1
GA035-074----	county|GALWAY	1
GA035-074----	townland_ga|Cnoc an Bhealaigh	1
GA036-006----	class|ct	1
GA036-006----	county|GALWAY	1
GA036-006----	townland_ga|Corr an Bhachaill	1
GA036-023----	class|sp	1
GA036-023----	county|GALWAY	1
GA036-023----	townland_ga|Baile na hInse	1
GA038-010----	class|sr	1
GA038-010----	county|GALWAY	1
GA038-010----	townland_ga|Both Íseal	1
GA042-010----	class|sp	1
GA042-010----	county|GALWAY	1
GA042-010----	townland_ga|Baile an Bhóthair	1
GA051-013----	class|wt	1
GA051-013----	county|GALWAY	1
GA051-013----	townland_ga|Sraith Sháile	1
GA052-007----	class|sp	1
GA052-007----	county|GALWAY	1
GA055-034----	class|ct	1
GA055-034----	county|GALWAY	1
GA055-034----	townland_ga|Ceathrú na Cibe	1
GA055-069----	class|mu	1
GA055-069----	county|GALWAY	1
GA055-069----	townland_ga|Ceathrú na Cibe	1
GA058-043----	class|wt	1
GA058-043----	county|GALWAY	1
GA058-043----	townland_ga|Cathair na gClas	1
GA059-018----	class|ct	1
GA059-018----	county|GALWAY	1
GA059-018----	townland_ga|Coill Mhaoláin	1
GA068-064----	class|bb	1
GA068-064----	county|GALWAY	1
GA068-064----	townland_ga|An Leargain	1
GA072-037----	class|wt	1
GA072-037----	county|GALWAY	1
GA072-037----	townland_ga|An Choill Bheag	1
GA082-067----	class|po	1
GA082-067----	county|GALWAY	1
GA084-148001-	class|bb	1
GA084-148001-	county|GALWAY	1
GA084-148001-	townland_ga|An Baile Bacach	1
GA084-148002-	class|bb	1
GA084-148002-	county|GALWAY	1
GA084-148002-	townland_ga|An Baile Bacach	1
GA094-012----	class|po	1
GA094-012----	county|GALWAY	1
GA094-012----	townland_ga|Baile na Cloiche	1
GA094-041----	class|sc	1
GA094-041----	county|GALWAY	1
GA095-078----	class|wt	1
GA095-078----	county|GALWAY	1
GA095-078----	townland_ga|An Leathbhaile	1
GA095-119----	class|ct	1
GA095-119----	county|GALWAY	1
GA095-119----	townland_ga|Cnoc an Radhairc	1
GA095-141----	class|wt	1
GA095-141----	county|GALWAY	1
GA095-141----	townland_ga|An Ruabheitheach	1
GA095-176----	class|mu	1
GA095-176----	county|GALWAY	1
GA095-176----	townland_ga|Doire Uí Dhónaill Mór	1
GA096-126----	class|wt	1
GA096-126----	county|GALWAY	1
GA096-126----	townland_ga|Lios an Londúnaigh	1
GA096-173----	class|wt	1
GA096-173----	county|GALWAY	1
GA096-173----	townland_ga|Cathair Fhormháis	1
GA102-041----	class|sc	1
GA102-041----	county|GALWAY	1
GA102-041----	townland_ga|Tamhain Thiar	1
GA104-043----	class|mu	1
GA104-043----	county|GALWAY	1
GA104-043----	townland_ga|An Baile Meánach	1
GA104-273----	class|wt	1
GA104-273----	county|GALWAY	1
GA104-273----	townland_ga|Tuar Clochair	1
GA105-162----	class|sc	1
GA105-162----	county|GALWAY	1
GA105-162----	townland_ga|An Mhóin Mhór Thoir	1
GA110-053----	class|wt	1
GA110-053----	county|GALWAY	1
GA110-098----	class|wt	1
GA110-098----	county|GALWAY	1
GA112-009----	class|wt	1
GA112-009----	county|GALWAY	1
GA112-009----	townland_ga|Diméin Dhúrois	1
GA115-014----	class|wt	1
GA115-014----	county|GALWAY	1
GA115-014----	townland_ga|An Bhorróg	1
GA115-015----	class|wt	1
GA115-015----	county|GALWAY	1
GA115-015----	townland_ga|An Bhorróg	1
GA117-041----	class|wt	1
GA117-041----	county|GALWAY	1
GA117-041----	townland_ga|Gráig an Ghabhann	1
GA117-049----	class|he	1
GA117-049----	county|GALWAY	1
GA117-049----	townland_ga|An Coillín Thoir	1
GA119-027----	class|sc	1
GA119-027----	county|GALWAY	1
GA119-036----	class|wt	1
GA119-036----	county|GALWAY	1
GA119-077----	class|wt	1
GA119-077----	county|GALWAY	1
GA119-078----	class|wt	1
GA119-078----	county|GALWAY	1
GA120-020----	class|wt	1
GA120-020----	county|GALWAY	1
GA122-019----	class|wt	1
GA122-019----	county|GALWAY	1
GA122-019----	townland_ga|Baile na Stéige	1
GA122-072----	class|po	1
GA122-072----	county|GALWAY	1
GA122-072----	townland_ga|An Chrannach	1
GA125-039----	class|sc	1
GA125-039----	county|GALWAY	1
GA125-039----	townland_ga|An Coimín Thoir	1
GA125-045----	class|wt	1
GA125-045----	county|GALWAY	1
GA125-045----	townland_ga|An Chreig	1
GA125-119----	class|po	1
GA125-119----	county|GALWAY	1
GA125-119----	townland_ga|An Creigín	1
GA125-121----	class|wt	1
GA125-121----	county|GALWAY	1
GA125-121----	townland_ga|An Creigín	1
GA125-128----	class|wt	1
GA125-128----	county|GALWAY	1
GA125-128----	townland_ga|An Creigín	1
GA129-011----	class|wt	1
GA129-011----	county|GALWAY	1
GA129-011----	townland_ga|Doire Challainn Thuaidh	1
GA129-018----	class|wt	1
GA129-018----	county|GALWAY	1
GA129-018----	townland_ga|Cill Chruimthir	1
GA133A003----	class|mu	1
GA133A003----	county|GALWAY	1
GA133A003----	townland_ga|An Cillín	1
KD029-023----	class|sc	1
KD029-023----	county|KILDARE	1
KD029-023----	townland_ga| 	1
KD029-032----	class|sc	1
KD029-032----	county|KILDARE	1
KD029-032----	townland_ga| 	1
KD032-026002-	class|sc	1
KD032-026002-	county|KILDARE	1
KD032-026002-	townland_ga|Briúal Thiar	1
KD032-058----	class|cu	1
KD032-058----	county|KILDARE	1
KD032-058----	townland_ga|Briúal Thoir	1
KE001-007----	class|sr	1
KE001-007----	county|KERRY	1
KE001-007----	townland_ga|Biaille Láir	1
KE010-007----	class|mu	1
KE010-007----	county|KERRY	1
KE010-007----	townland_ga|Baile Uí Dhonnchú	1
KE010-017----	class|he	1
KE010-017----	county|KERRY	1
KE010-017----	townland_ga|An Garraí Ard	1
KE017-016001-	class|sc	1
KE017-016001-	county|KERRY	1
KE017-016001-	townland_ga| 	1
KE023-005----	class|sr	1
KE023-005----	county|KERRY	1
KE023-005----	townland_ga|An Fhéith Bháite	1
KE026-019----	class|mu	1
KE026-019----	county|KERRY	1
KE035-002----	class|sr	1
KE035-002----	county|KERRY	1
KE035-039----	class|sp	1
KE035-039----	county|KERRY	1
KE035-073001-	class|wt	1
KE035-073001-	county|KERRY	1
KE036-041----	class|sr	1
KE036-041----	county|KERRY	1
KE036-041----	townland_ga|Baile Ghearóid	1
KE037-035----	class|sr	1
KE037-035----	county|KERRY	1
KE037-035----	townland_ga|An Chora Dhubh	1
KE038-074----	class|pt	1
KE038-074----	county|KERRY	1
KE038-074----	townland_ga|Béal Átha na Ceártan	1
KE038-142----	class|cu	1
KE038-142----	county|KERRY	1
KE038-142----	townland_ga|Eanach	1
KE042-044----	class|mu	1
KE042-044----	county|KERRY	1
KE042-059----	class|sp	1
KE042-059----	county|KERRY	1
KE042-077----	class|sr	1
KE042-077----	county|KERRY	1
KE042-095----	class|sp	1
KE042-095----	county|KERRY	1
KE042-132008-	class|wt	1
KE042-132008-	county|KERRY	1
KE042-142----	class|wt	1
KE042-142----	county|KERRY	1
KE042-149----	class|wt	1
KE042-149----	county|KERRY	1
KE043-057----	class|sp	1
KE043-057----	county|KERRY	1
KE043-058----	class|sp	1
KE043-058----	county|KERRY	1
KE043-202----	class|sp	1
KE043-202----	county|KERRY	1
KE043-213----	class|sp	1
KE043-213----	county|KERRY	1
KE044-013----	class|sp	1
KE044-013----	county|KERRY	1
KE044-013----	townland_ga|Drom an Bhaile	1
KE044-022----	class|sp	1
KE044-022----	county|KERRY	1
KE044-022----	townland_ga|An Com Dubh	1
KE044-027----	class|sp	1
KE044-027----	county|KERRY	1
KE044-027----	townland_ga|Doire Uí Ghormáin	1
KE044-084----	class|sp	1
KE044-084----	county|KERRY	1
KE045-013001-	class|wt	1
KE045-013001-	county|KERRY	1
KE045-013001-	townland_ga|Mám na hAltóra	1
KE045-013002-	class|wt	1
KE045-013002-	county|KERRY	1
KE045-013002-	townland_ga|Mám na hAltóra	1
KE045-013003-	class|wt	1
KE045-013003-	county|KERRY	1
KE045-013003-	townland_ga|Mám na hAltóra	1
KE045-013006-	class|sp	1
KE045-013006-	county|KERRY	1
KE045-013006-	townland_ga|Mám na hAltóra	1
KE045-097----	class|sp	1
KE045-097----	county|KERRY	1
KE045-097----	townland_ga|Cathair Phiarais	1
KE047-052----	class|po	1
KE047-052----	county|KERRY	1
KE047-052----	townland_ga|Coill an Chlocháin	1
KE047-059----	class|po	1
KE047-059----	county|KERRY	1
KE047-059----	townland_ga|Coill an Chlocháin	1
KE047-112----	class|sc	1
KE047-112----	county|KERRY	1
KE047-112----	townland_ga| 	1
KE049-028001-	class|sc	1
KE049-028001-	county|KERRY	1
KE049-028001-	townland_ga|Scairteach an Ghlinne	1
KE049-029----	class|sp	1
KE049-029----	county|KERRY	1
KE049-029----	townland_ga| 	1
KE049-108----	class|sr	1
KE049-108----	county|KERRY	1
KE049-108----	townland_ga|An Cnoc Ramhar Thiar	1
KE049-110----	class|sc	1
KE049-110----	county|KERRY	1
KE049-110----	townland_ga|Béal Átha an Teamhrach	1
KE050-001----	class|wt	1
KE050-001----	county|KERRY	1
KE050-001----	townland_ga|An Doirín	1
KE052-016----	class|wt	1
KE052-016----	county|KERRY	1
KE052-023----	class|mu	1
KE052-023----	county|KERRY	1
KE052-281----	class|sp	1
KE052-281----	county|KERRY	1
KE052-301----	class|wt	1
KE052-301----	county|KERRY	1
KE054-016----	class|sr	1
KE054-016----	county|KERRY	1
KE054-016002-	class|bb	1
KE054-016002-	county|KERRY	1
KE054-045----	class|wt	1
KE054-045----	county|KERRY	1
KE054-047----	class|wt	1
KE054-047----	county|KERRY	1
KE054-085----	class|sp	1
KE054-085----	county|KERRY	1
KE054-093----	class|mu	1
KE054-093----	county|KERRY	1
KE057-010----	class|sp	1
KE057-010----	county|KERRY	1
KE057-010----	townland_ga|Baile Uí Bhioráin	1
KE057-037----	class|sp	1
KE057-037----	county|KERRY	1
KE057-037----	townland_ga| 	1
KE058-105----	class|sr	1
KE058-105----	county|KERRY	1
KE058-105----	townland_ga| 	1
KE058-134----	class|sc	1
KE058-134----	county|KERRY	1
KE058-134----	townland_ga| 	1
KE059-035----	class|sp	1
KE059-035----	county|KERRY	1
KE059-035----	townland_ga|Coill Bhraon Bheag	1
KE059-042----	class|sr	1
KE059-042----	county|KERRY	1
KE059-042----	townland_ga|Tuar na nÓineach	1
KE060-040----	class|sr	1
KE060-040----	county|KERRY	1
KE060-040----	townland_ga| 	1
KE063-005----	class|sp	1
KE063-005----	county|KERRY	1
KE063-005----	townland_ga|Cill na mBreac Íochtarach	1
KE067-020002-	class|sc	1
KE067-020002-	county|KERRY	1
KE067-020002-	townland_ga|Lios Uí Bhigín	1
KE067-020004-	class|sp	1
KE067-020004-	county|KERRY	1
KE067-020004-	townland_ga|Lios Uí Bhigín	1
KE067-032----	class|sp	1
KE067-032----	county|KERRY	1
KE067-032----	townland_ga| 	1
KE067-092001-	class|sp	1
KE067-092001-	county|KERRY	1
KE067-092001-	townland_ga|Bealach Comáin	1
KE067-169----	class|bb	1
KE067-169----	county|KERRY	1
KE067-169----	townland_ga|Na Tulacha	1
KE068-085----	class|sc	1
KE068-085----	county|KERRY	1
KE068-085----	townland_ga| 	1
KE068-110----	class|sr	1
KE068-110----	county|KERRY	1
KE068-110----	townland_ga| 	1
KE068-111----	class|sp	1
KE068-111----	county|KERRY	1
KE068-111----	townland_ga| 	1
KE070-016----	class|wt	1
KE070-016----	county|KERRY	1
KE070-016----	townland_ga| 	1
KE070-025002-	class|bb	1
KE070-025002-	county|KERRY	1
KE070-025002-	townland_ga|Cathair na mBan	1
KE070-028----	class|sp	1
KE070-028----	county|KERRY	1
KE070-028----	townland_ga| 	1
KE070-031----	class|sr	1
KE070-031----	county|KERRY	1
KE070-031----	townland_ga| 	1
KE070-035----	class|wt	1
KE070-035----	county|KERRY	1
KE070-035----	townland_ga| 	1
KE070-036----	class|wt	1
KE070-036----	county|KERRY	1
KE070-036----	townland_ga| 	1
KE070-068----	class|sp	1
KE070-068----	county|KERRY	1
KE070-068----	townland_ga|Tír Ó mBaoill	1
KE073-015----	class|sr	1
KE073-015----	county|KERRY	1
KE073-015----	townland_ga|An Currach Mór	1
KE075-008----	class|sp	1
KE075-008----	county|KERRY	1
KE075-008----	townland_ga|Na Cúilí	1
KE076-038----	class|wt	1
KE076-038----	county|KERRY	1
KE076-038----	townland_ga| 	1
KE076-056----	class|wt	1
KE076-056----	county|KERRY	1
KE076-056----	townland_ga| 	1
KE078-008----	class|wt	1
KE078-008----	county|KERRY	1
KE078-008----	townland_ga|An Chúil Thoir	1
KE079-023----	class|sp	1
KE079-023----	county|KERRY	1
KE079-023----	townland_ga| 	1
KE079-029----	class|wt	1
KE079-029----	county|KERRY	1
KE079-029----	townland_ga|Baile Uí Chairbre Thiar	1
KE079-076----	class|wt	1
KE079-076----	county|KERRY	1
KE079-076----	townland_ga| 	1
KE079-129----	class|wt	1
KE079-129----	county|KERRY	1
KE079-129----	townland_ga| 	1
KE080-022----	class|sp	1
KE080-022----	county|KERRY	1
KE080-022----	townland_ga| 	1
KE080-036----	class|sp	1
KE080-036----	county|KERRY	1
KE080-036----	townland_ga|Ceann Boirinn	1
KE080-044----	class|sp	1
KE080-044----	county|KERRY	1
KE081-002----	class|wt	1
KE081-002----	county|KERRY	1
KE082-007001-	class|sr	1
KE082-007001-	county|KERRY	1
KE082-007001-	townland_ga|Drom Tí Mhaicín	1
KE082-007002-	class|bb	1
KE082-007002-	county|KERRY	1
KE082-007002-	townland_ga|Drom Tí Mhaicín	1
KE082-051----	class|sr	1
KE082-051----	county|KERRY	1
KE082-051----	townland_ga|Doire Lice	1
KE085-001----	class|wt	1
KE085-001----	county|KERRY	1
KE085-001----	townland_ga|Cruachán	1
KE085-053001-	class|mu	1
KE085-053001-	county|KERRY	1
KE085-053001-	townland_ga|Leitir Ceanann	1
KE086-004001-	class|sp	1
KE086-004001-	county|KERRY	1
KE086-009----	class|sp	1
KE086-009----	county|KERRY	1
KE086-009----	townland_ga|Na hInsí	1
KE087-059----	class|sp	1
KE087-059----	county|KERRY	1
KE088-012----	class|sr	1
KE088-012----	county|KERRY	1
KE088-032----	class|mu	1
KE088-032----	county|KERRY	1
KE088-039----	class|mu	1
KE088-039----	county|KERRY	1
KE089-015----	class|mu	1
KE089-015----	county|KERRY	1
KE089-031----	class|sr	1
KE089-031----	county|KERRY	1
KE089-031----	townland_ga|Dúire	1
KE089-035----	class|sr	1
KE089-035----	county|KERRY	1
KE089-042----	class|sr	1
KE089-042----	county|KERRY	1
KE089-042----	townland_ga|Doire an Éadain	1
KE089-044----	class|sr	1
KE089-044----	county|KERRY	1
KE089-044----	townland_ga|Doire an Éadain	1
KE089-053----	class|sc	1
KE089-053----	county|KERRY	1
KE089-083----	class|wt	1
KE089-083----	county|KERRY	1
KE091-015003-	class|sr	1
KE091-015003-	county|KERRY	1
KE091-015003-	townland_ga|Gort an Chlocháin	1
KE091-022----	class|sp	1
KE091-022----	county|KERRY	1
KE091-022----	townland_ga|An Gaorthadh Thuaidh	1
KE091-046001-	class|bb	1
KE091-046001-	county|KERRY	1
KE091-046001-	townland_ga|Tulaigh Chaoil	1
KE091-103----	class|sp	1
KE091-103----	county|KERRY	1
KE091-103----	townland_ga|Drom Loiscthe	1
KE091-121----	class|sc	1
KE091-121----	county|KERRY	1
KE091-121----	townland_ga|An Eisc Dhoimhin	1
KE092-001----	class|sp	1
KE092-001----	county|KERRY	1
KE092-001----	townland_ga|Doire Ghearráin Theas	1
KE092-029----	class|sp	1
KE092-029----	county|KERRY	1
KE092-029----	townland_ga|Doirín an Phoill	1
KE093-016----	class|sr	1
KE093-016----	county|KERRY	1
KE093-016----	townland_ga|Cill Eoghain	1
KE093-018----	class|sc	1
KE093-018----	county|KERRY	1
KE093-018----	townland_ga|Cill Eoghain	1
KE093-018001-	class|bb	1
KE093-018001-	county|KERRY	1
KE093-018001-	townland_ga|Cill Eoghain	1
KE093-032001-	class|sc	1
KE093-032001-	county|KERRY	1
KE093-032001-	townland_ga|Neidín	1
KE093-032002-	class|bb	1
KE093-032002-	county|KERRY	1
KE093-032002-	townland_ga|Neidín	1
KE093-042----	class|sc	1
KE093-042----	county|KERRY	1
KE093-042----	townland_ga|Dúchoill	1
KE093-046----	class|sp	1
KE093-046----	county|KERRY	1
KE093-046----	townland_ga|Cill Achaidh Thiar	1
KE093-050001-	class|sc	1
KE093-050001-	county|KERRY	1
KE093-050001-	townland_ga|An Leaca Rua	1
KE093-050003-	class|bb	1
KE093-050003-	county|KERRY	1
KE093-050003-	townland_ga|An Leaca Rua	1
KE093-086003-	class|wt	1
KE093-086003-	county|KERRY	1
KE093-086003-	townland_ga|Baile Uí Ghrífín	1
KE093-087----	class|sc	1
KE093-087----	county|KERRY	1
KE093-087----	townland_ga|Drom an tSeabhaic	1
KE093-088----	class|sr	1
KE093-088----	county|KERRY	1
KE093-088----	townland_ga|Drom an tSeabhaic	1
KE093-093001-	class|wt	1
KE093-093001-	county|KERRY	1
KE093-093001-	townland_ga|Gort Leathard	1
KE094-021001-	class|sc	1
KE094-021001-	county|KERRY	1
KE094-021001-	townland_ga|Na Goirtíní	1
KE094-021002-	class|bb	1
KE094-021002-	county|KERRY	1
KE094-021002-	townland_ga|Na Goirtíní	1
KE094-028001-	class|bb	1
KE094-028001-	county|KERRY	1
KE094-028001-	townland_ga|Gulba	1
KE094-030----	class|wt	1
KE094-030----	county|KERRY	1
KE094-030----	townland_ga|Cnoc an Fhotha	1
KE094-095----	class|wt	1
KE094-095----	county|KERRY	1
KE094-095----	townland_ga|Barr na Stuaice	1
KE097-007----	class|mu	1
KE097-007----	county|KERRY	1
KE097-008----	class|wt	1
KE097-008----	county|KERRY	1
KE097-017001-	class|bb	1
KE097-017001-	county|KERRY	1
KE097-017003-	class|sr	1
KE097-017003-	county|KERRY	1
KE097-021----	class|wt	1
KE097-021----	county|KERRY	1
KE097-038----	class|sr	1
KE097-038----	county|KERRY	1
KE097-041----	class|sp	1
KE097-041----	county|KERRY	1
KE098-016----	class|sr	1
KE098-016----	county|KERRY	1
KE098-016----	townland_ga|Drom Caor	1
KE098-030001-	class|bb	1
KE098-030001-	county|KERRY	1
KE098-038----	class|mu	1
KE098-038----	county|KERRY	1
KE098-038----	townland_ga|An Coireán	1
KE098-047002-	class|sr	1
KE098-047002-	county|KERRY	1
KE099-018001-	class|sr	1
KE099-018001-	county|KERRY	1
KE099-018001-	townland_ga|Doirín Amhlaoibh	1
KE101-007001-	class|sc	1
KE101-007001-	county|KERRY	1
KE101-007001-	townland_ga|An Lóthart	1
KE101-007002-	class|bb	1
KE101-007002-	county|KERRY	1
KE101-007002-	townland_ga|An Lóthart	1
KE101-010001-	class|sc	1
KE101-010001-	county|KERRY	1
KE101-010001-	townland_ga|An Drom Rua	1
KE101-010002-	class|bb	1
KE101-010002-	county|KERRY	1
KE101-010002-	townland_ga|An Drom Rua	1
KE101-012001-	class|sc	1
KE101-012001-	county|KERRY	1
KE101-012001-	townland_ga|An Iúrach	1
KE101-015004-	class|sp	1
KE101-015004-	county|KERRY	1
KE101-015004-	townland_ga|Doirín Mhuireadhaigh	1
KE101-015007-	class|sr	1
KE101-015007-	county|KERRY	1
KE101-015007-	townland_ga|Doire Saileach	1
KE101-024009-	class|sp	1
KE101-024009-	county|KERRY	1
KE101-024009-	townland_ga|Drom Buachalla Íochtarach	1
KE101-025001-	class|sc	1
KE101-025001-	county|KERRY	1
KE101-025001-	townland_ga|An Iúrach	1
KE101-025002-	class|bb	1
KE101-025002-	county|KERRY	1
KE101-025002-	townland_ga|An Iúrach	1
KE101-025003-	class|bb	1
KE101-025003-	county|KERRY	1
KE101-025003-	townland_ga|An Iúrach	1
KE101-025005-	class|bb	1
KE101-025005-	county|KERRY	1
KE101-025005-	townland_ga|An Iúrach	1
KE101-025006-	class|bb	1
KE101-025006-	county|KERRY	1
KE101-025006-	townland_ga|An Iúrach	1
KE101-059001-	class|bb	1
KE101-059001-	county|KERRY	1
KE101-059001-	townland_ga|Cuar Uí Dhuinn	1
KE101-059002-	class|bb	1
KE101-059002-	county|KERRY	1
KE101-059002-	townland_ga|Cuar Uí Dhuinn	1
KE101-069001-	class|wt	1
KE101-069001-	county|KERRY	1
KE101-069001-	townland_ga|Meall an Ghamhna	1
KE101-076----	class|wt	1
KE101-076----	county|KERRY	1
KE101-076----	townland_ga|Barr Iarthach	1
KE101-105----	class|sc	1
KE101-105----	county|KERRY	1
KE101-105----	townland_ga|An Iúrach	1
KE101-108----	class|bb	1
KE101-108----	county|KERRY	1
KE101-108----	townland_ga|Cuar na gCoileach	1
KE102-025----	class|sp	1
KE102-025----	county|KERRY	1
KE102-025----	townland_ga|Baile na Faille	1
KE102-032002-	class|sc	1
KE102-032002-	county|KERRY	1
KE102-032002-	townland_ga|Drom an Ghoirtín	1
KE102-032003-	class|bb	1
KE102-032003-	county|KERRY	1
KE102-032003-	townland_ga|Drom an Ghoirtín	1
KE102-066----	class|wt	1
KE102-066----	county|KERRY	1
KE102-066----	townland_ga|An Chorrghráig	1
KE102-071----	class|wt	1
KE102-071----	county|KERRY	1
KE102-071----	townland_ga|An Eisc Thoir	1
KE102-072----	class|wt	1
KE102-072----	county|KERRY	1
KE102-072----	townland_ga|An Eisc Thoir	1
KE102-100----	class|sp	1
KE102-100----	county|KERRY	1
KE102-100----	townland_ga|Gort Lice	1
KE102-109----	class|wt	1
KE102-109----	county|KERRY	1
KE102-109----	townland_ga|Drom an Ghoirtín	1
KE102-112----	class|wt	1
KE102-112----	county|KERRY	1
KE102-112----	townland_ga|Doire na Cathrach	1
KE106-003004-	class|mu	1
KE106-003004-	county|KERRY	1
KE106-023001-	class|sp	1
KE106-023001-	county|KERRY	1
KE106-026001-	class|sr	1
KE106-026001-	county|KERRY	1
KE106-026001-	townland_ga|Garbhach	1
KE106-036001-	class|wt	1
KE106-036001-	county|KERRY	1
KE106-036002-	class|wt	1
KE106-036002-	county|KERRY	1
KE106-037----	class|wt	1
KE106-037----	county|KERRY	1
KE106-041----	class|wt	1
KE106-041----	county|KERRY	1
KE107-019----	class|sc	1
KE107-019----	county|KERRY	1
KE107-019----	townland_ga|An Lios	1
KE108-013001-	class|sc	1
KE108-013001-	county|KERRY	1
KE108-013001-	townland_ga|Caiseal Chaoilte	1
KE108-013002-	class|sr	1
KE108-013002-	county|KERRY	1
KE108-013002-	townland_ga|Caiseal Chaoilte	1
KE108-013004-	class|sc	1
KE108-013004-	county|KERRY	1
KE108-013004-	townland_ga|Caiseal Chaoilte	1
KE108-022----	class|sc	1
KE108-022----	county|KERRY	1
KE108-022----	townland_ga|Srón Bioráin	1
KE109-003001-	class|sc	1
KE109-003001-	county|KERRY	1
KE109-003001-	townland_ga|Drom Buachalla Uachtarach	1
KE109-014009-	class|sp	1
KE109-014009-	county|KERRY	1
KE109-014009-	townland_ga|An Clochrán	1
KE109-022----	class|wt	1
KE109-022----	county|KERRY	1
KE109-022----	townland_ga|Drom Buachalla Uachtarach	1
KE109-035001-	class|bb	1
KE109-035001-	county|KERRY	1
KE109-035001-	townland_ga|An Leithead	1
KE109-035003-	class|bb	1
KE109-035003-	county|KERRY	1
KE109-035003-	townland_ga|An Leithead	1
KE109-044----	class|bb	1
KE109-044----	county|KERRY	1
KE109-044----	townland_ga|Barr Iarthach	1
KE109-056002-	class|wt	1
KE109-056002-	county|KERRY	1
KE109-056002-	townland_ga|Craoibhín	1
KE111-019001-	class|sp	1
KE111-019001-	county|KERRY	1
KE111-019001-	townland_ga|Srón Bioráin	1
KK005-004----	class|cu	1
KK005-004----	county|KILKENNY	1
KK005-004----	townland_ga|Baile Oscail	1
KK008-109----	class|mu	1
KK008-109----	county|KILKENNY	1
KK008-109----	townland_ga|An Bábhún Mór	1
KK008-124001-	class|pt	1
KK008-124001-	county|KILKENNY	1
KK008-124001-	townland_ga|An Chloch Mhantach (Mount Garret)	1
KK008-140----	class|sp	1
KK008-140----	county|KILKENNY	1
KK008-140----	townland_ga|Ráth Oisín	1
KK012-062----	class|po	1
KK012-062----	county|KILKENNY	1
KK012-062----	townland_ga|An Bhuiríos Mhór	1
KK021-029----	class|mu	1
KK021-029----	county|KILKENNY	1
KK021-029----	townland_ga|An tSeanmhainistir	1
KK024-024----	class|he	1
KK024-024----	county|KILKENNY	1
KK024-024----	townland_ga|Clais Liam	1
KK031-031----	class|po	1
KK031-031----	county|KILKENNY	1
KK031-031----	townland_ga|Baile Roibín	1
KK032-009001-	class|po	1
KK032-009001-	county|KILKENNY	1
KK032-009001-	townland_ga|Baile Uí Labhra	1
KK032-010----	class|mu	1
KK032-010----	county|KILKENNY	1
KK032-010----	townland_ga|Baile Uí Labhra	1
KK032-021----	class|pt	1
KK032-021----	county|KILKENNY	1
KK032-021----	townland_ga|Doire na hInse	1
KK033-005----	class|sr	1
KK033-005----	county|KILKENNY	1
KK033-005----	townland_ga|Ráth Fhlainn	1
KK034-019001-	class|pt	1
KK034-019001-	county|KILKENNY	1
KK034-019001-	townland_ga|An Cnoc Rua	1
KK034-031----	class|pt	1
KK034-031----	county|KILKENNY	1
KK034-031----	townland_ga|Bán Fraoigh	1
KK035-044----	class|po	1
KK035-044----	county|KILKENNY	1
KK035-044----	townland_ga|Baile Anraí	1
KK035-053----	class|po	1
KK035-053----	county|KILKENNY	1
KK035-053----	townland_ga|Ónainn	1
KK035-087----	class|mu	1
KK035-087----	county|KILKENNY	1
KK035-087----	townland_ga|Cill Mhóg	1
KK035-096----	class|wt	1
KK035-096----	county|KILKENNY	1
KK035-096----	townland_ga|Ónainn	1
KK035-112----	class|wt	1
KK035-112----	county|KILKENNY	1
KK035-112----	townland_ga|An Bhuaile Ghlas	1
KK035-114----	class|wt	1
KK035-114----	county|KILKENNY	1
KK035-114----	townland_ga|An Garraí Dubh	1
KK036-035----	class|sr	1
KK036-035----	county|KILKENNY	1
KK036-035----	townland_ga|Baile an Ghabhann Beag	1
KK036-051----	class|wt	1
KK036-051----	county|KILKENNY	1
KK036-051----	townland_ga|Baile an Inneonaigh Thiar	1
KK037-023----	class|po	1
KK037-023----	county|KILKENNY	1
KK037-023----	townland_ga|Gleann Cloiche Léithe	1
KK038-005----	class|po	1
KK038-005----	county|KILKENNY	1
KK038-005----	townland_ga|Cill Ó Neire	1
KK038-009----	class|po	1
KK038-009----	county|KILKENNY	1
KK038-009----	townland_ga|Baile Hinibeire	1
KK039-044----	class|po	1
KK039-044----	county|KILKENNY	1
KK039-044----	townland_ga|An Ráithín	1
KK039-064----	class|po	1
KK039-064----	county|KILKENNY	1
KK039-064----	townland_ga|Tiobraid	1
KK039-082----	class|sc	1
KK039-082----	county|KILKENNY	1
KK039-082----	townland_ga|An Ráithín	1
KK040-002001-	class|mu	1
KK040-002001-	county|KILKENNY	1
KK040-002001-	townland_ga|Baile an Inneonaigh Thiar	1
KK040-020001-	class|ct	1
KK040-020001-	county|KILKENNY	1
KK040-020001-	townland_ga|An Fhearnóg	1
KK040-037----	class|mu	1
KK040-037----	county|KILKENNY	1
KK040-037----	townland_ga|Baile Mháirtín	1
KK042-050----	class|mu	1
KK042-050----	county|KILKENNY	1
KK042-050----	townland_ga|Ráth Fhoirbe Theas	1
KK045-015----	class|mu	1
KK045-015----	county|KILKENNY	1
KK045-015----	townland_ga|Baile an Licéadaigh	1
KK045-017----	class|mu	1
KK045-017----	county|KILKENNY	1
KK045-017----	townland_ga|Corrloda	1
LA006-001----	class|mu	1
LA006-001----	county|LAOIS	1
LA006-001----	townland_ga|Coillín an Phearsúin	1
LA021-021001-	class|he	1
LA021-021001-	county|LAOIS	1
LA021-021001-	townland_ga|An Baile Nua nó Scadharc	1
LA025-018----	class|mu	1
LA025-018----	county|LAOIS	1
LA025-018----	townland_ga|An Mainséar	1
LE001-020----	class|po	1
LE001-020----	county|LEITRIM	1
LE001-020----	townland_ga|Na Cabháin	1
LE001-021----	class|ct	1
LE001-021----	county|LEITRIM	1
LE001-021----	townland_ga|Na Cabháin	1
LE001-022----	class|po	1
LE001-022----	county|LEITRIM	1
LE001-022----	townland_ga|Na Cabháin	1
LE001-023----	class|wt	1
LE001-023----	county|LEITRIM	1
LE001-023----	townland_ga|Na Cabháin	1
LE001-024----	class|ct	1
LE001-024----	county|LEITRIM	1
LE001-024----	townland_ga|Na Cabháin	1
LE001-025----	class|mu	1
LE001-025----	county|LEITRIM	1
LE001-025----	townland_ga|Na Cabháin	1
LE002-018001-	class|wt	1
LE002-018001-	county|LEITRIM	1
LE002-018001-	townland_ga|Goirtín Darach	1
LE002-019----	class|ct	1
LE002-019----	county|LEITRIM	1
LE002-019----	townland_ga|Achadh an Doire Aird Thiar	1
LE002-021----	class|ct	1
LE002-021----	county|LEITRIM	1
LE002-021----	townland_ga|Achadh an Doire Aird Thoir	1
LE003-001001-	class|wt	1
LE003-001001-	county|LEITRIM	1
LE003-001001-	townland_ga|Achadh Sheanlis	1
LE003-002----	class|sp	1
LE003-002----	county|LEITRIM	1
LE003-002----	townland_ga|Achadh Sheanlis	1
LE003-005----	class|ct	1
LE003-005----	county|LEITRIM	1
LE003-005----	townland_ga|Seisceannán	1
LE003-006----	class|wt	1
LE003-006----	county|LEITRIM	1
LE003-006----	townland_ga|Seisceannán	1
LE004-001----	class|mu	1
LE004-001----	county|LEITRIM	1
LE004-001----	townland_ga|Learga Uí Dhónaill	1
LE004-009001-	class|ct	1
LE004-009001-	county|LEITRIM	1
LE004-009001-	townland_ga|An Mháiteach	1
LE004-011----	class|ct	1
LE004-011----	county|LEITRIM	1
LE004-011----	townland_ga|An Seas Gearr	1
LE005-022----	class|ct	1
LE005-022----	county|LEITRIM	1
LE005-022----	townland_ga|Tulaigh Sceithearnaí	1
LE006-026----	class|po	1
LE006-026----	county|LEITRIM	1
LE006-026----	townland_ga|Tamhnaigh Mhic Aodha	1
LE006-033----	class|wt	1
LE006-033----	county|LEITRIM	1
LE006-033----	townland_ga|Achadh Mór	1
LE007-008----	class|mu	1
LE007-008----	county|LEITRIM	1
LE007-008----	townland_ga|Corr na gCoileach	1
LE007-038----	class|ct	1
LE007-038----	county|LEITRIM	1
LE007-038----	townland_ga|Barr an Chaisleáin	1
LE007-052----	class|ct	1
LE007-052----	county|LEITRIM	1
LE007-052----	townland_ga|Tuaim Roide	1
LE007-057----	class|mu	1
LE007-057----	county|LEITRIM	1
LE007-057----	townland_ga|Droim na Croise	1
LE007-088----	class|ct	1
LE007-088----	county|LEITRIM	1
LE007-088----	townland_ga|An Learga	1
LE008-005----	class|wt	1
LE008-005----	county|LEITRIM	1
LE008-005----	townland_ga|Lios Rátha Rois	1
LE008-013----	class|mu	1
LE008-013----	county|LEITRIM	1
LE008-013----	townland_ga|Currach Chluana	1
LE010-002----	class|wt	1
LE010-002----	county|LEITRIM	1
LE010-002----	townland_ga|An Srath Mór	1
LE010-005----	class|ct	1
LE010-005----	county|LEITRIM	1
LE010-005----	townland_ga|Laíán	1
LE010-062001-	class|mu	1
LE010-062001-	county|LEITRIM	1
LE010-062001-	townland_ga|Laíán	1
LE011-001001-	class|mu	1
LE011-001001-	county|LEITRIM	1
LE011-001001-	townland_ga|Conré	1
LE011-031----	class|wt	1
LE011-031----	county|LEITRIM	1
LE011-031----	townland_ga|Ceathrú Mhic Oireacht	1
LE011-038001-	class|ct	1
LE011-038001-	county|LEITRIM	1
LE011-038001-	townland_ga|Tulaigh Sceithearnaí	1
LE011-038002-	class|ct	1
LE011-038002-	county|LEITRIM	1
LE011-038002-	townland_ga|Tulaigh Sceithearnaí	1
LE012-010----	class|ct	1
LE012-010----	county|LEITRIM	1
LE012-010----	townland_ga|An Carraigín Géar	1
LE013-005----	class|sr	1
LE013-005----	county|LEITRIM	1
LE013-005----	townland_ga|An Bhreacach Íochtarach	1
LE015-062----	class|ct	1
LE015-062----	county|LEITRIM	1
LE015-062----	townland_ga|Gort ar Móin	1
LE015-108001-	class|ct	1
LE015-108001-	county|LEITRIM	1
LE015-108001-	townland_ga|An Mullach Mór	1
LE018-006----	class|ct	1
LE018-006----	county|LEITRIM	1
LE018-006----	townland_ga|Coill na gCarn Íochtarach	1
LE018-007----	class|wt	1
LE018-007----	county|LEITRIM	1
LE018-007----	townland_ga|Coill na gCarn Íochtarach	1
LE020-007----	class|ct	1
LE020-007----	county|LEITRIM	1
LE020-007----	townland_ga|An Cloichreán Mór	1
LE021-016----	class|ct	1
LE021-016----	county|LEITRIM	1
LE021-016----	townland_ga|An Mullach Garbh	1
LE023-030----	class|pt	1
LE023-030----	county|LEITRIM	1
LE023-030----	townland_ga|Droim Leamhchoille	1
LE024-026----	class|wt	1
LE024-026----	county|LEITRIM	1
LE024-026----	townland_ga|Droim Eanaigh	1
LE024-027----	class|po	1
LE024-027----	county|LEITRIM	1
LE024-027----	townland_ga|Droim Eanaigh	1
LE024-042----	class|wt	1
LE024-042----	county|LEITRIM	1
LE024-042----	townland_ga|Loch an Scoir	1
LE024-044----	class|po	1
LE024-044----	county|LEITRIM	1
LE024-044----	townland_ga|Loch an Scoir	1
LE025-026----	class|ct	1
LE025-026----	county|LEITRIM	1
LE025-026----	townland_ga|An Chraobhaigh	1
LE025-063----	class|po	1
LE025-063----	county|LEITRIM	1
LE025-063----	townland_ga|An Chraobhaigh	1
LE025-067----	class|sr	1
LE025-067----	county|LEITRIM	1
LE025-067----	townland_ga|Na Clocha Fada	1
LE025-090----	class|sp	1
LE025-090----	county|LEITRIM	1
LE025-090----	townland_ga|An Coimín	1
LE025-092----	class|po	1
LE025-092----	county|LEITRIM	1
LE025-092----	townland_ga|Fíonach Beag	1
LE025-093001-	class|pt	1
LE025-093001-	county|LEITRIM	1
LE025-093001-	townland_ga|Fíonach Beag	1
LE025-093002-	class|pt	1
LE025-093002-	county|LEITRIM	1
LE025-093002-	townland_ga|Fíonach Beag	1
LE027-054001-	class|pt	1
LE027-054001-	county|LEITRIM	1
LE027-054001-	townland_ga|An tSí Mhór	1
LE027-054002-	class|pt	1
LE027-054002-	county|LEITRIM	1
LE027-054002-	townland_ga|An tSí Mhór	1
LE027-054003-	class|pt	1
LE027-054003-	county|LEITRIM	1
LE027-054003-	townland_ga|An tSí Mhór	1
LE028-002----	class|pt	1
LE028-002----	county|LEITRIM	1
LE028-002----	townland_ga|An Screabach	1
LE028-004----	class|sp	1
LE028-004----	county|LEITRIM	1
LE028-004----	townland_ga|Coill an Chláir Mhór	1
LE028-022----	class|pt	1
LE028-022----	county|LEITRIM	1
LE028-022----	townland_ga|An tSí Bheag	1
LE029-002----	class|ct	1
LE029-002----	county|LEITRIM	1
LE029-002----	townland_ga|An Coimín	1
LE030-011----	class|mu	1
LE030-011----	county|LEITRIM	1
LE030-011----	townland_ga|Leamhchoill	1
LE030-027----	class|sr	1
LE030-027----	county|LEITRIM	1
LE030-027----	townland_ga|Míoltrán	1
LE030-030----	class|sp	1
LE030-030----	county|LEITRIM	1
LE030-030----	townland_ga|Cluain Comhraic	1
LE030-041----	class|sr	1
LE030-041----	county|LEITRIM	1
LE030-041----	townland_ga|Oireadh	1
LE032-086----	class|po	1
LE032-086----	county|LEITRIM	1
LE032-086----	townland_ga|Cluain Fionnáin	1
LE033-016----	class|po	1
LE033-016----	county|LEITRIM	1
LE033-016----	townland_ga|Achadh an Mheasa	1
LE033-025----	class|po	1
LE033-025----	county|LEITRIM	1
LE033-025----	townland_ga|An Sonnach Mór	1
LE033-027----	class|po	1
LE033-027----	county|LEITRIM	1
LE033-027----	townland_ga|An Sonnach Mór	1
LE033-032----	class|mu	1
LE033-032----	county|LEITRIM	1
LE033-032----	townland_ga|Tulaigh Odhráin	1
LE033-039----	class|mu	1
LE033-039----	county|LEITRIM	1
LE033-039----	townland_ga|Droim Caolmhaí	1
LE033-046----	class|ct	1
LE033-046----	county|LEITRIM	1
LE033-046----	townland_ga|An Críonach	1
LE033-047----	class|ct	1
LE033-047----	county|LEITRIM	1
LE033-047----	townland_ga|An Críonach	1
LE033-052----	class|mu	1
LE033-052----	county|LEITRIM	1
LE033-052----	townland_ga|Droim Connaidh	1
LE033-053----	class|wt	1
LE033-053----	county|LEITRIM	1
LE033-053----	townland_ga|An Chorr Dhubh Theas	1
LE036-012----	class|po	1
LE036-012----	county|LEITRIM	1
LE036-012----	townland_ga|An Ladhar	1
LE036-018----	class|po	1
LE036-018----	county|LEITRIM	1
LE036-018----	townland_ga|Eanach Mór	1
LF003-015----	class|po	1
LF003-015----	county|LONGFORD	1
LF003-015----	townland_ga|Biorainneach	1
LF005-007----	class|po	1
LF005-007----	county|LONGFORD	1
LF005-007----	townland_ga|Miolcach	1
LF005-012----	class|sr	1
LF005-012----	county|LONGFORD	1
LF005-012----	townland_ga|Leitir Conaill	1
LF005-017----	class|pt	1
LF005-017----	county|LONGFORD	1
LF005-017----	townland_ga|Dúlrac	1
LF006-004----	class|po	1
LF006-004----	county|LONGFORD	1
LF006-004----	townland_ga|Claonráth	1
LF006-017----	class|po	1
LF006-017----	county|LONGFORD	1
LF006-017----	townland_ga|Achadh na Cloiche	1
LF008-037----	class|wt	1
LF008-037----	county|LONGFORD	1
LF008-037----	townland_ga|An Cluainín	1
LF011-004----	class|mu	1
LF011-004----	county|LONGFORD	1
LF011-004----	townland_ga|Achadh na gCeathrún	1
LF011-007----	class|sc	1
LF011-007----	county|LONGFORD	1
LF011-007----	townland_ga|Cloch Choirnéil	1
LF011-016----	class|sc	1
LF011-016----	county|LONGFORD	1
LF011-016----	townland_ga|Cartrún an Bhóthair	1
LF018-065----	class|ct	1
LF018-065----	county|LONGFORD	1
LF018-065----	townland_ga|Mainistir Dhearg	1
LF018-070----	class|mu	1
LF018-070----	county|LONGFORD	1
LF018-070----	townland_ga|Cluain Cirr	1
LH004-002001-	class|sc	1
LH004-002001-	county|LOUTH	1
LH004-002001-	townland_ga|Gleann na bhFiach	1
LH004-004----	class|pt	1
LH004-004----	county|LOUTH	1
LH004-004----	townland_ga|Gleann na bhFiach	1
LH004-016----	class|po	1
LH004-016----	county|LOUTH	1
LH004-016----	townland_ga|Móin na Scríbe	1
LH004-032----	class|po	1
LH004-032----	county|LOUTH	1
LH004-032----	townland_ga|Áth na Sceach	1
LH004-033----	class|ct	1
LH004-033----	county|LOUTH	1
LH004-033----	townland_ga|Áth na Sceach	1
LH004-036----	class|ct	1
LH004-036----	county|LOUTH	1
LH004-036----	townland_ga|Droim na Saileach	1
LH004-041----	class|ct	1
LH004-041----	county|LOUTH	1
LH004-041----	townland_ga|Áth na Sceach	1
LH004-055----	class|wt	1
LH004-055----	county|LOUTH	1
LH004-055----	townland_ga|An Lorgain Chaol	1
LH004-056----	class|po	1
LH004-056----	county|LOUTH	1
LH004-056----	townland_ga|An Lorgain Chaol	1
LH004-062----	class|mu	1
LH004-062----	county|LOUTH	1
LH004-062----	townland_ga|Fochaird Íochtarach	1
LH004-074----	class|po	1
LH004-074----	county|LOUTH	1
LH004-074----	townland_ga|Proilíg	1
LH004-075----	class|wt	1
LH004-075----	county|LOUTH	1
LH004-075----	townland_ga|Proilíg	1
LH004-091----	class|ct	1
LH004-091----	county|LOUTH	1
LH004-091----	townland_ga|Baile Mhic Eileoid	1
LH004-100001-	class|sc	1
LH004-100001-	county|LOUTH	1
LH004-100001-	townland_ga|Carraig Éamainn	1
LH004-100003-	class|sr	1
LH004-100003-	county|LOUTH	1
LH004-100003-	townland_ga|Carraig Éamainn	1
LH004-100007-	class|sr	1
LH004-100007-	county|LOUTH	1
LH004-100007-	townland_ga|Carraig Éamainn	1
LH004-128----	class|ct	1
LH004-128----	county|LOUTH	1
LH004-128----	townland_ga|Gleann na bhFiach	1
LH005-018----	class|mu	1
LH005-018----	county|LOUTH	1
LH005-018----	townland_ga|Corr an Chait	1
LH006-015001-	class|pt	1
LH006-015001-	county|LOUTH	1
LH006-015001-	townland_ga|Cilleán	1
LH006-016----	class|mu	1
LH006-016----	county|LOUTH	1
LH006-016----	townland_ga|Cilleán	1
LH007-001003-	class|sc	1
LH007-001003-	county|LOUTH	1
LH007-001003-	townland_ga|Baile Uí Réigín	1
LH007-001009-	class|sp	1
LH007-001009-	county|LOUTH	1
LH007-001009-	townland_ga|Baile Uí Réigín	1
LH007-012001-	class|sc	1
LH007-012001-	county|LOUTH	1
LH007-012001-	townland_ga|An Carn Beag	1
LH008-022----	class|ct	1
LH008-022----	county|LOUTH	1
LH008-022----	townland_ga|An Coimín	1
LH008-033----	class|ct	1
LH008-033----	county|LOUTH	1
LH008-033----	townland_ga|Carraig an Mharascalaigh	1
LH008-060----	class|mu	1
LH008-060----	county|LOUTH	1
LH008-060----	townland_ga|An Ghráinseach Ghaelach	1
LH008-061----	class|ct	1
LH008-061----	county|LOUTH	1
LH008-061----	townland_ga|An Ghráinseach Ghaelach	1
LH011-020001-	class|sc	1
LH011-020001-	county|LOUTH	1
LH011-020001-	townland_ga|Ráth Aidí	1
LH021-021----	class|wt	1
LH021-021----	county|LOUTH	1
LH021-021----	townland_ga|An Peadac	1
LH024-008002-	class|pt	1
LH024-008002-	county|LOUTH	1
LH024-008002-	townland_ga|Halla an Toinlígh	1
LH025-002----	class|sp	1
LH025-002----	county|LOUTH	1
LH025-002----	townland_ga|Baile Trá	1
LI006-031----	class|wt	1
LI006-031----	county|LIMERICK	1
LI006-031----	townland_ga|Ceapach na hAithne	1
LI007-006----	class|wt	1
LI007-006----	county|LIMERICK	1
LI007-006----	townland_ga|An Garrán Bán	1
LI010-050002-	class|sr	1
LI010-050002-	county|LIMERICK	1
LI010-050002-	townland_ga|Tuaim Dhaoile Thuaidh	1
LI012-067----	class|wt	1
LI012-067----	county|LIMERICK	1
LI012-067----	townland_ga|An Cloichreán	1
LI014-024001-	class|sc	1
LI014-024001-	county|LIMERICK	1
LI014-024001-	townland_ga|Ard an Ghoirt	1
LI016-002001-	class|sr	1
LI016-002001-	county|LIMERICK	1
LI016-002001-	townland_ga|Leaca na gCoiníní	1
LI023-296----	class|sp	1
LI023-296----	county|LIMERICK	1
LI023-323----	class|mu	1
LI023-323----	county|LIMERICK	1
LI023-323----	townland_ga|Baile Adaim	1
LI024-295----	class|mu	1
LI024-295----	county|LIMERICK	1
LI024-295----	townland_ga|An Garraí Dubh	1
LI030-081----	class|wt	1
LI030-081----	county|LIMERICK	1
LI030-081----	townland_ga|Cill Mochua	1
LI031-041003-	class|bb	1
LI031-041003-	county|LIMERICK	1
LI031-041003-	townland_ga|Cathair an Ghiolla Mhóir	1
LI031-041006-	class|bb	1
LI031-041006-	county|LIMERICK	1
LI031-041006-	townland_ga|Cathair an Ghiolla Mhóir	1
LI031-072----	class|he	1
LI031-072----	county|LIMERICK	1
LI031-072----	townland_ga|Bóthar Ó gCadhla	1
LI031-074----	class|mu	1
LI031-074----	county|LIMERICK	1
LI031-074----	townland_ga|Raithean	1
LI032-002----	class|sc	1
LI032-002----	county|LIMERICK	1
LI032-002----	townland_ga|An Ghráinsigh	1
LI032-003----	class|ct	1
LI032-003----	county|LIMERICK	1
LI032-003----	townland_ga|An Ghráinsigh	1
LI032-004001-	class|sc	1
LI032-004001-	county|LIMERICK	1
LI032-004001-	townland_ga|An Ghráinsigh	1
LI032-005----	class|sc	1
LI032-005----	county|LIMERICK	1
LI032-005----	townland_ga|An Ghráinsigh	1
LI032-006----	class|sc	1
LI032-006----	county|LIMERICK	1
LI032-006----	townland_ga|An Ghráinsigh	1
LI032-014005-	class|sc	1
LI032-014005-	county|LIMERICK	1
LI032-014005-	townland_ga|Cnoc Finéil	1
LI032-029----	class|wt	1
LI032-029----	county|LIMERICK	1
LI032-029----	townland_ga|Loch Goir	1
LI032-046----	class|mu	1
LI032-046----	county|LIMERICK	1
LI032-046----	townland_ga|Baile na gCailleach	1
LI032-058----	class|sc	1
LI032-058----	county|LIMERICK	1
LI032-058----	townland_ga|Loch Goir	1
LI032-060----	class|sc	1
LI032-060----	county|LIMERICK	1
LI032-060----	townland_ga|Loch Goir	1
LI032-064----	class|sc	1
LI032-064----	county|LIMERICK	1
LI032-064----	townland_ga|Tobar Phádraig	1
LI032-065002-	class|sc	1
LI032-065002-	county|LIMERICK	1
LI032-065002-	townland_ga|Tobar Phádraig	1
LI032-065003-	class|sc	1
LI032-065003-	county|LIMERICK	1
LI032-065003-	townland_ga|Tobar Phádraig	1
LI032-099----	class|sc	1
LI032-099----	county|LIMERICK	1
LI032-099----	townland_ga|Baile na Móna	1
LI032-139007-	class|cu	1
LI032-139007-	county|LIMERICK	1
LI032-139007-	townland_ga|Cnoc Áine Thiar	1
LI032-334----	class|cu	1
LI032-334----	county|LIMERICK	1
LI032-334----	townland_ga|Cnoc Áine Thiar	1
LI033-049----	class|wt	1
LI033-049----	county|LIMERICK	1
LI033-049----	townland_ga|Cnoc Cromail	1
LI038-146----	class|sr	1
LI038-146----	county|LIMERICK	1
LI038-146----	townland_ga|An Ghráig	1
LI048-039----	class|sp	1
LI048-039----	county|LIMERICK	1
LI048-039----	townland_ga|An Chois	1
LI049-077----	class|pt	1
LI049-077----	county|LIMERICK	1
LI049-077----	townland_ga|An Chluain Mhór	1
LI049-290----	class|sp	1
LI049-290----	county|LIMERICK	1
LI049-290----	townland_ga|Garrán an Laighnigh	1
LI050-015----	class|po	1
LI050-015----	county|LIMERICK	1
LI050-015----	townland_ga|An Bhearna	1
LI055-033----	class|wt	1
LI055-033----	county|LIMERICK	1
LI055-033----	townland_ga|Garraí an Phúca	1
LI056-014----	class|sc	1
LI056-014----	county|LIMERICK	1
LI056-014----	townland_ga|Baile an Laighnigh Íochtarach	1
LI056-052----	class|sc	1
LI056-052----	county|LIMERICK	1
LI056-052----	townland_ga|Gleann an Áir Thiar	1
MA004-012----	class|ct	1
MA004-012----	county|MAYO	1
MA004-013----	class|sc	1
MA004-013----	county|MAYO	1
MA004-016001-	class|ct	1
MA004-016001-	county|MAYO	1
MA004-023----	class|ct	1
MA004-023----	county|MAYO	1
MA006-005----	class|wt	1
MA006-005----	county|MAYO	1
MA006-013----	class|ct	1
MA006-013----	county|MAYO	1
MA006-014----	class|ct	1
MA006-014----	county|MAYO	1
MA006-014----	townland_ga|Gleann Iolra	1
MA006-016001-	class|mu	1
MA006-016001-	county|MAYO	1
MA006-016001-	townland_ga|Gleann Iolra	1
MA006-016002-	class|mu	1
MA006-016002-	county|MAYO	1
MA006-016002-	townland_ga|Gleann Iolra	1
MA006-017----	class|mu	1
MA006-017----	county|MAYO	1
MA006-017----	townland_ga|Gleann Iolra	1
MA006-018----	class|mu	1
MA006-018----	county|MAYO	1
MA006-019----	class|ct	1
MA006-019----	county|MAYO	1
MA006-020----	class|mu	1
MA006-020----	county|MAYO	1
MA006-021----	class|ct	1
MA006-021----	county|MAYO	1
MA006-021----	townland_ga|Gleann Iolra	1
MA006-024----	class|po	1
MA006-024----	county|MAYO	1
MA006-024----	townland_ga|Baile an Chnoic	1
MA006-027----	class|ct	1
MA006-027----	county|MAYO	1
MA006-027----	townland_ga|An Srath Logach Thiar	1
MA007-009001-	class|sc	1
MA007-009001-	county|MAYO	1
MA007-009001-	townland_ga|Baile an Chábáin	1
MA007-016004-	class|mu	1
MA007-016004-	county|MAYO	1
MA007-016004-	townland_ga|Ráth Leacáin	1
MA007-016006-	class|ct	1
MA007-016006-	county|MAYO	1
MA007-016006-	townland_ga|Ráth Leacáin	1
MA007-016007-	class|ct	1
MA007-016007-	county|MAYO	1
MA007-016007-	townland_ga|Baile an Chaisleáin	1
MA007-016008-	class|ct	1
MA007-016008-	county|MAYO	1
MA007-016008-	townland_ga|Baile an Chaisleáin	1
MA007-032001-	class|ct	1
MA007-032001-	county|MAYO	1
MA007-032001-	townland_ga|Dún na Dóibe	1
MA007-041----	class|ct	1
MA007-041----	county|MAYO	1
MA007-041----	townland_ga|An Chraobhach	1
MA007-043----	class|po	1
MA007-043----	county|MAYO	1
MA007-043----	townland_ga|Baile an Chnoic	1
MA007-045001-	class|ct	1
MA007-045001-	county|MAYO	1
MA007-045001-	townland_ga|An Baile Glas	1
MA007-046----	class|ct	1
MA007-046----	county|MAYO	1
MA007-046----	townland_ga|An Baile Glas	1
MA007-052----	class|ct	1
MA007-052----	county|MAYO	1
MA007-052----	townland_ga|Ráth Thamhnach	1
MA007-054----	class|ct	1
MA007-054----	county|MAYO	1
MA007-054----	townland_ga|Ceathrú Mhic Sheáin	1
MA007-056----	class|wt	1
MA007-056----	county|MAYO	1
MA007-056----	townland_ga|An Chraobhach	1
MA007-057----	class|ct	1
MA007-057----	county|MAYO	1
MA007-057----	townland_ga|Leithcheathrú an Teampaill	1
MA007-058----	class|ct	1
MA007-058----	county|MAYO	1
MA007-058----	townland_ga|Leithcheathrú an Teampaill	1
MA007-081013-	class|mu	1
MA007-081013-	county|MAYO	1
MA007-081013-	townland_ga|Ceathrú Mhór Chill Bhríde	1
MA009-002003-	class|mu	1
MA009-002003-	county|MAYO	1
MA010-011----	class|ct	1
MA010-011----	county|MAYO	1
MA010-012----	class|mu	1
MA010-012----	county|MAYO	1
MA010-037001-	class|mu	1
MA010-037001-	county|MAYO	1
MA011-002001-	class|ct	1
MA011-002001-	county|MAYO	1
MA011-003----	class|sc	1
MA011-003----	county|MAYO	1
MA011-007----	class|ct	1
MA011-007----	county|MAYO	1
MA011-008----	class|po	1
MA011-008----	county|MAYO	1
MA011-009----	class|po	1
MA011-009----	county|MAYO	1
MA011-010----	class|mu	1
MA011-010----	county|MAYO	1
MA011-011----	class|mu	1
MA011-011----	county|MAYO	1
MA011-012----	class|mu	1
MA011-012----	county|MAYO	1
MA011-013----	class|mu	1
MA011-013----	county|MAYO	1
MA011-014----	class|mu	1
MA011-014----	county|MAYO	1
MA011-015----	class|ct	1
MA011-015----	county|MAYO	1
MA011-016----	class|mu	1
MA011-016----	county|MAYO	1
MA011-017----	class|ct	1
MA011-017----	county|MAYO	1
MA011-029----	class|sc	1
MA011-029----	county|MAYO	1
MA013-001----	class|ct	1
MA013-001----	county|MAYO	1
MA013-001----	townland_ga|Achadh	1
MA013-007----	class|sp	1
MA013-007----	county|MAYO	1
MA013-007----	townland_ga|Caolghleann	1
MA014-002002-	class|ct	1
MA014-002002-	county|MAYO	1
MA014-002002-	townland_ga|Ceathrú Mhic Giobac Uachtarach	1
MA014-002007-	class|ct	1
MA014-002007-	county|MAYO	1
MA014-002007-	townland_ga|Baile an Ghleanna	1
MA014-004----	class|ct	1
MA014-004----	county|MAYO	1
MA014-004----	townland_ga|Ráth Thamhnach	1
MA014-010----	class|ct	1
MA014-010----	county|MAYO	1
MA014-010----	townland_ga|Achadh Liag	1
MA014-011002-	class|ct	1
MA014-011002-	county|MAYO	1
MA014-011002-	townland_ga|Beairnín Uachtair	1
MA014-053----	class|ct	1
MA014-053----	county|MAYO	1
MA014-053----	townland_ga|An tEanach Mór	1
MA014-055----	class|ct	1
MA014-055----	county|MAYO	1
MA014-055----	townland_ga|An Baile Beag	1
MA014-069----	class|ct	1
MA014-069----	county|MAYO	1
MA014-069----	townland_ga|An Chraobhach Mhór	1
MA014-070----	class|ct	1
MA014-070----	county|MAYO	1
MA014-070----	townland_ga|An Chraobhach Mhór	1
MA014-073----	class|ct	1
MA014-073----	county|MAYO	1
MA014-073----	townland_ga|An Baile Beag	1
MA014-076----	class|ct	1
MA014-076----	county|MAYO	1
MA014-076----	townland_ga|Ruachán	1
MA014-093----	class|ct	1
MA014-093----	county|MAYO	1
MA014-093----	townland_ga|An Ráth Bhán	1
MA015-017----	class|wt	1
MA015-017----	county|MAYO	1
MA015-017----	townland_ga|Bréisteach	1
MA015-019----	class|mu	1
MA015-019----	county|MAYO	1
MA015-019----	townland_ga|Bréisteach	1
MA015-020----	class|ct	1
MA015-020----	county|MAYO	1
MA015-020----	townland_ga|An Caiseal	1
MA015-024----	class|ct	1
MA015-024----	county|MAYO	1
MA015-024----	townland_ga|Cluain Buí	1
MA015-025001-	class|sc	1
MA015-025001-	county|MAYO	1
MA015-025001-	townland_ga|Ráth Bhrannaibh	1
MA015-027001-	class|wt	1
MA015-027001-	county|MAYO	1
MA015-027001-	townland_ga|Páirc Ráth Bhrannaibh	1
MA015-027002-	class|sc	1
MA015-027002-	county|MAYO	1
MA015-027002-	townland_ga|Páirc Ráth Bhrannaibh	1
MA015-028----	class|ct	1
MA015-028----	county|MAYO	1
MA015-028----	townland_ga|An Carbad Mór	1
MA015-044007-	class|wt	1
MA015-044007-	county|MAYO	1
MA015-044007-	townland_ga|Plotaí an Bhaile Thiar	1
MA016-008001-	class|sc	1
MA016-008001-	county|MAYO	1
MA016-008005-	class|sc	1
MA016-008005-	county|MAYO	1
MA016-008006-	class|sc	1
MA016-008006-	county|MAYO	1
MA017-007----	class|mu	1
MA017-007----	county|MAYO	1
MA018-004----	class|ct	1
MA018-004----	county|MAYO	1
MA020-001----	class|ct	1
MA020-001----	county|MAYO	1
MA020-001----	townland_ga|Tamhnaigh an Mhadaidh Dhuibh	1
MA020-002----	class|sr	1
MA020-002----	county|MAYO	1
MA020-002----	townland_ga|Tamhnaigh an Mhadaidh Dhuibh	1
MA021-008----	class|mu	1
MA021-008----	county|MAYO	1
MA021-008----	townland_ga|Béal Átha an Duáin	1
MA021-028----	class|mu	1
MA021-028----	county|MAYO	1
MA021-028----	townland_ga|Dún an Arbha Uachtarach	1
MA021-029----	class|mu	1
MA021-029----	county|MAYO	1
MA021-029----	townland_ga|Dún an Arbha Uachtarach	1
MA021-044----	class|ct	1
MA021-044----	county|MAYO	1
MA021-044----	townland_ga|Tamhnaigh an Mhadaidh Dhuibh	1
MA021-057----	class|ct	1
MA021-057----	county|MAYO	1
MA021-057----	townland_ga|Na Leasanna	1
MA021-064----	class|mu	1
MA021-064----	county|MAYO	1
MA021-064----	townland_ga|Cnoc an Eanaigh	1
MA024-014----	class|sc	1
MA024-014----	county|MAYO	1
MA026-002001-	class|ct	1
MA026-002001-	county|MAYO	1
MA026-004----	class|mu	1
MA026-004----	county|MAYO	1
MA026-004----	townland_ga|Baingear	1
MA027-002001-	class|wt	1
MA027-002001-	county|MAYO	1
MA027-002001-	townland_ga|An Leargain Bheag	1
MA028-001----	class|ct	1
MA028-001----	county|MAYO	1
MA028-001----	townland_ga|Seanbhoth Dhoinneáin	1
MA028-003003-	class|ct	1
MA028-003003-	county|MAYO	1
MA028-003003-	townland_ga|Eiscreach	1
MA028-003004-	class|sr	1
MA028-003004-	county|MAYO	1
MA028-003004-	townland_ga|Eiscreach	1
MA028-006----	class|sr	1
MA028-006----	county|MAYO	1
MA028-006----	townland_ga|Dumha Liag Mór	1
MA028-010----	class|wt	1
MA028-010----	county|MAYO	1
MA028-010----	townland_ga|Dúbeithigh	1
MA029-035----	class|po	1
MA029-035----	county|MAYO	1
MA029-035----	townland_ga|An tAonach Beag	1
MA029-057----	class|ct	1
MA029-057----	county|MAYO	1
MA029-057----	townland_ga|Na Caithríní	1
MA030-052001-	class|mu	1
MA030-052001-	county|MAYO	1
MA030-052001-	townland_ga|Béal an Átha	1
MA030-059----	class|ct	1
MA030-059----	county|MAYO	1
MA030-059----	townland_ga|Baile Uí Thuathaláin	1
MA030-073----	class|mu	1
MA030-073----	county|MAYO	1
MA030-073----	townland_ga|Béal an Átha	1
MA031-005----	class|wt	1
MA031-005----	county|MAYO	1
MA031-005----	townland_ga|Ceathrú Bhlaoch	1
MA031-034----	class|ct	1
MA031-034----	county|MAYO	1
MA031-034----	townland_ga|Ceathrú Bhlaoch	1
MA031-048----	class|mu	1
MA031-048----	county|MAYO	1
MA031-048----	townland_ga|Droim Síon	1
MA031-055----	class|mu	1
MA031-055----	county|MAYO	1
MA031-055----	townland_ga|Corr Imligh Uachtair	1
MA031-056----	class|pt	1
MA031-056----	county|MAYO	1
MA031-056----	townland_ga|An Cheathrú Riabhach	1
MA032-001----	class|ct	1
MA032-001----	county|MAYO	1
MA032-001----	townland_ga|Ceathrú na gCloch	1
MA038-001----	class|ct	1
MA038-001----	county|MAYO	1
MA038-001----	townland_ga|Ceathrú an Chillín	1
MA038-001001-	class|ct	1
MA038-001001-	county|MAYO	1
MA038-001001-	townland_ga|Ceathrú an Chillín	1
MA038-021----	class|wt	1
MA038-021----	county|MAYO	1
MA038-021----	townland_ga|An Cheathrú Gharbh Theas	1
MA038-072----	class|mu	1
MA038-072----	county|MAYO	1
MA038-072----	townland_ga|An Chraobhaigh	1
MA038-102----	class|mu	1
MA038-102----	county|MAYO	1
MA038-102----	townland_ga|Srath Uí Chuinneagáin	1
MA038-212----	class|mu	1
MA038-212----	county|MAYO	1
MA038-212----	townland_ga|An Chraobhaigh	1
MA039-010----	class|ct	1
MA039-010----	county|MAYO	1
MA039-010----	townland_ga|Ardach	1
MA039-020001-	class|ct	1
MA039-020001-	county|MAYO	1
MA039-020001-	townland_ga|An Creagán	1
MA039-050001-	class|ct	1
MA039-050001-	county|MAYO	1
MA039-050001-	townland_ga|An Baile Beag	1
MA039-083----	class|ct	1
MA039-083----	county|MAYO	1
MA039-083----	townland_ga|Mullach Thamhnaí	1
MA039-098001-	class|ct	1
MA039-098001-	county|MAYO	1
MA039-098001-	townland_ga|Baile Mhic Réamainn	1
MA039-104----	class|ct	1
MA039-104----	county|MAYO	1
MA039-104----	townland_ga|An Droim Riabhach	1
MA040-017----	class|mu	1
MA040-017----	county|MAYO	1
MA040-017----	townland_ga|An Cheathrú Chrom	1
MA040-019----	class|wt	1
MA040-019----	county|MAYO	1
MA040-019----	townland_ga|An Cheathrú Chrom	1
MA040-092----	class|sr	1
MA040-092----	county|MAYO	1
MA040-092----	townland_ga|An Cheathrú Chrom	1
MA040-094----	class|wt	1
MA040-094----	county|MAYO	1
MA040-094----	townland_ga|Ceathrú an Chaisleáin	1
MA040-104----	class|sp	1
MA040-104----	county|MAYO	1
MA040-104----	townland_ga|Corr Odhar	1
MA042-009----	class|mu	1
MA042-009----	county|MAYO	1
MA042-009----	townland_ga|An Sliabh Mór	1
MA042-010----	class|sc	1
MA042-010----	county|MAYO	1
MA042-010----	townland_ga|An Sliabh Mór	1
MA042-012----	class|mu	1
MA042-012----	county|MAYO	1
MA042-012----	townland_ga|An Sliabh Mór	1
MA042-017002-	class|mu	1
MA042-017002-	county|MAYO	1
MA042-017002-	townland_ga|An Sliabh Mór	1
MA042-020----	class|ct	1
MA042-020----	county|MAYO	1
MA042-020----	townland_ga|An Caol Thoir	1
MA042-021001-	class|ct	1
MA042-021001-	county|MAYO	1
MA042-021001-	townland_ga|An Caol Thoir	1
MA042-021004-	class|mu	1
MA042-021004-	county|MAYO	1
MA042-021004-	townland_ga|An Caol Thoir	1
MA042-021007-	class|sc	1
MA042-021007-	county|MAYO	1
MA042-021007-	townland_ga|An Caol Thoir	1
MA042-021010-	class|mu	1
MA042-021010-	county|MAYO	1
MA042-021010-	townland_ga|Dumha Goirt Thiar	1
MA042-021021-	class|po	1
MA042-021021-	county|MAYO	1
MA042-021021-	townland_ga|Dumha Goirt Thiar	1
MA042-021022-	class|mu	1
MA042-021022-	county|MAYO	1
MA042-021022-	townland_ga|Dumha Goirt Thiar	1
MA042-024001-	class|ct	1
MA042-024001-	county|MAYO	1
MA042-024001-	townland_ga|Ball Dumha Cinn Aille	1
MA042-024002-	class|mu	1
MA042-024002-	county|MAYO	1
MA042-024002-	townland_ga|Ball Dumha Cinn Aille	1
MA043-001----	class|mu	1
MA043-001----	county|MAYO	1
MA043-001----	townland_ga|Droim Slaoid	1
MA044-002----	class|wt	1
MA044-002----	county|MAYO	1
MA044-002----	townland_ga|Leitreach	1
MA044-005----	class|wt	1
MA044-005----	county|MAYO	1
MA044-005----	townland_ga|Cnoc an Chaisleáin	1
MA044-006----	class|wt	1
MA044-006----	county|MAYO	1
MA044-006----	townland_ga|Cnoc an Chaisleáin	1
MA047-008----	class|ct	1
MA047-008----	county|MAYO	1
MA047-008----	townland_ga|Baile Uí Dhubhthaigh	1
MA047-010003-	class|sp	1
MA047-010003-	county|MAYO	1
MA047-010003-	townland_ga|An Cartún Dubh	1
MA047-022----	class|sp	1
MA047-022----	county|MAYO	1
MA047-022----	townland_ga|Doire Shaileach	1
MA048-002003-	class|mu	1
MA048-002003-	county|MAYO	1
MA048-002003-	townland_ga|Breacbháinseach	1
MA048-041----	class|ct	1
MA048-041----	county|MAYO	1
MA048-041----	townland_ga|Caladh an Dosáin	1
MA048-054----	class|mu	1
MA048-054----	county|MAYO	1
MA048-054----	townland_ga|Lios an Uisce Thiar	1
MA048-056----	class|ct	1
MA048-056----	county|MAYO	1
MA048-056----	townland_ga|Cúil Chrónáin	1
MA048-067----	class|wt	1
MA048-067----	county|MAYO	1
MA048-067----	townland_ga|Bun na Fionnghlaise	1
MA048-082----	class|bb	1
MA048-082----	county|MAYO	1
MA048-082----	townland_ga|Breacbháinseach	1
MA049-006----	class|wt	1
MA049-006----	county|MAYO	1
MA049-006----	townland_ga|Doirín na Báinsí	1
MA049-015----	class|sr	1
MA049-015----	county|MAYO	1
MA049-015----	townland_ga|An Chorr Liath	1
MA049-017----	class|mu	1
MA049-017----	county|MAYO	1
MA049-017----	townland_ga|An Chorr Liath	1
MA049-019001-	class|ct	1
MA049-019001-	county|MAYO	1
MA049-019001-	townland_ga|An Cnoc Fada	1
MA049-044001-	class|po	1
MA049-044001-	county|MAYO	1
MA049-044001-	townland_ga|An Preabán	1
MA049-044002-	class|mu	1
MA049-044002-	county|MAYO	1
MA049-044002-	townland_ga|An Preabán	1
MA049-046----	class|mu	1
MA049-046----	county|MAYO	1
MA049-046----	townland_ga|An Preabán	1
MA049-052----	class|wt	1
MA049-052----	county|MAYO	1
MA049-052----	townland_ga|Na Dúnta	1
MA049-054----	class|mu	1
MA049-054----	county|MAYO	1
MA049-054----	townland_ga|Na Dúnta	1
MA049-058001-	class|ct	1
MA049-058001-	county|MAYO	1
MA049-058001-	townland_ga|Cartún Mhic Mhánais	1
MA049-058002-	class|mu	1
MA049-058002-	county|MAYO	1
MA049-058002-	townland_ga|Cartún Mhic Mhánais	1
MA049-063----	class|mu	1
MA049-063----	county|MAYO	1
MA049-063----	townland_ga|An Creagán	1
MA049-083----	class|ct	1
MA049-083----	county|MAYO	1
MA049-083----	townland_ga|An Chúil Logach	1
MA049-092004-	class|sc	1
MA049-092004-	county|MAYO	1
MA049-092004-	townland_ga|An Caladh	1
MA049-092005-	class|bb	1
MA049-092005-	county|MAYO	1
MA049-092005-	townland_ga|An Caladh	1
MA049-101001-	class|wt	1
MA049-101001-	county|MAYO	1
MA049-101001-	townland_ga|Cuilleann	1
MA052-002----	class|mu	1
MA052-002----	county|MAYO	1
MA052-002----	townland_ga|Baile an Dumha nó Caisleán an Dumha	1
MA054-015001-	class|mu	1
MA054-015001-	county|MAYO	1
MA054-015001-	townland_ga|An Caol Thoir	1
MA054-015002-	class|mu	1
MA054-015002-	county|MAYO	1
MA054-015002-	townland_ga|An Caol Thoir	1
MA054-015003-	class|mu	1
MA054-015003-	county|MAYO	1
MA054-015003-	townland_ga|An Caol Thoir	1
MA056-004001-	class|ct	1
MA056-004001-	county|MAYO	1
MA056-004001-	townland_ga|Droim Ghallach	1
MA056-005----	class|po	1
MA056-005----	county|MAYO	1
MA058-006----	class|ct	1
MA058-006----	county|MAYO	1
MA058-006----	townland_ga|Cluain Damh	1
MA060-059----	class|mu	1
MA060-059----	county|MAYO	1
MA060-059----	townland_ga|Doire Shoic	1
MA061-009----	class|sr	1
MA061-009----	county|MAYO	1
MA061-009----	townland_ga|Coill Ó Neachtain	1
MA061-024----	class|wt	1
MA061-024----	county|MAYO	1
MA061-024----	townland_ga|An Caladh	1
MA061-075----	class|wt	1
MA061-075----	county|MAYO	1
MA061-075----	townland_ga|An Choill Mhór	1
MA061-096001-	class|mu	1
MA061-096001-	county|MAYO	1
MA061-096001-	townland_ga|Cluain Uí Ghabhann	1
MA061-104----	class|ct	1
MA061-104----	county|MAYO	1
MA061-104----	townland_ga|Poll Searbhóg	1
MA061-116----	class|ct	1
MA061-116----	county|MAYO	1
MA061-116----	townland_ga|Baile an Oileáin	1
MA061-160----	class|ct	1
MA061-160----	county|MAYO	1
MA061-160----	townland_ga|Poll na nGamhna	1
MA062-015----	class|bb	1
MA062-015----	county|MAYO	1
MA062-015----	townland_ga|Ceathrú Mhór Mhuaidhe	1
MA062-106----	class|wt	1
MA062-106----	county|MAYO	1
MA062-106----	townland_ga|An Coilleán	1
MA062-124----	class|mu	1
MA062-124----	county|MAYO	1
MA062-124----	townland_ga|An Cillín	1
MA062-129----	class|wt	1
MA062-129----	county|MAYO	1
MA062-129----	townland_ga|An Cillín	1
MA063-063----	class|wt	1
MA063-063----	county|MAYO	1
MA063-063----	townland_ga|Cluain Cuas	1
MA067-001----	class|sp	1
MA067-001----	county|MAYO	1
MA067-001----	townland_ga|Ros na Gaillimhe	1
MA067-011----	class|sp	1
MA067-011----	county|MAYO	1
MA067-011----	townland_ga|Cnoc an Liagáin	1
MA070-064----	class|wt	1
MA070-064----	county|MAYO	1
MA070-064----	townland_ga|Cnoc an tSeanbhaile	1
MA070-187----	class|sr	1
MA070-187----	county|MAYO	1
MA070-187----	townland_ga|Gort na Fola	1
MA071-163----	class|mu	1
MA071-163----	county|MAYO	1
MA071-163----	townland_ga|Cill Liadáin	1
MA072-026----	class|wt	1
MA072-026----	county|MAYO	1
MA072-026----	townland_ga|An Straidhp	1
MA072-085----	class|wt	1
MA072-085----	county|MAYO	1
MA072-085----	townland_ga|Barr na Laidhre	1
MA072-119----	class|mu	1
MA072-119----	county|MAYO	1
MA072-119----	townland_ga|An Choill Gharbh Thiar	1
MA072-128----	class|sp	1
MA072-128----	county|MAYO	1
MA072-128----	townland_ga|Corr Riáin	1
MA073-050----	class|ct	1
MA073-050----	county|MAYO	1
MA073-050----	townland_ga|Ceathrú Leacaí	1
MA076-004----	class|ct	1
MA076-004----	county|MAYO	1
MA076-004----	townland_ga|An Ros Beag	1
MA078-066----	class|sc	1
MA078-066----	county|MAYO	1
MA078-066----	townland_ga|Cluanach	1
MA081-033----	class|ct	1
MA081-033----	county|MAYO	1
MA081-033----	townland_ga|An Cúige Thuaidh	1
MA081-035----	class|mu	1
MA081-035----	county|MAYO	1
MA081-035----	townland_ga|Coimín an tSléibhe	1
MA082-017----	class|ct	1
MA082-017----	county|MAYO	1
MA082-017----	townland_ga|An Cheapach	1
MA082-065----	class|wt	1
MA082-065----	county|MAYO	1
MA082-065----	townland_ga|An Cheathrú Bhán	1
MA085-008001-	class|ct	1
MA085-008001-	county|MAYO	1
MA085-008001-	townland_ga|An Leithcheathrú	1
MA085-027----	class|sr	1
MA085-027----	county|MAYO	1
MA085-027----	townland_ga|Ascailleán	1
MA086-002----	class|sr	1
MA086-002----	county|MAYO	1
MA086-002----	townland_ga|Ascailleán	1
MA087-014002-	class|sr	1
MA087-014002-	county|MAYO	1
MA087-014002-	townland_ga|Coill an Daingin	1
MA087-014003-	class|sp	1
MA087-014003-	county|MAYO	1
MA087-014003-	townland_ga|Coill an Daingin	1
MA087-078----	class|sp	1
MA087-078----	county|MAYO	1
MA087-078----	townland_ga|An Roisín	1
MA087-079----	class|mu	1
MA087-079----	county|MAYO	1
MA087-079----	townland_ga|Faiche Boirinn	1
MA088-088----	class|bb	1
MA088-088----	county|MAYO	1
MA088-088----	townland_ga|Cnoc Rúscaí	1
MA090-071----	class|sc	1
MA090-071----	county|MAYO	1
MA090-071----	townland_ga|Ard Chorcaí	1
MA091-007----	class|ct	1
MA091-007----	county|MAYO	1
MA091-007----	townland_ga|Seangánach	1
MA091-016----	class|mu	1
MA091-016----	county|MAYO	1
MA091-016----	townland_ga|Muirnín Thuaidh	1
MA091-020----	class|ct	1
MA091-020----	county|MAYO	1
MA091-020----	townland_ga|Baile an Stancaird Íochtarach	1
MA092-007----	class|mu	1
MA092-007----	county|MAYO	1
MA092-007----	townland_ga|An Cúige Thuaidh	1
MA092-044----	class|bb	1
MA092-044----	county|MAYO	1
MA092-044----	townland_ga|Coill Ó bhFiannaí	1
MA092-055----	class|wt	1
MA092-055----	county|MAYO	1
MA092-055----	townland_ga|An Leargain Bhuí Thoir	1
MA092-074----	class|wt	1
MA092-074----	county|MAYO	1
MA092-074----	townland_ga|An Choillidh Liath	1
MA095-020001-	class|ct	1
MA095-020001-	county|MAYO	1
MA095-020001-	townland_ga|An Aill Mhór	1
MA095-022----	class|wt	1
MA095-022----	county|MAYO	1
MA095-022----	townland_ga|Fionnúin	1
MA096-011----	class|ct	1
MA096-011----	county|MAYO	1
MA096-011----	townland_ga|Formaoil	1
MA096-012----	class|ct	1
MA096-012----	county|MAYO	1
MA096-012----	townland_ga|Formaoil	1
MA096-022001-	class|wt	1
MA096-022001-	county|MAYO	1
MA096-022001-	townland_ga|An tSraith Bhuí	1
MA098-022002-	class|sr	1
MA098-022002-	county|MAYO	1
MA098-022002-	townland_ga|Lios Cearnaigh	1
MA101-075----	class|wt	1
MA101-075----	county|MAYO	1
MA101-075----	townland_ga|Gort na nGiorriacha	1
MA103-043----	class|mu	1
MA103-043----	county|MAYO	1
MA103-043----	townland_ga|An Ghreallach	1
MA105-002008-	class|wt	1
MA105-002008-	county|MAYO	1
MA105-002008-	townland_ga|Duibhlinn Theas	1
MA110-031----	class|sp	1
MA110-031----	county|MAYO	1
MA110-031----	townland_ga|An Ráth Ard	1
MA112-032----	class|wt	1
MA112-032----	county|MAYO	1
MA112-032----	townland_ga|An Feadh Mór	1
MA112-044----	class|wt	1
MA112-044----	county|MAYO	1
MA112-044----	townland_ga|An Lios Dubh	1
MA112-056----	class|wt	1
MA112-056----	county|MAYO	1
MA112-056----	townland_ga|Cnoc an Dúin	1
MA116A004----	class|wt	1
MA116A004----	county|MAYO	1
MA116A005001-	class|sr	1
MA116A005001-	county|MAYO	1
MA116A005001-	townland_ga|Leitir Fhínín	1
MA116A006001-	class|sr	1
MA116A006001-	county|MAYO	1
MA116A006001-	townland_ga|Leitir Fhínín	1
MA117-053----	class|mu	1
MA117-053----	county|MAYO	1
MA117-053----	townland_ga|Cill Odhar	1
MA118-134----	class|sc	1
MA118-134----	county|MAYO	1
MA118-134----	townland_ga|Baile an Róba	1
MA118-138----	class|mu	1
MA118-138----	county|MAYO	1
MA118-138----	townland_ga|Cathair na gColm	1
MA120-018----	class|ct	1
MA120-018----	county|MAYO	1
MA120-018----	townland_ga|Cill Íomair	1
MA120-045----	class|sc	1
MA120-045----	county|MAYO	1
MA120-045----	townland_ga|An Ghléib	1
MA120-046----	class|sc	1
MA120-046----	county|MAYO	1
MA120-046----	townland_ga|An Ghléib	1
MA120-047----	class|sc	1
MA120-047----	county|MAYO	1
MA120-047----	townland_ga|Gort na Caillí	1
MA120-048----	class|sc	1
MA120-048----	county|MAYO	1
MA120-048----	townland_ga|Tamhnaigh Liatháin	1
MA120-079----	class|wt	1
MA120-079----	county|MAYO	1
MA120-079----	townland_ga|An Goirtín Rua	1
MA121-110----	class|ct	1
MA121-110----	county|MAYO	1
MA121-110----	townland_ga|Cnoc na Gaoithe	1
MA122-007----	class|mu	1
MA122-007----	county|MAYO	1
MA122-007----	townland_ga|Baile an Ultaigh	1
MA123-060006-	class|sp	1
MA123-060006-	county|MAYO	1
MA123-060006-	townland_ga|Maighin	1
ME001-005----	class|ct	1
ME001-005----	county|MEATH	1
ME001-005----	townland_ga|Carn an Bhile Thuaidh	1
ME002-025----	class|po	1
ME002-025----	county|MEATH	1
ME002-025----	townland_ga|An Oirbhe	1
ME002-037001-	class|wt	1
ME002-037001-	county|MEATH	1
ME002-037001-	townland_ga| 	1
ME009-001----	class|sp	1
ME009-001----	county|MEATH	1
ME009-001----	townland_ga| 	1
ME009-059002-	class|sc	1
ME009-059002-	county|MEATH	1
ME009-059002-	townland_ga|Baile an Bhealaigh	1
ME009-071001-	class|pt	1
ME009-071001-	county|MEATH	1
ME009-071001-	townland_ga|Baile Phádraig	1
ME009-071002-	class|pt	1
ME009-071002-	county|MEATH	1
ME009-071002-	townland_ga|Baile Phádraig	1
ME009-071003-	class|pt	1
ME009-071003-	county|MEATH	1
ME009-071003-	townland_ga|Baile Phádraig	1
ME009-087----	class|cu	1
ME009-087----	county|MEATH	1
ME009-087----	townland_ga|Baile an Bhealaigh	1
ME010-041----	class|pt	1
ME010-041----	county|MEATH	1
ME010-041----	townland_ga| 	1
ME012-035----	class|po	1
ME012-035----	county|MEATH	1
ME012-035----	townland_ga|Ráth Cheannaigh	1
ME015-003001-	class|pt	1
ME015-003001-	county|MEATH	1
ME015-003001-	townland_ga|An Baile Nua	1
ME015-003002-	class|pt	1
ME015-003002-	county|MEATH	1
ME015-003002-	townland_ga|An Baile Nua	1
ME015-003003-	class|pt	1
ME015-003003-	county|MEATH	1
ME015-003003-	townland_ga|An Baile Nua	1
ME015-003005-	class|pt	1
ME015-003005-	county|MEATH	1
ME015-003005-	townland_ga|An Baile Nua	1
ME015-003006-	class|pt	1
ME015-003006-	county|MEATH	1
ME015-003006-	townland_ga|An Baile Nua	1
ME015-003007-	class|pt	1
ME015-003007-	county|MEATH	1
ME015-003007-	townland_ga|An Baile Nua	1
ME015-003010-	class|pt	1
ME015-003010-	county|MEATH	1
ME015-003010-	townland_ga|An Baile Nua	1
ME015-003012-	class|pt	1
ME015-003012-	county|MEATH	1
ME015-003012-	townland_ga|Loch Craobh	1
ME015-009002-	class|sp	1
ME015-009002-	county|MEATH	1
ME015-009002-	townland_ga|Baile an Chorraigh	1
ME015-011----	class|pt	1
ME015-011----	county|MEATH	1
ME015-011----	townland_ga|Baile an Chorraigh	1
ME015-012001-	class|pt	1
ME015-012001-	county|MEATH	1
ME015-012001-	townland_ga|Baile an Chorraigh	1
ME015-012002-	class|pt	1
ME015-012002-	county|MEATH	1
ME015-012002-	townland_ga|Baile an Chorraigh	1
ME015-012003-	class|pt	1
ME015-012003-	county|MEATH	1
ME015-012003-	townland_ga|Baile an Chorraigh	1
ME015-012004-	class|pt	1
ME015-012004-	county|MEATH	1
ME015-012004-	townland_ga|Baile an Chorraigh	1
ME015-012005-	class|pt	1
ME015-012005-	county|MEATH	1
ME015-012005-	townland_ga|Baile an Chorraigh	1
ME015-012007-	class|pt	1
ME015-012007-	county|MEATH	1
ME015-012007-	townland_ga|Baile an Chorraigh	1
ME015-111----	class|pt	1
ME015-111----	county|MEATH	1
ME015-111----	townland_ga| 	1
ME018-024----	class|he	1
ME018-024----	county|MEATH	1
ME018-024----	townland_ga|Stigh Colláin	1
ME019-030001-	class|pt	1
ME019-030001-	county|MEATH	1
ME019-030001-	townland_ga|Cnóbha	1
ME019-030002-	class|pt	1
ME019-030002-	county|MEATH	1
ME019-030002-	townland_ga|Cnóbha	1
ME019-030003-	class|pt	1
ME019-030003-	county|MEATH	1
ME019-030003-	townland_ga|Cnóbha	1
ME019-030004-	class|pt	1
ME019-030004-	county|MEATH	1
ME019-030004-	townland_ga|Cnóbha	1
ME019-030005-	class|pt	1
ME019-030005-	county|MEATH	1
ME019-030005-	townland_ga|Cnóbha	1
ME019-030006-	class|pt	1
ME019-030006-	county|MEATH	1
ME019-030006-	townland_ga|Cnóbha	1
ME019-030007-	class|pt	1
ME019-030007-	county|MEATH	1
ME019-030007-	townland_ga|Cnóbha	1
ME019-030008-	class|pt	1
ME019-030008-	county|MEATH	1
ME019-030008-	townland_ga|Cnóbha	1
ME019-030009-	class|pt	1
ME019-030009-	county|MEATH	1
ME019-030009-	townland_ga|Cnóbha	1
ME019-030010-	class|pt	1
ME019-030010-	county|MEATH	1
ME019-030010-	townland_ga|Cnóbha	1
ME019-030011-	class|pt	1
ME019-030011-	county|MEATH	1
ME019-030011-	townland_ga|Cnóbha	1
ME019-030012-	class|pt	1
ME019-030012-	county|MEATH	1
ME019-030012-	townland_ga|Cnóbha	1
ME019-030013-	class|pt	1
ME019-030013-	county|MEATH	1
ME019-030013-	townland_ga|Cnóbha	1
ME019-030014-	class|pt	1
ME019-030014-	county|MEATH	1
ME019-030014-	townland_ga|Cnóbha	1
ME019-030015-	class|pt	1
ME019-030015-	county|MEATH	1
ME019-030015-	townland_ga|Cnóbha	1
ME019-030016-	class|pt	1
ME019-030016-	county|MEATH	1
ME019-030016-	townland_ga|Cnóbha	1
ME019-030017-	class|pt	1
ME019-030017-	county|MEATH	1
ME019-030017-	townland_ga|Cnóbha	1
ME019-030018-	class|pt	1
ME019-030018-	county|MEATH	1
ME019-030018-	townland_ga|Cnóbha	1
ME019-030076-	class|pt	1
ME019-030076-	county|MEATH	1
ME019-030076-	townland_ga|Cnóbha	1
ME019-030077-	class|pt	1
ME019-030077-	county|MEATH	1
ME019-030077-	townland_ga|Cnóbha	1
ME019-030078-	class|pt	1
ME019-030078-	county|MEATH	1
ME019-030078-	townland_ga|Cnóbha	1
ME019-044001-	class|cu	1
ME019-044001-	county|MEATH	1
ME019-044001-	townland_ga|An Ghráinseach Nua	1
ME019-044003-	class|pt	1
ME019-044003-	county|MEATH	1
ME019-044003-	townland_ga|An Ghráinseach Nua	1
ME019-044004-	class|pt	1
ME019-044004-	county|MEATH	1
ME019-044004-	townland_ga|An Ghráinseach Nua	1
ME019-045----	class|pt	1
ME019-045----	county|MEATH	1
ME019-045----	townland_ga|An Ghráinseach Nua	1
ME019-045005-	class|sc	1
ME019-045005-	county|MEATH	1
ME019-045005-	townland_ga|An Ghráinseach Nua	1
ME019-046001-	class|pt	1
ME019-046001-	county|MEATH	1
ME019-046001-	townland_ga|An Ghráinseach Nua	1
ME019-046003-	class|pt	1
ME019-046003-	county|MEATH	1
ME019-046003-	townland_ga|An Ghráinseach Nua	1
ME019-049002-	class|he	1
ME019-049002-	county|MEATH	1
ME019-049002-	townland_ga|An Ghráinseach Nua	1
ME019-051----	class|pt	1
ME019-051----	county|MEATH	1
ME019-051----	townland_ga|An Ghráinseach Nua	1
ME019-058002-	class|pt	1
ME019-058002-	county|MEATH	1
ME019-058002-	townland_ga|An Ghráinseach Nua	1
ME019-094----	class|he	1
ME019-094----	county|MEATH	1
ME019-094----	townland_ga|An Ghráinseach Nua	1
ME019-129----	class|cu	1
ME019-129----	county|MEATH	1
ME019-129----	townland_ga|An Ghráinseach Nua	1
ME020-009----	class|sc	1
ME020-009----	county|MEATH	1
ME020-009----	townland_ga|Dubhadh	1
ME020-010----	class|he	1
ME020-010----	county|MEATH	1
ME020-010----	townland_ga|Dubhadh	1
ME020-012----	class|pt	1
ME020-012----	county|MEATH	1
ME020-012----	townland_ga|Dubhadh	1
ME020-013----	class|pt	1
ME020-013----	county|MEATH	1
ME020-013----	townland_ga|Dubhadh	1
ME020-016002-	class|mu	1
ME020-016002-	county|MEATH	1
ME020-016002-	townland_ga|Dubhadh	1
ME020-017----	class|pt	1
ME020-017----	county|MEATH	1
ME020-017----	townland_ga|Dubhadh	1
ME020-098----	class|pt	1
ME020-098----	county|MEATH	1
ME020-098----	townland_ga|Dubhadh	1
ME023-013----	class|mu	1
ME023-013----	county|MEATH	1
ME023-013----	townland_ga|Baile Driú Mór	1
ME025-006----	class|pt	1
ME025-006----	county|MEATH	1
ME025-006----	townland_ga|Ard Maolchon	1
ME026-033----	class|he	1
ME026-033----	county|MEATH	1
ME026-033----	townland_ga|An Ghráinseach Nua	1
ME028-020----	class|pt	1
ME028-020----	county|MEATH	1
ME028-020----	townland_ga|Baile Mhic Gormáin	1
ME028-021----	class|pt	1
ME028-021----	county|MEATH	1
ME028-021----	townland_ga|Baile Mhic Gormáin	1
ME031-032----	class|he	1
ME031-032----	county|MEATH	1
ME031-032----	townland_ga| 	1
ME031-033007-	class|pt	1
ME031-033007-	county|MEATH	1
ME031-033007-	townland_ga|An Caisleán Buí	1
ME032-107----	class|he	1
ME032-107----	county|MEATH	1
ME032-107----	townland_ga| 	1
ME033-013----	class|he	1
ME033-013----	county|MEATH	1
ME033-013----	townland_ga| 	1
ME033-028001-	class|pt	1
ME033-028001-	county|MEATH	1
ME033-028001-	townland_ga|Na Fuarchnoic	1
ME033-038----	class|sc	1
ME033-038----	county|MEATH	1
ME034-012----	class|mu	1
ME034-012----	county|MEATH	1
ME034-012----	townland_ga| 	1
ME037-008----	class|he	1
ME037-008----	county|MEATH	1
ME037-008----	townland_ga| 	1
ME038-011----	class|he	1
ME038-011----	county|MEATH	1
ME038-011----	townland_ga| 	1
MO009-051----	class|mu	1
MO009-051----	county|MONAGHAN	1
MO009-051----	townland_ga|Sceith Ghairbhíth	1
MO009-063----	class|mu	1
MO009-063----	county|MONAGHAN	1
MO009-063----	townland_ga|Gort an Chaocháin	1
MO012-028----	class|ct	1
MO012-028----	county|MONAGHAN	1
MO012-028----	townland_ga|An Chlocharnach	1
MO012-030----	class|ct	1
MO012-030----	county|MONAGHAN	1
MO012-030----	townland_ga|Coill Uí Leannáin	1
MO012-041----	class|ct	1
MO012-041----	county|MONAGHAN	1
MO012-041----	townland_ga|Tír Roideagáin	1
MO012-048----	class|ct	1
MO012-048----	county|MONAGHAN	1
MO012-048----	townland_ga|Coill Uí Ghormáin	1
MO012-078----	class|wt	1
MO012-078----	county|MONAGHAN	1
MO012-078----	townland_ga|Ráth Doighre	1
MO012-080----	class|ct	1
MO012-080----	county|MONAGHAN	1
MO012-080----	townland_ga|An Caisleán	1
MO012-081----	class|po	1
MO012-081----	county|MONAGHAN	1
MO012-081----	townland_ga|An Garrán	1
MO012-083----	class|ct	1
MO012-083----	county|MONAGHAN	1
MO012-083----	townland_ga|An Garrán	1
MO012-094----	class|ct	1
MO012-094----	county|MONAGHAN	1
MO012-094----	townland_ga|Lios Teileáin	1
MO013-007----	class|ct	1
MO013-007----	county|MONAGHAN	1
MO013-007----	townland_ga|Coill Dhrúchtáin	1
MO013-013----	class|mu	1
MO013-013----	county|MONAGHAN	1
MO013-013----	townland_ga|An Carn Bán	1
MO013-014----	class|ct	1
MO013-014----	county|MONAGHAN	1
MO013-014----	townland_ga|An Carn Bán	1
MO013-021----	class|mu	1
MO013-021----	county|MONAGHAN	1
MO013-021----	townland_ga|Corr na Sú	1
MO013-025----	class|wt	1
MO013-025----	county|MONAGHAN	1
MO013-025----	townland_ga|An Ghréach	1
MO013-029----	class|ct	1
MO013-029----	county|MONAGHAN	1
MO013-029----	townland_ga|Na Cairn	1
MO013-030----	class|mu	1
MO013-030----	county|MONAGHAN	1
MO013-030----	townland_ga|Leacht na mBard	1
MO013-031----	class|mu	1
MO013-031----	county|MONAGHAN	1
MO013-031----	townland_ga|An Chailleach	1
MO013-032----	class|wt	1
MO013-032----	county|MONAGHAN	1
MO013-032----	townland_ga|An Chailleach	1
MO013-047----	class|mu	1
MO013-047----	county|MONAGHAN	1
MO013-047----	townland_ga|Achadh Breac	1
MO014-022----	class|ct	1
MO014-022----	county|MONAGHAN	1
MO014-022----	townland_ga|An Léim Ghearr	1
MO014-037----	class|ct	1
MO014-037----	county|MONAGHAN	1
MO014-037----	townland_ga|Cruachán	1
MO015-006----	class|mu	1
MO015-006----	county|MONAGHAN	1
MO015-006----	townland_ga|Tulaigh na gCnó	1
MO015-007----	class|pt	1
MO015-007----	county|MONAGHAN	1
MO015-007----	townland_ga|Mullaigh Aise	1
MO017-050----	class|mu	1
MO017-050----	county|MONAGHAN	1
MO017-050----	townland_ga|An Carn Rua	1
MO017-068----	class|sr	1
MO017-068----	county|MONAGHAN	1
MO017-068----	townland_ga|Droim Gabhla	1
MO018-012----	class|mu	1
MO018-012----	county|MONAGHAN	1
MO018-012----	townland_ga|Ráth Céin	1
MO018-043----	class|ct	1
MO018-043----	county|MONAGHAN	1
MO018-043----	townland_ga|Eadargóil	1
MO019-010----	class|mu	1
MO019-010----	county|MONAGHAN	1
MO019-010----	townland_ga|Eanaigh Gheala	1
MO019-016----	class|po	1
MO019-016----	county|MONAGHAN	1
MO019-016----	townland_ga|An Líonán	1
MO019-021----	class|mu	1
MO019-021----	county|MONAGHAN	1
MO019-021----	townland_ga|Dún Muirisc	1
MO019-025----	class|wt	1
MO019-025----	county|MONAGHAN	1
MO019-025----	townland_ga|Gamhscair	1
MO019-027----	class|po	1
MO019-027----	county|MONAGHAN	1
MO019-027----	townland_ga|Corr Liath na Madadh	1
MO019-030----	class|ct	1
MO019-030----	county|MONAGHAN	1
MO019-030----	townland_ga|An Chorr Liath Leacach	1
MO019-037----	class|ct	1
MO019-037----	county|MONAGHAN	1
MO019-037----	townland_ga|Corr na Muclach Theas	1
MO019-041----	class|mu	1
MO019-041----	county|MONAGHAN	1
MO019-041----	townland_ga|Lios Fhlannaíle	1
MO024-001----	class|mu	1
MO024-001----	county|MONAGHAN	1
MO024-001----	townland_ga|Carraig an Fhéir	1
MO024-003----	class|ct	1
MO024-003----	county|MONAGHAN	1
MO024-003----	townland_ga|Droim gColbha Íochtarach	1
MO024-027----	class|ct	1
MO024-027----	county|MONAGHAN	1
MO024-027----	townland_ga|An Lagán	1
MO025-005----	class|ct	1
MO025-005----	county|MONAGHAN	1
MO025-005----	townland_ga|Áth na gCliabh	1
MO025-021----	class|mu	1
MO025-021----	county|MONAGHAN	1
MO025-021----	townland_ga|Machaire na Cille	1
MO025-022----	class|mu	1
MO025-022----	county|MONAGHAN	1
MO025-022----	townland_ga|Leaca Fionna	1
MO025-027----	class|ct	1
MO025-027----	county|MONAGHAN	1
MO025-027----	townland_ga|Achadh Farcáin	1
MO026-009----	class|mu	1
MO026-009----	county|MONAGHAN	1
MO026-009----	townland_ga|An Chorrghréach	1
MO027-049----	class|mu	1
MO027-049----	county|MONAGHAN	1
MO027-049----	townland_ga|Corrachadh	1
MO027-057----	class|wt	1
MO027-057----	county|MONAGHAN	1
MO027-057----	townland_ga|Lios na Darach	1
MO028-140----	class|ct	1
MO028-140----	county|MONAGHAN	1
MO028-140----	townland_ga|Achadh na hÁithe	1
MO031-010----	class|mu	1
MO031-010----	county|MONAGHAN	1
MO031-010----	townland_ga|An Chlochbhuaile Íochtarach	1
OF016-006002-	class|sr	1
OF016-006002-	county|OFFALY	1
OF016-006002-	townland_ga|Baile Mhic Giolla Mhuire	1
OF039-065----	class|mu	1
OF039-065----	county|OFFALY	1
OF039-065----	townland_ga|Baile Liam	1
OF044-014----	class|mu	1
OF044-014----	county|OFFALY	1
OF044-014----	townland_ga|An Garrán	1
RO003-047----	class|sp	1
RO003-047----	county|ROSCOMMON	1
RO003-047----	townland_ga|Coill Fhachna	1
RO003-087----	class|ct	1
RO003-087----	county|ROSCOMMON	1
RO003-087----	townland_ga| 	1
RO004-009----	class|ct	1
RO004-009----	county|ROSCOMMON	1
RO004-009----	townland_ga|An Choill Gharbh	1
RO004-028----	class|ct	1
RO004-028----	county|ROSCOMMON	1
RO004-028----	townland_ga| 	1
RO004-062----	class|ct	1
RO004-062----	county|ROSCOMMON	1
RO004-062----	townland_ga|Cnoc Raithní	1
RO004-063----	class|wt	1
RO004-063----	county|ROSCOMMON	1
RO004-063----	townland_ga| 	1
RO005-015----	class|po	1
RO005-015----	county|ROSCOMMON	1
RO005-015----	townland_ga|Droim Inneona	1
RO006-118001-	class|he	1
RO006-118001-	county|ROSCOMMON	1
RO006-118001-	townland_ga|Cnoc an Dumha Brosna	1
RO006-118007-	class|he	1
RO006-118007-	county|ROSCOMMON	1
RO006-118007-	townland_ga|Cnoc an Dumha Brosna	1
RO006-171----	class|wt	1
RO006-171----	county|ROSCOMMON	1
RO006-171----	townland_ga| 	1
RO007-024----	class|mu	1
RO007-024----	county|ROSCOMMON	1
RO007-024----	townland_ga|Uachtar Thíre	1
RO015-042001-	class|ct	1
RO015-042001-	county|ROSCOMMON	1
RO015-042001-	townland_ga|Corr na Muclach agus An Fál Mór	1
RO017-201----	class|sp	1
RO017-201----	county|ROSCOMMON	1
RO017-201----	townland_ga| 	1
RO022-057043-	class|ct	1
RO022-057043-	county|ROSCOMMON	1
RO022-057043-	townland_ga| 	1
RO025-020----	class|wt	1
RO025-020----	county|ROSCOMMON	1
RO025-020----	townland_ga|Corr Sluaiste	1
RO028-134----	class|pt	1
RO028-134----	county|ROSCOMMON	1
RO028-134----	townland_ga| 	1
RO028-135----	class|pt	1
RO028-135----	county|ROSCOMMON	1
RO028-135----	townland_ga| 	1
RO032-011----	class|wt	1
RO032-011----	county|ROSCOMMON	1
RO032-011----	townland_ga| 	1
RO032-021----	class|wt	1
RO032-021----	county|ROSCOMMON	1
RO032-021----	townland_ga| 	1
RO032-032----	class|wt	1
RO032-032----	county|ROSCOMMON	1
RO032-032----	townland_ga| 	1
RO032-038----	class|wt	1
RO032-038----	county|ROSCOMMON	1
RO032-038----	townland_ga| 	1
RO038-032----	class|wt	1
RO038-032----	county|ROSCOMMON	1
RO038-032----	townland_ga|Cill Bheagnait	1
RO039-064----	class|wt	1
RO039-064----	county|ROSCOMMON	1
RO039-064----	townland_ga|Fíorta	1
RO042-090----	class|pt	1
RO042-090----	county|ROSCOMMON	1
RO042-090----	townland_ga|An Screig	1
RO045-053001-	class|po	1
RO045-053001-	county|ROSCOMMON	1
RO045-053001-	townland_ga|Cnocán Uí Chonchúir	1
RO051-043001-	class|po	1
RO051-043001-	county|ROSCOMMON	1
RO051-043001-	townland_ga|An Meathán Buí	1
SL002-010----	class|ct	1
SL002-010----	county|SLIGO	1
SL002-010----	townland_ga|An Chraobhaigh Mhór	1
SL002-018----	class|ct	1
SL002-018----	county|SLIGO	1
SL002-018----	townland_ga|Cartún Plainc	1
SL002-034----	class|sp	1
SL002-034----	county|SLIGO	1
SL002-034----	townland_ga|Oileán Chonchúir	1
SL003-005----	class|ct	1
SL003-005----	county|SLIGO	1
SL003-005----	townland_ga|Bun Duibhe	1
SL003-016----	class|ct	1
SL003-016----	county|SLIGO	1
SL003-016----	townland_ga|Bun Duibhe	1
SL003-020----	class|mu	1
SL003-020----	county|SLIGO	1
SL003-020----	townland_ga|Bun Duibhe	1
SL003-030----	class|mu	1
SL003-030----	county|SLIGO	1
SL003-030----	townland_ga|An Chraobhaigh Chaol	1
SL003-032----	class|ct	1
SL003-032----	county|SLIGO	1
SL003-032----	townland_ga|An Chraobhaigh Chaol	1
SL003-033----	class|mu	1
SL003-033----	county|SLIGO	1
SL003-033----	townland_ga|An Chraobhaigh Mhór	1
SL004-013----	class|ct	1
SL004-013----	county|SLIGO	1
SL004-013----	townland_ga|Dún Seascainn	1
SL005-017----	class|wt	1
SL005-017----	county|SLIGO	1
SL005-017----	townland_ga|An tSrithideach	1
SL005-024001-	class|ct	1
SL005-024001-	county|SLIGO	1
SL005-024001-	townland_ga|An tSrithideach	1
SL005-068----	class|ct	1
SL005-068----	county|SLIGO	1
SL005-068----	townland_ga|Dún Seascainn	1
SL005-090----	class|ct	1
SL005-090----	county|SLIGO	1
SL005-090----	townland_ga|Gort na Leice	1
SL005-091----	class|pt	1
SL005-091----	county|SLIGO	1
SL005-091----	townland_ga|Ard na nGlas Uachtarach	1
SL005-092001-	class|mu	1
SL005-092001-	county|SLIGO	1
SL005-092001-	townland_ga|Ard na nGlas Uachtarach	1
SL005-153006-	class|sr	1
SL005-153006-	county|SLIGO	1
SL005-153006-	townland_ga|Caiseal Mhic Gabhann	1
SL005-170----	class|sp	1
SL005-170----	county|SLIGO	1
SL005-170----	townland_ga|An Bhearna Dhearg	1
SL006-014----	class|po	1
SL006-014----	county|SLIGO	1
SL006-014----	townland_ga|An Goirtín	1
SL006-020----	class|ct	1
SL006-020----	county|SLIGO	1
SL006-020----	townland_ga|Gort na hAbhla	1
SL006-025001-	class|ct	1
SL006-025001-	county|SLIGO	1
SL006-025001-	townland_ga|Draighneachán	1
SL006-029001-	class|ct	1
SL006-029001-	county|SLIGO	1
SL006-029001-	townland_ga|An Muine Leathan	1
SL006-039----	class|wt	1
SL006-039----	county|SLIGO	1
SL006-039----	townland_ga|An Chloch	1
SL007-019----	class|ct	1
SL007-019----	county|SLIGO	1
SL007-019----	townland_ga|Clochbhuaile	1
SL007-026----	class|po	1
SL007-026----	county|SLIGO	1
SL007-026----	townland_ga|An Chloch Chorr	1
SL007-027----	class|mu	1
SL007-027----	county|SLIGO	1
SL007-027----	townland_ga|Clochbhuaile	1
SL007-040001-	class|mu	1
SL007-040001-	county|SLIGO	1
SL007-040001-	townland_ga|An Carraigín	1
SL007-042----	class|mu	1
SL007-042----	county|SLIGO	1
SL007-042----	townland_ga|Dún Fuar	1
SL008-011----	class|ct	1
SL008-011----	county|SLIGO	1
SL008-011----	townland_ga|Baile Uí Ghiollagáin	1
SL008-070----	class|wt	1
SL008-070----	county|SLIGO	1
SL008-070----	townland_ga|An Chúil Bheag	1
SL009-028----	class|wt	1
SL009-028----	county|SLIGO	1
SL009-028----	townland_ga|An Droim Thoir	1
SL009-031----	class|wt	1
SL009-031----	county|SLIGO	1
SL009-031----	townland_ga|Droim Chill Saileach	1
SL009-046----	class|ct	1
SL009-046----	county|SLIGO	1
SL009-046----	townland_ga|Caisle Geala	1
SL009-048----	class|wt	1
SL009-048----	county|SLIGO	1
SL009-048----	townland_ga|Cill Saileach	1
SL009-050----	class|wt	1
SL009-050----	county|SLIGO	1
SL009-050----	townland_ga|Cill Saileach	1
SL009-051----	class|ct	1
SL009-051----	county|SLIGO	1
SL009-051----	townland_ga|Cill Saileach	1
SL010-014----	class|wt	1
SL010-014----	county|SLIGO	1
SL010-014----	townland_ga|An Corrán Dubh	1
SL011-029----	class|wt	1
SL011-029----	county|SLIGO	1
SL011-029----	townland_ga|Ceathrú an Rois	1
SL011-030----	class|wt	1
SL011-030----	county|SLIGO	1
SL011-030----	townland_ga|Ceathrú Pháidín	1
SL011-033----	class|mu	1
SL011-033----	county|SLIGO	1
SL011-033----	townland_ga|An Liosachán	1
SL011-034----	class|ct	1
SL011-034----	county|SLIGO	1
SL011-034----	townland_ga|An Liosachán	1
SL011-040----	class|ct	1
SL011-040----	county|SLIGO	1
SL011-040----	townland_ga|An Liosachán	1
SL011-079----	class|mu	1
SL011-079----	county|SLIGO	1
SL011-079----	townland_ga|An Cluainín	1
SL011-091001-	class|ct	1
SL011-091001-	county|SLIGO	1
SL011-091001-	townland_ga|Baile na hAbhna	1
SL011-093----	class|mu	1
SL011-093----	county|SLIGO	1
SL011-093----	townland_ga|Baile na hAbhna	1
SL011-104----	class|sr	1
SL011-104----	county|SLIGO	1
SL011-104----	townland_ga|Baile an Chaisleáin	1
SL012-017001-	class|pt	1
SL012-017001-	county|SLIGO	1
SL012-017001-	townland_ga|Eachros	1
SL012-080----	class|mu	1
SL012-080----	county|SLIGO	1
SL012-080----	townland_ga|Ceathrú na Craoibhe	1
SL012-126----	class|pt	1
SL012-126----	county|SLIGO	1
SL012-126----	townland_ga|Cill Rois Íochtair	1
SL012-127----	class|pt	1
SL012-127----	county|SLIGO	1
SL012-127----	townland_ga|Fearann Uí Tharpaigh	1
SL013-003----	class|ct	1
SL013-003----	county|SLIGO	1
SL013-003----	townland_ga|Cill Easpaig Bhróin	1
SL013-021----	class|mu	1
SL013-021----	county|SLIGO	1
SL013-021----	townland_ga|An Cheathrú Riabhach	1
SL013-028----	class|wt	1
SL013-028----	county|SLIGO	1
SL013-028----	townland_ga|Ceathrú Bhricín	1
SL013-052----	class|po	1
SL013-052----	county|SLIGO	1
SL013-052----	townland_ga|Ard na Brón	1
SL013-066----	class|ct	1
SL013-066----	county|SLIGO	1
SL013-066----	townland_ga|Ceathrú na bPoll	1
SL013-069----	class|ct	1
SL013-069----	county|SLIGO	1
SL013-069----	townland_ga|An Leithcheathrú	1
SL014-045----	class|ct	1
SL014-045----	county|SLIGO	1
SL014-045----	townland_ga|An Coimín	1
SL014-076001-	class|pt	1
SL014-076001-	county|SLIGO	1
SL014-076001-	townland_ga|Cnoc na Riabh Theas	1
SL014-076003-	class|pt	1
SL014-076003-	county|SLIGO	1
SL014-076003-	townland_ga|Cnoc na Riabh Theas	1
SL014-076005-	class|pt	1
SL014-076005-	county|SLIGO	1
SL014-076005-	townland_ga|Cnoc na Riabh Theas	1
SL014-076006-	class|pt	1
SL014-076006-	county|SLIGO	1
SL014-076006-	townland_ga|Cnoc na Riabh Theas	1
SL014-076007-	class|pt	1
SL014-076007-	county|SLIGO	1
SL014-076007-	townland_ga|Cnoc na Riabh Theas	1
SL014-076019-	class|pt	1
SL014-076019-	county|SLIGO	1
SL014-076019-	townland_ga|Cnoc na Riabh Theas	1
SL014-088----	class|pt	1
SL014-088----	county|SLIGO	1
SL014-088----	townland_ga|An Ghráinseach Thuaidh	1
SL014-096002-	class|pt	1
SL014-096002-	county|SLIGO	1
SL014-096002-	townland_ga|Barr na Sraithe	1
SL014-110----	class|pt	1
SL014-110----	county|SLIGO	1
SL014-110----	townland_ga|Tobar na bhFiann	1
SL014-112----	class|pt	1
SL014-112----	county|SLIGO	1
SL014-112----	townland_ga|An Cheathrú Mhór	1
SL014-115----	class|pt	1
SL014-115----	county|SLIGO	1
SL014-115----	townland_ga|An Cheathrú Mhór	1
SL014-166----	class|ct	1
SL014-166----	county|SLIGO	1
SL014-166----	townland_ga|Gráinseach an tSabhaircín	1
SL014-209001-	class|pt	1
SL014-209001-	county|SLIGO	1
SL014-209001-	townland_ga|An Cheathrú Mhór	1
SL014-209002-	class|pt	1
SL014-209002-	county|SLIGO	1
SL014-209002-	townland_ga|An Cheathrú Mhór	1
SL014-209004-	class|pt	1
SL014-209004-	county|SLIGO	1
SL014-209004-	townland_ga|An Cheathrú Mhór	1
SL014-209006-	class|pt	1
SL014-209006-	county|SLIGO	1
SL014-209006-	townland_ga|An Cheathrú Mhór	1
SL014-209007-	class|pt	1
SL014-209007-	county|SLIGO	1
SL014-209007-	townland_ga|An Cheathrú Mhór	1
SL014-209008-	class|pt	1
SL014-209008-	county|SLIGO	1
SL014-209008-	townland_ga|An Cheathrú Mhór	1
SL014-209016-	class|pt	1
SL014-209016-	county|SLIGO	1
SL014-209016-	townland_ga|An Cheathrú Mhór	1
SL014-209017-	class|pt	1
SL014-209017-	county|SLIGO	1
SL014-209017-	townland_ga|An Cheathrú Mhór	1
SL014-209018-	class|pt	1
SL014-209018-	county|SLIGO	1
SL014-209018-	townland_ga|An Cheathrú Mhór	1
SL014-209020-	class|pt	1
SL014-209020-	county|SLIGO	1
SL014-209020-	townland_ga|An Cheathrú Mhór	1
SL014-209021-	class|pt	1
SL014-209021-	county|SLIGO	1
SL014-209021-	townland_ga|An Cheathrú Mhór	1
SL014-209022-	class|pt	1
SL014-209022-	county|SLIGO	1
SL014-209022-	townland_ga|An Cheathrú Mhór	1
SL014-209025-	class|pt	1
SL014-209025-	county|SLIGO	1
SL014-209025-	townland_ga|An Cheathrú Mhór	1
SL014-209026-	class|mu	1
SL014-209026-	county|SLIGO	1
SL014-209026-	townland_ga|An Cheathrú Mhór	1
SL014-209027-	class|pt	1
SL014-209027-	county|SLIGO	1
SL014-209027-	townland_ga|An Cheathrú Mhór	1
SL014-209028-	class|pt	1
SL014-209028-	county|SLIGO	1
SL014-209028-	townland_ga|An Cheathrú Mhór	1
SL014-209030-	class|pt	1
SL014-209030-	county|SLIGO	1
SL014-209030-	townland_ga|An Cheathrú Mhór	1
SL014-209031-	class|pt	1
SL014-209031-	county|SLIGO	1
SL014-209031-	townland_ga|An Cheathrú Mhór	1
SL014-209032-	class|pt	1
SL014-209032-	county|SLIGO	1
SL014-209032-	townland_ga|An Cheathrú Mhór	1
SL014-209036-	class|pt	1
SL014-209036-	county|SLIGO	1
SL014-209036-	townland_ga|An Cheathrú Mhór	1
SL014-209038-	class|pt	1
SL014-209038-	county|SLIGO	1
SL014-209038-	townland_ga|An Cheathrú Mhór	1
SL014-209044-	class|pt	1
SL014-209044-	county|SLIGO	1
SL014-209044-	townland_ga|An Cheathrú Mhór	1
SL014-209046-	class|pt	1
SL014-209046-	county|SLIGO	1
SL014-209046-	townland_ga|An Cheathrú Mhór	1
SL014-209048-	class|pt	1
SL014-209048-	county|SLIGO	1
SL014-209048-	townland_ga|An Cheathrú Mhór	1
SL014-209049-	class|pt	1
SL014-209049-	county|SLIGO	1
SL014-209049-	townland_ga|An Cheathrú Mhór	1
SL014-209067-	class|pt	1
SL014-209067-	county|SLIGO	1
SL014-209067-	townland_ga|An Ghráig	1
SL014-209068-	class|pt	1
SL014-209068-	county|SLIGO	1
SL014-209068-	townland_ga|An Cheathrú Mhór	1
SL014-209073-	class|pt	1
SL014-209073-	county|SLIGO	1
SL014-209073-	townland_ga|An Cheathrú Mhór	1
SL014-224----	class|he	1
SL014-224----	county|SLIGO	1
SL014-224----	townland_ga|Tamhnaigh an Fhortais	1
SL014-231----	class|pt	1
SL014-231----	county|SLIGO	1
SL014-231----	townland_ga|Na Carna (Duke)	1
SL014-231003-	class|sr	1
SL014-231003-	county|SLIGO	1
SL014-231003-	townland_ga|Na Carna (Duke)	1
SL014-232----	class|pt	1
SL014-232----	county|SLIGO	1
SL014-232----	townland_ga|Na Carna	1
SL014-266----	class|pt	1
SL014-266----	county|SLIGO	1
SL014-266----	townland_ga|Ceathrú na Mainistreach Thuaidh	1
SL015-016----	class|ct	1
SL015-016----	county|SLIGO	1
SL015-016----	townland_ga|Formaoil	1
SL015-020----	class|sc	1
SL015-020----	county|SLIGO	1
SL015-020----	townland_ga|Na Caológa Buí	1
SL015-020001-	class|sc	1
SL015-020001-	county|SLIGO	1
SL015-020001-	townland_ga|Na Caológa Buí	1
SL015-050----	class|ct	1
SL015-050----	county|SLIGO	1
SL015-050----	townland_ga|Machaire Chon Rois	1
SL015-053----	class|wt	1
SL015-053----	county|SLIGO	1
SL015-053----	townland_ga|Machaire Chon Rois	1
SL015-071----	class|sc	1
SL015-071----	county|SLIGO	1
SL015-071----	townland_ga|Coillte Cathail	1
SL016-015----	class|pt	1
SL016-015----	county|SLIGO	1
SL016-015----	townland_ga|Ceathrú Hobac Theas	1
SL016-016----	class|pt	1
SL016-016----	county|SLIGO	1
SL016-016----	townland_ga|Ceathrú Hobac Theas	1
SL017-021----	class|po	1
SL017-021----	county|SLIGO	1
SL017-021----	townland_ga|Camchoill	1
SL017-023----	class|wt	1
SL017-023----	county|SLIGO	1
SL017-023----	townland_ga|Ceann Chon Callaigh	1
SL017-034----	class|wt	1
SL017-034----	county|SLIGO	1
SL017-034----	townland_ga|An Coillín	1
SL017-040----	class|po	1
SL017-040----	county|SLIGO	1
SL017-040----	townland_ga|An Cnocán Bán	1
SL017-044----	class|wt	1
SL017-044----	county|SLIGO	1
SL017-044----	townland_ga|An Chealtrach	1
SL017-045----	class|ct	1
SL017-045----	county|SLIGO	1
SL017-045----	townland_ga|An Chealtrach	1
SL017-048----	class|ct	1
SL017-048----	county|SLIGO	1
SL017-048----	townland_ga|Tamhnaigh an tSrutháin	1
SL017-049----	class|ct	1
SL017-049----	county|SLIGO	1
SL017-049----	townland_ga|Tamhnaigh an tSrutháin	1
SL017-051----	class|po	1
SL017-051----	county|SLIGO	1
SL017-051----	townland_ga|Tamhnaigh an tSrutháin	1
SL018-017----	class|ct	1
SL018-017----	county|SLIGO	1
SL018-017----	townland_ga|Dún mBéicín	1
SL018-042----	class|wt	1
SL018-042----	county|SLIGO	1
SL018-042----	townland_ga|An Ghráinseach Bheag	1
SL018-054----	class|ct	1
SL018-054----	county|SLIGO	1
SL018-054----	townland_ga|Béal Átha an Mhíl	1
SL018-057----	class|mu	1
SL018-057----	county|SLIGO	1
SL018-057----	townland_ga|Bearnaigh an Chochaill	1
SL018-058001-	class|ct	1
SL018-058001-	county|SLIGO	1
SL018-058001-	townland_ga|Bearnaigh an Chochaill	1
SL018-059001-	class|sc	1
SL018-059001-	county|SLIGO	1
SL018-059001-	townland_ga|Bearnaigh an Chochaill	1
SL018-059002-	class|sr	1
SL018-059002-	county|SLIGO	1
SL018-059002-	townland_ga|Bearnaigh an Chochaill	1
SL018-067----	class|wt	1
SL018-067----	county|SLIGO	1
SL018-067----	townland_ga|Log Dúin	1
SL018-068----	class|mu	1
SL018-068----	county|SLIGO	1
SL018-068----	townland_ga|Baile an Phoill	1
SL018-073----	class|ct	1
SL018-073----	county|SLIGO	1
SL018-073----	townland_ga|Dún Fhlainn Uachtarach	1
SL018-075----	class|po	1
SL018-075----	county|SLIGO	1
SL018-075----	townland_ga|Crumhach	1
SL018-076----	class|ct	1
SL018-076----	county|SLIGO	1
SL018-076----	townland_ga|Crumhach	1
SL018-079----	class|mu	1
SL018-079----	county|SLIGO	1
SL018-079----	townland_ga|Dún Abhla	1
SL018-080----	class|wt	1
SL018-080----	county|SLIGO	1
SL018-080----	townland_ga|Dún Abhla	1
SL019-011----	class|ct	1
SL019-011----	county|SLIGO	1
SL019-011----	townland_ga|Fearann Uí Tharpaigh	1
SL019-024----	class|wt	1
SL019-024----	county|SLIGO	1
SL019-024----	townland_ga|Ceathrú Uí Chonchúir	1
SL019-031----	class|ct	1
SL019-031----	county|SLIGO	1
SL019-031----	townland_ga|Ceathrú Mhic Giolla Phádraig	1
SL019-035----	class|mu	1
SL019-035----	county|SLIGO	1
SL019-035----	townland_ga|Ceathrú Mhic Giolla Phádraig	1
SL019-068----	class|ct	1
SL019-068----	county|SLIGO	1
SL019-068----	townland_ga|Ceathrú an Choillín	1
SL019-072----	class|ct	1
SL019-072----	county|SLIGO	1
SL019-072----	townland_ga|An Leithcheathrú	1
SL019-115----	class|sc	1
SL019-115----	county|SLIGO	1
SL019-115----	townland_ga|An Cheathrú Chaol	1
SL019-132----	class|pt	1
SL019-132----	county|SLIGO	1
SL019-132----	townland_ga|Bearna na mBreac	1
SL019-135----	class|ct	1
SL019-135----	county|SLIGO	1
SL019-135----	townland_ga|Tóin re Gó Thiar	1
SL019-138----	class|ct	1
SL019-138----	county|SLIGO	1
SL019-138----	townland_ga|Tóin re Gó Thiar	1
SL019-177----	class|pt	1
SL019-177----	county|SLIGO	1
SL019-177----	townland_ga|Mullach na Sí	1
SL019-205----	class|sp	1
SL019-205----	county|SLIGO	1
SL019-205----	townland_ga|Tóin re Gó Thoir	1
SL019-258----	class|pt	1
SL019-258----	county|SLIGO	1
SL019-258----	townland_ga|Tamhnaigh an tSrutháin	1
SL020-037----	class|wt	1
SL020-037----	county|SLIGO	1
SL020-037----	townland_ga|Bruíog	1
SL020-128----	class|pt	1
SL020-128----	county|SLIGO	1
SL020-128----	townland_ga|Ceathrú na Madadh	1
SL020-129----	class|pt	1
SL020-129----	county|SLIGO	1
SL020-129----	townland_ga|Ceathrú na Madadh	1
SL020-161----	class|ct	1
SL020-161----	county|SLIGO	1
SL020-161----	townland_ga|An Chorrthamhnach	1
SL020-163----	class|mu	1
SL020-163----	county|SLIGO	1
SL020-163----	townland_ga|Baile Easa Dara	1
SL020-170----	class|sr	1
SL020-170----	county|SLIGO	1
SL020-170----	townland_ga|Baile Uí Dhálaigh	1
SL020-181----	class|pt	1
SL020-181----	county|SLIGO	1
SL020-181----	townland_ga|An Gleann	1
SL020-233----	class|mu	1
SL020-233----	county|SLIGO	1
SL020-233----	townland_ga|Droim an Sciobóil	1
SL020-274----	class|pt	1
SL020-274----	county|SLIGO	1
SL020-274----	townland_ga|An Inneoin	1
SL020-275----	class|pt	1
SL020-275----	county|SLIGO	1
SL020-275----	townland_ga|An Inneoin	1
SL020-279----	class|sp	1
SL020-279----	county|SLIGO	1
SL020-279----	townland_ga|Ceathrú Chaol na Bruí	1
SL021-019----	class|ct	1
SL021-019----	county|SLIGO	1
SL021-019----	townland_ga|Ard na Spreac	1
SL021-020----	class|ct	1
SL021-020----	county|SLIGO	1
SL021-020----	townland_ga|Ceathrúnach	1
SL021-030----	class|ct	1
SL021-030----	county|SLIGO	1
SL021-030----	townland_ga|Caisleán an Uabhair	1
SL021-054----	class|wt	1
SL021-054----	county|SLIGO	1
SL021-054----	townland_ga|An Cheathrú Chruinn	1
SL021-058----	class|po	1
SL021-058----	county|SLIGO	1
SL021-058----	townland_ga|Cnoc an Tobair	1
SL021-062----	class|mu	1
SL021-062----	county|SLIGO	1
SL021-062----	townland_ga|Carraig na gCat	1
SL021-104----	class|ct	1
SL021-104----	county|SLIGO	1
SL021-104----	townland_ga|Carraig na gCat	1
SL023-001----	class|wt	1
SL023-001----	county|SLIGO	1
SL023-001----	townland_ga|An Tamhnaigh Mhór	1
SL025-002----	class|wt	1
SL025-002----	county|SLIGO	1
SL025-002----	townland_ga|An Chabrach	1
SL025-008----	class|wt	1
SL025-008----	county|SLIGO	1
SL025-008----	townland_ga|Gort an Chaorthainn	1
SL025-009----	class|mu	1
SL025-009----	county|SLIGO	1
SL025-009----	townland_ga|Gort an Chaorthainn	1
SL025-022----	class|mu	1
SL025-022----	county|SLIGO	1
SL025-022----	townland_ga|Baile an Bhealaigh	1
SL025-029----	class|mu	1
SL025-029----	county|SLIGO	1
SL025-029----	townland_ga|Gort an Chaorthainn	1
SL025-058----	class|mu	1
SL025-058----	county|SLIGO	1
SL025-058----	townland_ga|Cnoc an Dumha	1
SL025-081----	class|wt	1
SL025-081----	county|SLIGO	1
SL025-081----	townland_ga|Cheathrú an Éadain	1
SL025-094----	class|wt	1
SL025-094----	county|SLIGO	1
SL025-094----	townland_ga|Ceathrú Uí Mhuirígh	1
SL025-154----	class|wt	1
SL025-154----	county|SLIGO	1
SL025-154----	townland_ga|An Chabrach	1
SL026-114----	class|ct	1
SL026-114----	county|SLIGO	1
SL026-114----	townland_ga|Baile Uí Mhuirígh	1
SL028-019----	class|ct	1
SL028-019----	county|SLIGO	1
SL028-019----	townland_ga|An Cheathrú Mhór	1
SL031-033----	class|ct	1
SL031-033----	county|SLIGO	1
SL031-033----	townland_ga|Seiseadh Uí Chomáin	1
SL031-040----	class|ct	1
SL031-040----	county|SLIGO	1
SL031-040----	townland_ga|An Caisleán Carrach	1
SL032-003----	class|mu	1
SL032-003----	county|SLIGO	1
SL032-003----	townland_ga|Ceathrú na Leice	1
SL032-005----	class|ct	1
SL032-005----	county|SLIGO	1
SL032-005----	townland_ga|Cluain Dearthára	1
SL032-013002-	class|pt	1
SL032-013002-	county|SLIGO	1
SL032-013002-	townland_ga|Cnoc na Sí	1
SL032-013003-	class|pt	1
SL032-013003-	county|SLIGO	1
SL032-013003-	townland_ga|Cnoc na Sí	1
SL032-189----	class|bb	1
SL032-189----	county|SLIGO	1
SL032-189----	townland_ga|Achadh Conaire	1
SL032-231----	class|ct	1
SL032-231----	county|SLIGO	1
SL032-231----	townland_ga|Cluain Arathair	1
SL033-166----	class|mu	1
SL033-166----	county|SLIGO	1
SL033-166----	townland_ga|An Chlúid	1
SL034-088----	class|po	1
SL034-088----	county|SLIGO	1
SL034-088----	townland_ga|Coill Fiaigh	1
SL034-099----	class|ct	1
SL034-099----	county|SLIGO	1
SL034-099----	townland_ga|Na Cama	1
SL034-109----	class|pt	1
SL034-109----	county|SLIGO	1
SL034-109----	townland_ga|Ard Láí	1
SL034-128----	class|pt	1
SL034-128----	county|SLIGO	1
SL034-128----	townland_ga|Baile an Chairn	1
SL034-152----	class|po	1
SL034-152----	county|SLIGO	1
SL034-152----	townland_ga|An Charraig Ghlas	1
SL034-155----	class|pt	1
SL034-155----	county|SLIGO	1
SL034-155----	townland_ga|An Barr Rua Thuaidh	1
SL034-206----	class|mu	1
SL034-206----	county|SLIGO	1
SL034-206----	townland_ga|Baile an Dúin	1
SL034-208001-	class|wt	1
SL034-208001-	county|SLIGO	1
SL034-208001-	townland_ga|Maigh Tuireadh Thiar	1
SL034-224----	class|wt	1
SL034-224----	county|SLIGO	1
SL034-224----	townland_ga|An Barr Rua Uachtarach	1
SL035-061----	class|mu	1
SL035-061----	county|SLIGO	1
SL035-061----	townland_ga|Cúl Muirligh	1
SL035-062----	class|ct	1
SL035-062----	county|SLIGO	1
SL035-062----	townland_ga|Cúl Muirligh	1
SL035-063----	class|wt	1
SL035-063----	county|SLIGO	1
SL035-063----	townland_ga|Cúl Muirligh	1
SL035-075----	class|po	1
SL035-075----	county|SLIGO	1
SL035-075----	townland_ga|Maigh Tuireadh Thiar	1
SL035-078----	class|mu	1
SL035-078----	county|SLIGO	1
SL035-078----	townland_ga|Maigh Tuireadh Thoir	1
SL035-079----	class|ct	1
SL035-079----	county|SLIGO	1
SL035-079----	townland_ga|Maigh Tuireadh Thoir	1
SL035-097001-	class|ct	1
SL035-097001-	county|SLIGO	1
SL035-097001-	townland_ga|An Trian Mór	1
SL035-106----	class|mu	1
SL035-106----	county|SLIGO	1
SL035-106----	townland_ga|Carraig na gCriop	1
SL036-001001-	class|pt	1
SL036-001001-	county|SLIGO	1
SL036-001001-	townland_ga|An Cheathrú Riabhach	1
SL036-002----	class|ct	1
SL036-002----	county|SLIGO	1
SL036-002----	townland_ga|An Cheathrú Riabhach	1
SL036-002001-	class|mu	1
SL036-002001-	county|SLIGO	1
SL036-002001-	townland_ga|An Cheathrú Riabhach	1
SL036-003----	class|ct	1
SL036-003----	county|SLIGO	1
SL036-003----	townland_ga|An Cheathrú Riabhach	1
SL036-035----	class|wt	1
SL036-035----	county|SLIGO	1
SL036-035----	townland_ga|Coill Dá Lao	1
SL036-036----	class|wt	1
SL036-036----	county|SLIGO	1
SL036-036----	townland_ga|Coill Dá Lao	1
SL036-038----	class|wt	1
SL036-038----	county|SLIGO	1
SL036-038----	townland_ga|Leitir Brón	1
SL036-065----	class|ct	1
SL036-065----	county|SLIGO	1
SL036-065----	townland_ga|Cionn Coilleadh	1
SL038-043----	class|wt	1
SL038-043----	county|SLIGO	1
SL038-043----	townland_ga|Tobar an Choire	1
SL038-074----	class|ct	1
SL038-074----	county|SLIGO	1
SL038-074----	townland_ga|Ráth Scanláin	1
SL040-006001-	class|pt	1
SL040-006001-	county|SLIGO	1
SL040-006001-	townland_ga|Carn an Mhaoilín	1
SL040-008----	class|pt	1
SL040-008----	county|SLIGO	1
SL040-008----	townland_ga|Droim na Gráinsí	1
SL040-016001-	class|pt	1
SL040-016001-	county|SLIGO	1
SL040-016001-	townland_ga|Trian Mhic Mhuircheartaigh	1
SL040-086----	class|pt	1
SL040-086----	county|SLIGO	1
SL040-086----	townland_ga|An Cheathrú Chaol	1
SL040-087----	class|pt	1
SL040-087----	county|SLIGO	1
SL040-087----	townland_ga|An Cheathrú Chaol	1
SL040-088----	class|pt	1
SL040-088----	county|SLIGO	1
SL040-088----	townland_ga|An Cheathrú Chaol	1
SL040-089----	class|pt	1
SL040-089----	county|SLIGO	1
SL040-089----	townland_ga|An Cheathrú Chaol	1
SL040-090001-	class|pt	1
SL040-090001-	county|SLIGO	1
SL040-090001-	townland_ga|An Cheathrú Chaol	1
SL040-093----	class|pt	1
SL040-093----	county|SLIGO	1
SL040-093----	townland_ga|An Cheathrú Chaol	1
SL040-094----	class|pt	1
SL040-094----	county|SLIGO	1
SL040-094----	townland_ga|An Cheathrú Chaol	1
SL040-095----	class|pt	1
SL040-095----	county|SLIGO	1
SL040-095----	townland_ga|An Cheathrú Chaol	1
SL040-096----	class|pt	1
SL040-096----	county|SLIGO	1
SL040-096----	townland_ga|An Cheathrú Chaol	1
SL040-097001-	class|pt	1
SL040-097001-	county|SLIGO	1
SL040-097001-	townland_ga|An Trian Screabach	1
SL040-098----	class|ct	1
SL040-098----	county|SLIGO	1
SL040-098----	townland_ga|Mullach na Fearna	1
SL040-099----	class|pt	1
SL040-099----	county|SLIGO	1
SL040-099----	townland_ga|Dún na bhFiarach	1
SL040-101----	class|pt	1
SL040-101----	county|SLIGO	1
SL040-101----	townland_ga|Carraig na hEorna Thoir	1
SL040-102----	class|pt	1
SL040-102----	county|SLIGO	1
SL040-102----	townland_ga|Carraig na hEorna Thoir	1
SL040-106----	class|ct	1
SL040-106----	county|SLIGO	1
SL040-106----	townland_ga|Carraig na hEorna Thoir	1
SL040-127----	class|ct	1
SL040-127----	county|SLIGO	1
SL040-127----	townland_ga|Eachanach	1
SL040-184----	class|mu	1
SL040-184----	county|SLIGO	1
SL040-184----	townland_ga|Carraig na hEorna Thoir	1
SL040-229----	class|mu	1
SL040-229----	county|SLIGO	1
SL040-229----	townland_ga|An Cheathrú Chaol	1
SL040-234----	class|wt	1
SL040-234----	county|SLIGO	1
SL040-234----	townland_ga|Murthaigh	1
SL041-004----	class|ct	1
SL041-004----	county|SLIGO	1
SL041-004----	townland_ga|Baile an Loig	1
SL041-034001-	class|mu	1
SL041-034001-	county|SLIGO	1
SL041-034001-	townland_ga|Cloch Mhianach	1
SL044-051----	class|ct	1
SL044-051----	county|SLIGO	1
SL044-051----	townland_ga|Maigh Uí Ghadhra	1
SL044-062----	class|wt	1
SL044-062----	county|SLIGO	1
SL044-062----	townland_ga|Cill Fraoigh	1
SL046-010----	class|bb	1
SL046-010----	county|SLIGO	1
SL046-010----	townland_ga|An Clochar	1
SL046-035----	class|wt	1
SL046-035----	county|SLIGO	1
SL046-035----	townland_ga|Tamhnaigh na Muclach	1
TN010-054----	class|mu	1
TN010-054----	county|TIPPERARY NORTH	1
TN010-054----	townland_ga|Fuitstiún	1
TN010-069----	class|mu	1
TN010-069----	county|TIPPERARY NORTH	1
TN010-069----	townland_ga|An Lios Garbh	1
TN015-022----	class|po	1
TN015-022----	county|TIPPERARY NORTH	1
TN015-022----	townland_ga|Ard Cróine	1
TN017-015----	class|wt	1
TN017-015----	county|TIPPERARY NORTH	1
TN017-015----	townland_ga|An Cluainín	1
TN019-033----	class|wt	1
TN019-033----	county|TIPPERARY NORTH	1
TN019-033----	townland_ga|An Leaca Mhór	1
TN019-040----	class|sp	1
TN019-040----	county|TIPPERARY NORTH	1
TN019-040----	townland_ga|An Bhuirgéis	1
TN019-041----	class|sp	1
TN019-041----	county|TIPPERARY NORTH	1
TN019-041----	townland_ga|An Lisín	1
TN019-046001-	class|sc	1
TN019-046001-	county|TIPPERARY NORTH	1
TN019-046001-	townland_ga|An Com Rua	1
TN019-056----	class|sp	1
TN019-056----	county|TIPPERARY NORTH	1
TN019-056----	townland_ga|An Currach Bán	1
TN020-009----	class|po	1
TN020-009----	county|TIPPERARY NORTH	1
TN020-009----	townland_ga|An Creagán	1
TN020-062----	class|sr	1
TN020-062----	county|TIPPERARY NORTH	1
TN020-062----	townland_ga|Barr Beathach	1
TN020-161----	class|sp	1
TN020-161----	county|TIPPERARY NORTH	1
TN020-161----	townland_ga|An Cnoc Mór	1
TN025-029002-	class|mu	1
TN025-029002-	county|TIPPERARY NORTH	1
TN025-029002-	townland_ga|Baile Uí Mhaolomhnaigh Mór	1
TN026-051----	class|wt	1
TN026-051----	county|TIPPERARY NORTH	1
TN026-051----	townland_ga|An Cúilín	1
TN029-022----	class|bb	1
TN029-022----	county|TIPPERARY NORTH	1
TN029-022----	townland_ga|Coill an Bhardaigh	1
TN032-006----	class|sc	1
TN032-006----	county|TIPPERARY NORTH	1
TN032-006----	townland_ga|Barr an Ghleanna	1
TN033-001----	class|wt	1
TN033-001----	county|TIPPERARY NORTH	1
TN033-001----	townland_ga|Faill na Muc	1
TN033-025----	class|wt	1
TN033-025----	county|TIPPERARY NORTH	1
TN033-025----	townland_ga|Coimín na gCoirríní	1
TN033-027----	class|sr	1
TN033-027----	county|TIPPERARY NORTH	1
TN033-027----	townland_ga|Glas Deargáin	1
TN033-041001-	class|sp	1
TN033-041001-	county|TIPPERARY NORTH	1
TN037-036----	class|sp	1
TN037-036----	county|TIPPERARY NORTH	1
TN037-036----	townland_ga|An Scraigín	1
TN038-004----	class|bb	1
TN038-004----	county|TIPPERARY NORTH	1
TN038-004----	townland_ga|Ré Fhearnóige Mhór	1
TN038-005----	class|sc	1
TN038-005----	county|TIPPERARY NORTH	1
TN038-005----	townland_ga|Ré Fhearnóige Mhór	1
TN038-006----	class|wt	1
TN038-006----	county|TIPPERARY NORTH	1
TN038-006----	townland_ga|Ré Fhearnóige Mhór	1
TN038-009----	class|wt	1
TN038-009----	county|TIPPERARY NORTH	1
TN038-009----	townland_ga|Barr na dTuaimíní	1
TN038-013----	class|ct	1
TN038-013----	county|TIPPERARY NORTH	1
TN038-013----	townland_ga|Seanbhaile Éamainn	1
TN038-022----	class|mu	1
TN038-022----	county|TIPPERARY NORTH	1
TN038-022----	townland_ga|An Cuan Mór	1
TN038-023001-	class|sp	1
TN038-023001-	county|TIPPERARY NORTH	1
TN038-023001-	townland_ga|Barr na dTuaimíní	1
TN039-004001-	class|sc	1
TN039-004001-	county|TIPPERARY NORTH	1
TN039-004001-	townland_ga|An Riasc	1
TN039-007----	class|wt	1
TN039-007----	county|TIPPERARY NORTH	1
TN039-007----	townland_ga|Cnoc na Báinsí	1
TN039-008----	class|wt	1
TN039-008----	county|TIPPERARY NORTH	1
TN039-008----	townland_ga|Cnoc an Arbha	1
TN039-009----	class|wt	1
TN039-009----	county|TIPPERARY NORTH	1
TN039-009----	townland_ga|Cnoc Corrbhuaile	1
TN039-014----	class|wt	1
TN039-014----	county|TIPPERARY NORTH	1
TN039-014----	townland_ga|An Log Breac	1
TN039-016----	class|wt	1
TN039-016----	county|TIPPERARY NORTH	1
TN039-016----	townland_ga|Cnoc Corrbhuaile	1
TN039-017----	class|wt	1
TN039-017----	county|TIPPERARY NORTH	1
TN039-017----	townland_ga|Cnoc Corrbhuaile	1
TN039-018----	class|mu	1
TN039-018----	county|TIPPERARY NORTH	1
TN039-018----	townland_ga|Garrán Iarthach	1
TN039-037----	class|mu	1
TN039-037----	county|TIPPERARY NORTH	1
TN039-037----	townland_ga|Cnoc Corrbhuaile	1
TN039-045----	class|mu	1
TN039-045----	county|TIPPERARY NORTH	1
TN039-045----	townland_ga|Cnoc Corrbhuaile	1
TN039-050----	class|mu	1
TN039-050----	county|TIPPERARY NORTH	1
TN039-050----	townland_ga|Cnoc Corrbhuaile	1
TN039-052----	class|sr	1
TN039-052----	county|TIPPERARY NORTH	1
TN039-052----	townland_ga|Cnoc Corrbhuaile	1
TS039-020----	class|wt	1
TS039-020----	county|TIPPERARY SOUTH	1
TS039-020----	townland_ga|Cnoc Seanbhriotáis	1
TS039-021----	class|wt	1
TS039-021----	county|TIPPERARY SOUTH	1
TS039-021----	townland_ga|Cnoc Seanbhriotáis	1
TS044-001----	class|wt	1
TS044-001----	county|TIPPERARY SOUTH	1
TS044-001----	townland_ga|Faill Uí Chléirigh	1
TS045-009----	class|mu	1
TS045-009----	county|TIPPERARY SOUTH	1
TS045-009----	townland_ga|Currach Marcaigh	1
TS054-011001-	class|sc	1
TS054-011001-	county|TIPPERARY SOUTH	1
TS054-011001-	townland_ga|Gleann an Ghuail Theas	1
TS067-060----	class|bb	1
TS067-060----	county|TIPPERARY SOUTH	1
TS067-060----	townland_ga|Ráth Dhiarmada	1
TS067-060001-	class|bb	1
TS067-060001-	county|TIPPERARY SOUTH	1
TS067-060001-	townland_ga|Ráth Dhiarmada	1
TS071-054----	class|mu	1
TS071-054----	county|TIPPERARY SOUTH	1
TS071-054----	townland_ga|Bréanair Mór	1
TS073-006----	class|wt	1
TS073-006----	county|TIPPERARY SOUTH	1
TS073-006----	townland_ga|Cora Dhoire	1
TS073-007----	class|pt	1
TS073-007----	county|TIPPERARY SOUTH	1
TS073-007----	townland_ga|Sruth na Gamhnaí	1
TS075-039----	class|he	1
TS075-039----	county|TIPPERARY SOUTH	1
TS075-039----	townland_ga|Céadrach	1
TS075-045----	class|po	1
TS075-045----	county|TIPPERARY SOUTH	1
TS075-045----	townland_ga|Lios an Mheatha	1
TS078-078----	class|cu	1
TS078-078----	county|TIPPERARY SOUTH	1
TS078-078----	townland_ga|Baile Phádraig	1
TS091-004----	class|sp	1
TS091-004----	county|TIPPERARY SOUTH	1
TS091-004----	townland_ga|Currach Cluana	1
TS091-005----	class|sp	1
TS091-005----	county|TIPPERARY SOUTH	1
TS091-005----	townland_ga|Áth an Bheannlomáin	1
WA002-005----	class|po	1
WA002-005----	county|WATERFORD	1
WA002-005----	townland_ga|An Goirtín Íochtarach	1
WA003-019----	class|sp	1
WA003-019----	county|WATERFORD	1
WA003-019----	townland_ga|Buaile an Dísirt	1
WA003-023----	class|po	1
WA003-023----	county|WATERFORD	1
WA003-023----	townland_ga|An Seisceann	1
WA003-049----	class|po	1
WA003-049----	county|WATERFORD	1
WA003-049----	townland_ga|Baile Uí Chuinn	1
WA003-086001-	class|sp	1
WA003-086001-	county|WATERFORD	1
WA003-086001-	townland_ga|An Seisceann	1
WA006-022002-	class|sr	1
WA006-022002-	county|WATERFORD	1
WA006-022002-	townland_ga|An Tuairín Thoir	1
WA006-023001-	class|sr	1
WA006-023001-	county|WATERFORD	1
WA006-023001-	townland_ga|An Tuairín Thiar	1
WA006-054----	class|sr	1
WA006-054----	county|WATERFORD	1
WA006-054----	townland_ga|Cnocán an Aifrinn	1
WA006-055001-	class|sr	1
WA006-055001-	county|WATERFORD	1
WA006-055001-	townland_ga|Cnocán an Aifrinn	1
WA007-024----	class|po	1
WA007-024----	county|WATERFORD	1
WA007-024----	townland_ga|Baile an Fhaoitigh Thoir	1
WA007-090----	class|sr	1
WA007-090----	county|WATERFORD	1
WA007-090----	townland_ga|Cnoc an Tornóraigh	1
WA013-007----	class|sr	1
WA013-007----	county|WATERFORD	1
WA013-007----	townland_ga|Ré na dTiompán	1
WA013-038002-	class|sr	1
WA013-038002-	county|WATERFORD	1
WA013-038002-	townland_ga|An Cnoc Buí	1
WA014-031----	class|sp	1
WA014-031----	county|WATERFORD	1
WA014-031----	townland_ga|Cill Bhriain Uachtarach	1
WA014-033002-	class|sr	1
WA014-033002-	county|WATERFORD	1
WA014-033002-	townland_ga|Com Airglinn	1
WA014-033010-	class|sp	1
WA014-033010-	county|WATERFORD	1
WA014-033010-	townland_ga|Com Airglinn	1
WA015-087----	class|sr	1
WA015-087----	county|WATERFORD	1
WA015-087----	townland_ga|Ráth na Maighdean	1
WA016-044----	class|sp	1
WA016-044----	county|WATERFORD	1
WA016-044----	townland_ga|An Liosachán	1
WA017-016----	class|po	1
WA017-016----	county|WATERFORD	1
WA017-016----	townland_ga|Baile an Dodaigh	1
WA017-027----	class|po	1
WA017-027----	county|WATERFORD	1
WA017-027----	townland_ga|Cnoc an Ghallaigh	1
WA017-034----	class|po	1
WA017-034----	county|WATERFORD	1
WA017-034----	townland_ga|An Cnoicín	1
WA017-035----	class|wt	1
WA017-035----	county|WATERFORD	1
WA017-035----	townland_ga|Móin Mhothóige	1
WA017-057----	class|pt	1
WA017-057----	county|WATERFORD	1
WA017-057----	townland_ga|Carraig an Longaigh	1
WA023-076----	class|mu	1
WA023-076----	county|WATERFORD	1
WA023-076----	townland_ga|Com Airglinn	1
WA025-007----	class|po	1
WA025-007----	county|WATERFORD	1
WA025-007----	townland_ga|Baile na gCiarraíoch	1
WA025-022----	class|po	1
WA025-022----	county|WATERFORD	1
WA025-022----	townland_ga|Baile an tSabháistigh	1
WA025-029----	class|po	1
WA025-029----	county|WATERFORD	1
WA025-029----	townland_ga|Dún Aill	1
WA025-114----	class|sp	1
WA025-114----	county|WATERFORD	1
WA025-114----	townland_ga|An Chruach	1
WA026-003----	class|pt	1
WA026-003----	county|WATERFORD	1
WA026-003----	townland_ga|Baile Mhaithiais	1
WA026-028----	class|wt	1
WA026-028----	county|WATERFORD	1
WA026-028----	townland_ga|Carraig an Bhruinnteora	1
WA027-005----	class|sc	1
WA027-005----	county|WATERFORD	1
WA027-005----	townland_ga|Cill Mochuma	1
WA027-007----	class|pt	1
WA027-007----	county|WATERFORD	1
WA027-007----	townland_ga|Baile Anraí	1
WA033-003----	class|sp	1
WA033-003----	county|WATERFORD	1
WA033-003----	townland_ga|An Choill Bheag Uachtarach	1
WA033-008----	class|sp	1
WA033-008----	county|WATERFORD	1
WA033-008----	townland_ga|Sliabh Choill Chátha	1
WA039-007----	class|ct	1
WA039-007----	county|WATERFORD	1
WI005-005----	class|sc	1
WI005-005----	county|WICKLOW	1
WI005-005----	townland_ga|Baile Foighil	1
WI005-014----	class|sc	1
WI005-014----	county|WICKLOW	1
WI005-014----	townland_ga|Díméin Bhaile Coimín	1
WI005-056----	class|wt	1
WI005-056----	county|WICKLOW	1
WI005-056----	townland_ga|An Charraig Dhubh	1
WI005-079----	class|wt	1
WI005-079----	county|WICKLOW	1
WI005-079----	townland_ga|An Charraig	1
WI005-092----	class|pt	1
WI005-092----	county|WICKLOW	1
WI005-092----	townland_ga|An Leacain	1
WI005-124----	class|cu	1
WI005-124----	county|WICKLOW	1
WI006-003----	class|pt	1
WI006-003----	county|WICKLOW	1
WI006-003----	townland_ga|Léim an Scorlógaigh	1
WI007-021----	class|mu	1
WI007-021----	county|WICKLOW	1
WI007-021----	townland_ga|Páirc na Saileog	1
WI007-033----	class|po	1
WI007-033----	county|WICKLOW	1
WI007-033----	townland_ga|Glais Ghainimhe	1
WI009-028----	class|pt	1
WI009-028----	county|WICKLOW	1
WI009-028----	townland_ga|Baile an Bhlácaigh Uachtarach	1
WI010-062----	class|wt	1
WI010-062----	county|WICKLOW	1
WI010-062----	townland_ga|Carraig an Churraigh	1
WI011-003----	class|sp	1
WI011-003----	county|WICKLOW	1
WI011-003----	townland_ga|Buaile an Ultaigh	1
WI015-010----	class|sc	1
WI015-010----	county|WICKLOW	1
WI015-010----	townland_ga|Áth Gréine	1
WI015-018----	class|sc	1
WI015-018----	county|WICKLOW	1
WI015-018----	townland_ga| 	1
WI015-036----	class|pt	1
WI015-036----	county|WICKLOW	1
WI015-036----	townland_ga|Tor Neanta Uachtarach	1
WI015-037----	class|sc	1
WI015-037----	county|WICKLOW	1
WI015-037----	townland_ga|Tor Neanta Uachtarach	1
WI015-050----	class|sr	1
WI015-050----	county|WICKLOW	1
WI015-050----	townland_ga|Cill Bhéalad Uachtarach	1
WI015-061----	class|po	1
WI015-061----	county|WICKLOW	1
WI015-061----	townland_ga|0	1
WI015-088----	class|sc	1
WI015-088----	county|WICKLOW	1
WI015-088----	townland_ga| 	1
WI016-020001-	class|sc	1
WI016-020001-	county|WICKLOW	1
WI016-020001-	townland_ga|Tuar Mhóin na bhFiach	1
WI016-020003-	class|sc	1
WI016-020003-	county|WICKLOW	1
WI016-020003-	townland_ga|Tuar Mhóin na bhFiach	1
WI017-006----	class|sp	1
WI017-006----	county|WICKLOW	1
WI017-006----	townland_ga|An Láithreach Thoir	1
WI021-032----	class|sc	1
WI021-032----	county|WICKLOW	1
WI021-032----	townland_ga|Caisleán an Ridire Íochtarach	1
WI027-026003-	class|pt	1
WI027-026003-	county|WICKLOW	1
WI027-026003-	townland_ga|Cúil an Airgthigh Uachtarach	1
WI027-039----	class|sc	1
WI027-039----	county|WICKLOW	1
WI027-039----	townland_ga|Buaile an Charraigín	1
WI027-089----	class|cu	1
WI027-089----	county|WICKLOW	1
WI027-089----	townland_ga|Céidín	1
WI035-023----	class|wt	1
WI035-023----	county|WICKLOW	1
WI035-023----	townland_ga| 	1
WI036-008----	class|po	1
WI036-008----	county|WICKLOW	1
WI036-008----	townland_ga|An Briotás	1
WI042-036----	class|wt	1
WI042-036----	county|WICKLOW	1
WI042-036----	townland_ga|Maoilise	1
WM003-039----	class|wt	1
WM003-039----	county|WESTMEATH	1
WM003-039----	townland_ga| 	1
WM018-134----	class|he	1
WM018-134----	county|WESTMEATH	1
WM018-134----	townland_ga| 	1
WM024-059----	class|mu	1
WM024-059----	county|WESTMEATH	1
WM024-059----	townland_ga| 	1
WM029-002----	class|sp	1
WM029-002----	county|WESTMEATH	1
WM029-002----	townland_ga|Cluain Bhorraisc	1
WM031-116----	class|sc	1
WM031-116----	county|WESTMEATH	1
WM031-116----	townland_ga| 	1
WX002-048----	class|mu	1
WX002-048----	county|WEXFORD	1
WX002-048----	townland_ga|An Comar Dubh	1
WX006-002----	class|mu	1
WX006-002----	county|WEXFORD	1
WX006-002----	townland_ga|Bailte Ó bhFearaíl	1
WX006-003----	class|mu	1
WX006-003----	county|WEXFORD	1
WX006-003----	townland_ga|Áth na Meall Mín	1
WX006-037----	class|sp	1
WX006-037----	county|WEXFORD	1
WX006-037----	townland_ga|Cluain na Manach Uachtarach	1
WX007-009----	class|mu	1
WX007-009----	county|WEXFORD	1
WX007-009----	townland_ga|Cill Chaomháin Íochtarach	1
WX013-006----	class|sp	1
WX013-006----	county|WEXFORD	1
WX013-006----	townland_ga|An Chlochróg Mhór	1
WX026-014----	class|bb	1
WX026-014----	county|WEXFORD	1
WX026-014----	townland_ga|An Móta Beag	1
WX031-010----	class|po	1
WX031-010----	county|WEXFORD	1
WX031-010----	townland_ga|Baile Briotáis	1
WX031-039----	class|sp	1
WX031-039----	county|WEXFORD	1
WX031-039----	townland_ga|Barr Móna	1
WX035-052----	class|po	1
WX035-052----	county|WEXFORD	1
WX035-052----	townland_ga|An Bábhún Nua	1
WX039-005----	class|sr	1
WX039-005----	county|WEXFORD	1
WX039-005----	townland_ga|An Teampall Geal	1
WX048-039----	class|sp	1
WX048-039----	county|WEXFORD	1
WX048-039----	townland_ga|Na Botha	1
NI:ANT006:009	class|mu	1
NI:ANT006:009	county|NORTHERN IRELAND	1
NI:ANT008:024	class|mu	1
NI:ANT008:024	county|NORTHERN IRELAND	1
NI:ANT009:032	class|mu	1
NI:ANT009:032	county|NORTHERN IRELAND	1
NI:ANT009:033	class|mu	1
NI:ANT009:033	county|NORTHERN IRELAND	1
NI:ANT009:036	class|mu	1
NI:ANT009:036	county|NORTHERN IRELAND	1
NI:ANT009:056	class|mu	1
NI:ANT009:056	county|NORTHERN IRELAND	1
NI:ANT009:107	class|mu	1
NI:ANT009:107	county|NORTHERN IRELAND	1
NI:ANT009:128	class|sp	1
NI:ANT009:128	county|NORTHERN IRELAND	1
NI:ANT009:167	class|mu	1
NI:ANT009:167	county|NORTHERN IRELAND	1
NI:ANT009:182	class|mu	1
NI:ANT009:182	county|NORTHERN IRELAND	1
NI:ANT009:203	class|mu	1
NI:ANT009:203	county|NORTHERN IRELAND	1
NI:ANT010:003	class|mu	1
NI:ANT010:003	county|NORTHERN IRELAND	1
NI:ANT013:027	class|mu	1
NI:ANT013:027	county|NORTHERN IRELAND	1
NI:ANT014:009	class|mu	1
NI:ANT014:009	county|NORTHERN IRELAND	1
NI:ANT015:017	class|mu	1
NI:ANT015:017	county|NORTHERN IRELAND	1
NI:ANT019:007	class|mu	1
NI:ANT019:007	county|NORTHERN IRELAND	1
NI:ANT019:008	class|mu	1
NI:ANT019:008	county|NORTHERN IRELAND	1
NI:ANT020:059	class|mu	1
NI:ANT020:059	county|NORTHERN IRELAND	1
NI:ANT020:060	class|mu	1
NI:ANT020:060	county|NORTHERN IRELAND	1
NI:ANT020:061	class|mu	1
NI:ANT020:061	county|NORTHERN IRELAND	1
NI:ANT020:063	class|sp	1
NI:ANT020:063	county|NORTHERN IRELAND	1
NI:ANT023:028	class|mu	1
NI:ANT023:028	county|NORTHERN IRELAND	1
NI:ANT024:036	class|mu	1
NI:ANT024:036	county|NORTHERN IRELAND	1
NI:ANT027:019	class|sp	1
NI:ANT027:019	county|NORTHERN IRELAND	1
NI:ANT028:001	class|sp	1
NI:ANT028:001	county|NORTHERN IRELAND	1
NI:ANT028:007	class|wt	1
NI:ANT028:007	county|NORTHERN IRELAND	1
NI:ANT029:005	class|ct	1
NI:ANT029:005	county|NORTHERN IRELAND	1
NI:ANT029:032	class|sc	1
NI:ANT029:032	county|NORTHERN IRELAND	1
NI:ANT029:082	class|mu	1
NI:ANT029:082	county|NORTHERN IRELAND	1
NI:ANT033:011	class|ct	1
NI:ANT033:011	county|NORTHERN IRELAND	1
NI:ANT033:051	class|mu	1
NI:ANT033:051	county|NORTHERN IRELAND	1
NI:ANT044:027	class|mu	1
NI:ANT044:027	county|NORTHERN IRELAND	1
NI:ANT044:028	class|mu	1
NI:ANT044:028	county|NORTHERN IRELAND	1
NI:ANT044:036	class|sp	1
NI:ANT044:036	county|NORTHERN IRELAND	1
NI:ANT040:009	class|mu	1
NI:ANT040:009	county|NORTHERN IRELAND	1
NI:ANT040:020	class|mu	1
NI:ANT040:020	county|NORTHERN IRELAND	1
NI:ANT045:042	class|mu	1
NI:ANT045:042	county|NORTHERN IRELAND	1
NI:ANT045:048	class|mu	1
NI:ANT045:048	county|NORTHERN IRELAND	1
NI:ANT045:065	class|mu	1
NI:ANT045:065	county|NORTHERN IRELAND	1
NI:ANT046:012	class|mu	1
NI:ANT046:012	county|NORTHERN IRELAND	1
NI:ANT050:027	class|mu	1
NI:ANT050:027	county|NORTHERN IRELAND	1
NI:ANT050:031	class|mu	1
NI:ANT050:031	county|NORTHERN IRELAND	1
NI:ANT050:032	class|mu	1
NI:ANT050:032	county|NORTHERN IRELAND	1
NI:ANT051:006	class|mu	1
NI:ANT051:006	county|NORTHERN IRELAND	1
NI:ANT055:111	class|ct	1
NI:ANT055:111	county|NORTHERN IRELAND	1
NI:ANT063:060	class|mu	1
NI:ANT063:060	county|NORTHERN IRELAND	1
NI:ANT060:016	class|mu	1
NI:ANT060:016	county|NORTHERN IRELAND	1
NI:ANT060:017	class|mu	1
NI:ANT060:017	county|NORTHERN IRELAND	1
NI:ANT060:018	class|mu	1
NI:ANT060:018	county|NORTHERN IRELAND	1
NI:ARM009:006	class|ct	1
NI:ARM009:006	county|NORTHERN IRELAND	1
NI:ARM009:026	class|ct	1
NI:ARM009:026	county|NORTHERN IRELAND	1
NI:ARM012:046	class|mu	1
NI:ARM012:046	county|NORTHERN IRELAND	1
NI:ARM025:010	class|ct	1
NI:ARM025:010	county|NORTHERN IRELAND	1
NI:ARM025:019	class|ct	1
NI:ARM025:019	county|NORTHERN IRELAND	1
NI:ARM025:020	class|mu	1
NI:ARM025:020	county|NORTHERN IRELAND	1
NI:ARM026:046	class|mu	1
NI:ARM026:046	county|NORTHERN IRELAND	1
NI:ARM028:026	class|mu	1
NI:ARM028:026	county|NORTHERN IRELAND	1
NI:DOW010:033	class|mu	1
NI:DOW010:033	county|NORTHERN IRELAND	1
NI:DOW010:041	class|ct	1
NI:DOW010:041	county|NORTHERN IRELAND	1
NI:DOW031:049	class|mu	1
NI:DOW031:049	county|NORTHERN IRELAND	1
NI:DOW033:018	class|mu	1
NI:DOW033:018	county|NORTHERN IRELAND	1
NI:DOW034:086	class|mu	1
NI:DOW034:086	county|NORTHERN IRELAND	1
NI:DOW034:090	class|mu	1
NI:DOW034:090	county|NORTHERN IRELAND	1
NI:DOW035:052	class|sp	1
NI:DOW035:052	county|NORTHERN IRELAND	1
NI:DOW042:018	class|sp	1
NI:DOW042:018	county|NORTHERN IRELAND	1
NI:DOW045:004	class|mu	1
NI:DOW045:004	county|NORTHERN IRELAND	1
NI:DOW043:096	class|sp	1
NI:DOW043:096	county|NORTHERN IRELAND	1
NI:DOW047:058	class|mu	1
NI:DOW047:058	county|NORTHERN IRELAND	1
NI:DOW048:028	class|mu	1
NI:DOW048:028	county|NORTHERN IRELAND	1
NI:DOW048:029	class|sp	1
NI:DOW048:029	county|NORTHERN IRELAND	1
NI:DOW051:009	class|mu	1
NI:DOW051:009	county|NORTHERN IRELAND	1
NI:DOW053:002	class|mu	1
NI:DOW053:002	county|NORTHERN IRELAND	1
NI:DOW054:012	class|ct	1
NI:DOW054:012	county|NORTHERN IRELAND	1
NI:DOW056:006	class|mu	1
NI:DOW056:006	county|NORTHERN IRELAND	1
NI:DOW057:007	class|po	1
NI:DOW057:007	county|NORTHERN IRELAND	1
NI:FER135:006	class|sc	1
NI:FER135:006	county|NORTHERN IRELAND	1
NI:FER190:002	class|mu	1
NI:FER190:002	county|NORTHERN IRELAND	1
NI:FER190:012	class|ct	1
NI:FER190:012	county|NORTHERN IRELAND	1
NI:FER190:020	class|mu	1
NI:FER190:020	county|NORTHERN IRELAND	1
NI:FER193:009	class|mu	1
NI:FER193:009	county|NORTHERN IRELAND	1
NI:FER194:011	class|mu	1
NI:FER194:011	county|NORTHERN IRELAND	1
NI:FER194:025	class|mu	1
NI:FER194:025	county|NORTHERN IRELAND	1
NI:FER209:008	class|mu	1
NI:FER209:008	county|NORTHERN IRELAND	1
NI:FER209:009	class|mu	1
NI:FER209:009	county|NORTHERN IRELAND	1
NI:FER209:016	class|sp	1
NI:FER209:016	county|NORTHERN IRELAND	1
NI:FER210:051	class|ct	1
NI:FER210:051	county|NORTHERN IRELAND	1
NI:FER212:030	class|sc	1
NI:FER212:030	county|NORTHERN IRELAND	1
NI:FER212:052	class|mu	1
NI:FER212:052	county|NORTHERN IRELAND	1
NI:FER212:101	class|mu	1
NI:FER212:101	county|NORTHERN IRELAND	1
NI:FER213:003	class|sc	1
NI:FER213:003	county|NORTHERN IRELAND	1
NI:FER214:002	class|ct	1
NI:FER214:002	county|NORTHERN IRELAND	1
NI:FER214:005	class|mu	1
NI:FER214:005	county|NORTHERN IRELAND	1
NI:FER214:009	class|sc	1
NI:FER214:009	county|NORTHERN IRELAND	1
NI:FER228:007	class|mu	1
NI:FER228:007	county|NORTHERN IRELAND	1
NI:FER244:034	class|mu	1
NI:FER244:034	county|NORTHERN IRELAND	1
NI:FER247:015	class|sp	1
NI:FER247:015	county|NORTHERN IRELAND	1
NI:FER259:002	class|mu	1
NI:FER259:002	county|NORTHERN IRELAND	1
NI:LDY003:002	class|mu	1
NI:LDY003:002	county|NORTHERN IRELAND	1
NI:LDY023:015	class|sp	1
NI:LDY023:015	county|NORTHERN IRELAND	1
NI:LDY006:006	class|sp	1
NI:LDY006:006	county|NORTHERN IRELAND	1
NI:LDY011:005	class|mu	1
NI:LDY011:005	county|NORTHERN IRELAND	1
NI:LDY012:009	class|sc	1
NI:LDY012:009	county|NORTHERN IRELAND	1
NI:LDY014:007	class|mu	1
NI:LDY014:007	county|NORTHERN IRELAND	1
NI:LDY015:006	class|mu	1
NI:LDY015:006	county|NORTHERN IRELAND	1
NI:LDY015:018	class|mu	1
NI:LDY015:018	county|NORTHERN IRELAND	1
NI:LDY015:019	class|mu	1
NI:LDY015:019	county|NORTHERN IRELAND	1
NI:LDY015:025	class|mu	1
NI:LDY015:025	county|NORTHERN IRELAND	1
NI:LDY015:028	class|mu	1
NI:LDY015:028	county|NORTHERN IRELAND	1
NI:LDY018:009	class|mu	1
NI:LDY018:009	county|NORTHERN IRELAND	1
NI:LDY018:023	class|mu	1
NI:LDY018:023	county|NORTHERN IRELAND	1
NI:LDY019:005	class|mu	1
NI:LDY019:005	county|NORTHERN IRELAND	1
NI:LDY022:006	class|mu	1
NI:LDY022:006	county|NORTHERN IRELAND	1
NI:LDY023:005	class|mu	1
NI:LDY023:005	county|NORTHERN IRELAND	1
NI:LDY023:051	class|sr	1
NI:LDY023:051	county|NORTHERN IRELAND	1
NI:LDY024:023	class|mu	1
NI:LDY024:023	county|NORTHERN IRELAND	1
NI:LDY024:029	class|mu	1
NI:LDY024:029	county|NORTHERN IRELAND	1
NI:LDY025:026	class|sc	1
NI:LDY025:026	county|NORTHERN IRELAND	1
NI:LDY026:059	class|sc	1
NI:LDY026:059	county|NORTHERN IRELAND	1
NI:LDY026:072	class|mu	1
NI:LDY026:072	county|NORTHERN IRELAND	1
NI:LDY032:048	class|sp	1
NI:LDY032:048	county|NORTHERN IRELAND	1
NI:LDY040:008	class|mu	1
NI:LDY040:008	county|NORTHERN IRELAND	1
NI:LDY044:001	class|sc	1
NI:LDY044:001	county|NORTHERN IRELAND	1
NI:LDY045:005	class|sc	1
NI:LDY045:005	county|NORTHERN IRELAND	1
NI:LDY045:008	class|sc	1
NI:LDY045:008	county|NORTHERN IRELAND	1
NI:LDY045:016	class|mu	1
NI:LDY045:016	county|NORTHERN IRELAND	1
NI:LDY14A:019	class|mu	1
NI:LDY14A:019	county|NORTHERN IRELAND	1
NI:LDY34A:002	class|sc	1
NI:LDY34A:002	county|NORTHERN IRELAND	1
NI:TYR011:014	class|mu	1
NI:TYR011:014	county|NORTHERN IRELAND	1
NI:TYR021:005	class|sc	1
NI:TYR021:005	county|NORTHERN IRELAND	1
NI:TYR003:018	class|mu	1
NI:TYR003:018	county|NORTHERN IRELAND	1
NI:TYR004:002	class|mu	1
NI:TYR004:002	county|NORTHERN IRELAND	1
NI:TYR005:001	class|mu	1
NI:TYR005:001	county|NORTHERN IRELAND	1
NI:TYR005:004	class|mu	1
NI:TYR005:004	county|NORTHERN IRELAND	1
NI:TYR005:011	class|mu	1
NI:TYR005:011	county|NORTHERN IRELAND	1
NI:TYR006:003	class|sp	1
NI:TYR006:003	county|NORTHERN IRELAND	1
NI:TYR006:018	class|mu	1
NI:TYR006:018	county|NORTHERN IRELAND	1
NI:TYR006:034	class|mu	1
NI:TYR006:034	county|NORTHERN IRELAND	1
NI:TYR012:019	class|ct	1
NI:TYR012:019	county|NORTHERN IRELAND	1
NI:TYR015:008	class|sp	1
NI:TYR015:008	county|NORTHERN IRELAND	1
NI:TYR016:027	class|mu	1
NI:TYR016:027	county|NORTHERN IRELAND	1
NI:TYR016:056	class|mu	1
NI:TYR016:056	county|NORTHERN IRELAND	1
NI:TYR017:063	class|sp	1
NI:TYR017:063	county|NORTHERN IRELAND	1
NI:TYR017:070	class|mu	1
NI:TYR017:070	county|NORTHERN IRELAND	1
NI:TYR018:001	class|sp	1
NI:TYR018:001	county|NORTHERN IRELAND	1
NI:TYR018:023	class|sp	1
NI:TYR018:023	county|NORTHERN IRELAND	1
NI:TYR018:036	class|mu	1
NI:TYR018:036	county|NORTHERN IRELAND	1
NI:TYR020:010	class|sp	1
NI:TYR020:010	county|NORTHERN IRELAND	1
NI:TYR020:014	class|sc	1
NI:TYR020:014	county|NORTHERN IRELAND	1
NI:TYR020:015	class|sc	1
NI:TYR020:015	county|NORTHERN IRELAND	1
NI:TYR020:049	class|mu	1
NI:TYR020:049	county|NORTHERN IRELAND	1
NI:TYR020:056	class|sc	1
NI:TYR020:056	county|NORTHERN IRELAND	1
NI:TYR023:046	class|mu	1
NI:TYR023:046	county|NORTHERN IRELAND	1
NI:TYR024:021	class|mu	1
NI:TYR024:021	county|NORTHERN IRELAND	1
NI:TYR025:025	class|mu	1
NI:TYR025:025	county|NORTHERN IRELAND	1
NI:TYR027:013	class|mu	1
NI:TYR027:013	county|NORTHERN IRELAND	1
NI:TYR027:059	class|mu	1
NI:TYR027:059	county|NORTHERN IRELAND	1
NI:TYR028:005	class|mu	1
NI:TYR028:005	county|NORTHERN IRELAND	1
NI:TYR028:011	class|sr	1
NI:TYR028:011	county|NORTHERN IRELAND	1
NI:TYR032:003	class|sc	1
NI:TYR032:003	county|NORTHERN IRELAND	1
NI:TYR036:021	class|sc	1
NI:TYR036:021	county|NORTHERN IRELAND	1
NI:TYR036:044	class|mu	1
NI:TYR036:044	county|NORTHERN IRELAND	1
NI:TYR037:009	class|sp	1
NI:TYR037:009	county|NORTHERN IRELAND	1
NI:TYR037:011	class|sc	1
NI:TYR037:011	county|NORTHERN IRELAND	1
NI:TYR037:029	class|mu	1
NI:TYR037:029	county|NORTHERN IRELAND	1
NI:TYR037:030	class|sc	1
NI:TYR037:030	county|NORTHERN IRELAND	1
NI:TYR037:033	class|sc	1
NI:TYR037:033	county|NORTHERN IRELAND	1
NI:TYR037:047	class|mu	1
NI:TYR037:047	county|NORTHERN IRELAND	1
NI:TYR037:051	class|mu	1
NI:TYR037:051	county|NORTHERN IRELAND	1
NI:TYR037:052	class|sc	1
NI:TYR037:052	county|NORTHERN IRELAND	1
NI:TYR038:011	class|mu	1
NI:TYR038:011	county|NORTHERN IRELAND	1
NI:TYR041:003	class|po	1
NI:TYR041:003	county|NORTHERN IRELAND	1
NI:TYR042:023	class|sp	1
NI:TYR042:023	county|NORTHERN IRELAND	1
NI:TYR045:016	class|mu	1
NI:TYR045:016	county|NORTHERN IRELAND	1
NI:TYR056:010	class|sp	1
NI:TYR056:010	county|NORTHERN IRELAND	1
NI:TYR011:020	class|sp	1
NI:TYR011:020	county|NORTHERN IRELAND	1
NI:FER212:029	class|sc	1
NI:FER212:029	county|NORTHERN IRELAND	1
NI:ANT009:212	class|wt	1
NI:ANT009:212	county|NORTHERN IRELAND	1
NI:ANT022:010	class|ct	1
NI:ANT022:010	county|NORTHERN IRELAND	1
NI:ARM008:017	class|mu	1
NI:ARM008:017	county|NORTHERN IRELAND	1
NI:ARM024:008	class|mu	1
NI:ARM024:008	county|NORTHERN IRELAND	1
NI:FER155:002	class|sc	1
NI:FER155:002	county|NORTHERN IRELAND	1
NI:TYR037:028	class|sp	1
NI:TYR037:028	county|NORTHERN IRELAND	1
NI:ANT004:011	class|pt	1
NI:ANT004:011	county|NORTHERN IRELAND	1
NI:ANT005:003	class|ct	1
NI:ANT005:003	county|NORTHERN IRELAND	1
NI:ANT005:006	class|pt	1
NI:ANT005:006	county|NORTHERN IRELAND	1
NI:ANT005:016	class|ct	1
NI:ANT005:016	county|NORTHERN IRELAND	1
NI:ANT006:003	class|wt	1
NI:ANT006:003	county|NORTHERN IRELAND	1
NI:ANT008:018	class|wt	1
NI:ANT008:018	county|NORTHERN IRELAND	1
NI:ANT009:020	class|po	1
NI:ANT009:020	county|NORTHERN IRELAND	1
NI:ANT009:021	class|po	1
NI:ANT009:021	county|NORTHERN IRELAND	1
NI:ANT009:022	class|po	1
NI:ANT009:022	county|NORTHERN IRELAND	1
NI:ANT009:023	class|wt	1
NI:ANT009:023	county|NORTHERN IRELAND	1
NI:ANT009:024	class|ct	1
NI:ANT009:024	county|NORTHERN IRELAND	1
NI:ANT009:028	class|mu	1
NI:ANT009:028	county|NORTHERN IRELAND	1
NI:ANT009:029	class|ct	1
NI:ANT009:029	county|NORTHERN IRELAND	1
NI:ANT009:117	class|ct	1
NI:ANT009:117	county|NORTHERN IRELAND	1
NI:ANT009:176	class|mu	1
NI:ANT009:176	county|NORTHERN IRELAND	1
NI:ANT010:001	class|pt	1
NI:ANT010:001	county|NORTHERN IRELAND	1
NI:ANT029:019	class|wt	1
NI:ANT029:019	county|NORTHERN IRELAND	1
NI:ANT029:031	class|po	1
NI:ANT029:031	county|NORTHERN IRELAND	1
NI:ANT035:002	class|wt	1
NI:ANT035:002	county|NORTHERN IRELAND	1
NI:ANT039:023	class|ct	1
NI:ANT039:023	county|NORTHERN IRELAND	1
NI:ANT037:042	class|mu	1
NI:ANT037:042	county|NORTHERN IRELAND	1
NI:ANT044:035	class|ct	1
NI:ANT044:035	county|NORTHERN IRELAND	1
NI:ANT044:041	class|mu	1
NI:ANT044:041	county|NORTHERN IRELAND	1
NI:ANT040:018	class|ct	1
NI:ANT040:018	county|NORTHERN IRELAND	1
NI:ANT059:081	class|mu	1
NI:ANT059:081	county|NORTHERN IRELAND	1
NI:ARM016:028	class|pt	1
NI:ARM016:028	county|NORTHERN IRELAND	1
NI:ARM024:002	class|po	1
NI:ARM024:002	county|NORTHERN IRELAND	1
NI:ARM029:024	class|mu	1
NI:ARM029:024	county|NORTHERN IRELAND	1
NI:DOW005:028	class|po	1
NI:DOW005:028	county|NORTHERN IRELAND	1
NI:DOW013:013	class|he	1
NI:DOW013:013	county|NORTHERN IRELAND	1
NI:DOW021:029	class|ct	1
NI:DOW021:029	county|NORTHERN IRELAND	1
NI:DOW031:002	class|po	1
NI:DOW031:002	county|NORTHERN IRELAND	1
NI:DOW034:075	class|he	1
NI:DOW034:075	county|NORTHERN IRELAND	1
NI:DOW035:035	class|sp	1
NI:DOW035:035	county|NORTHERN IRELAND	1
NI:DOW038:006	class|ct	1
NI:DOW038:006	county|NORTHERN IRELAND	1
NI:DOW043:061	class|po	1
NI:DOW043:061	county|NORTHERN IRELAND	1
NI:DOW047:090	class|ct	1
NI:DOW047:090	county|NORTHERN IRELAND	1
NI:DOW051:011	class|ct	1
NI:DOW051:011	county|NORTHERN IRELAND	1
NI:DOW051:031	class|ct	1
NI:DOW051:031	county|NORTHERN IRELAND	1
NI:DOW055:022	class|ct	1
NI:DOW055:022	county|NORTHERN IRELAND	1
NI:DOW055:050	class|ct	1
NI:DOW055:050	county|NORTHERN IRELAND	1
NI:DOW055:052	class|ct	1
NI:DOW055:052	county|NORTHERN IRELAND	1
NI:FER135:001	class|ct	1
NI:FER135:001	county|NORTHERN IRELAND	1
NI:FER135:004	class|sr	1
NI:FER135:004	county|NORTHERN IRELAND	1
NI:FER154:064	class|wt	1
NI:FER154:064	county|NORTHERN IRELAND	1
NI:FER155:001	class|wt	1
NI:FER155:001	county|NORTHERN IRELAND	1
NI:FER172:023	class|ct	1
NI:FER172:023	county|NORTHERN IRELAND	1
NI:FER190:001	class|wt	1
NI:FER190:001	county|NORTHERN IRELAND	1
NI:FER190:006	class|wt	1
NI:FER190:006	county|NORTHERN IRELAND	1
NI:FER190:009	class|ct	1
NI:FER190:009	county|NORTHERN IRELAND	1
NI:FER190:015	class|mu	1
NI:FER190:015	county|NORTHERN IRELAND	1
NI:FER191:038	class|ct	1
NI:FER191:038	county|NORTHERN IRELAND	1
NI:FER191:039	class|he	1
NI:FER191:039	county|NORTHERN IRELAND	1
NI:FER193:024	class|ct	1
NI:FER193:024	county|NORTHERN IRELAND	1
NI:FER194:010	class|ct	1
NI:FER194:010	county|NORTHERN IRELAND	1
NI:FER209:005	class|ct	1
NI:FER209:005	county|NORTHERN IRELAND	1
NI:FER210:050	class|pt	1
NI:FER210:050	county|NORTHERN IRELAND	1
NI:FER212:001	class|ct	1
NI:FER212:001	county|NORTHERN IRELAND	1
NI:FER212:051	class|wt	1
NI:FER212:051	county|NORTHERN IRELAND	1
NI:FER212:054	class|wt	1
NI:FER212:054	county|NORTHERN IRELAND	1
NI:FER212:089	class|mu	1
NI:FER212:089	county|NORTHERN IRELAND	1
NI:FER212:112	class|sc	1
NI:FER212:112	county|NORTHERN IRELAND	1
NI:FER212:115	class|wt	1
NI:FER212:115	county|NORTHERN IRELAND	1
NI:FER228:013	class|ct	1
NI:FER228:013	county|NORTHERN IRELAND	1
NI:FER228:072	class|ct	1
NI:FER228:072	county|NORTHERN IRELAND	1
NI:FER243:001	class|ct	1
NI:FER243:001	county|NORTHERN IRELAND	1
NI:FER244:011	class|ct	1
NI:FER244:011	county|NORTHERN IRELAND	1
NI:FER244:018	class|wt	1
NI:FER244:018	county|NORTHERN IRELAND	1
NI:FER245:023	class|ct	1
NI:FER245:023	county|NORTHERN IRELAND	1
NI:FER245:033	class|ct	1
NI:FER245:033	county|NORTHERN IRELAND	1
NI:FER246:007	class|he	1
NI:FER246:007	county|NORTHERN IRELAND	1
NI:FER246:048	class|he	1
NI:FER246:048	county|NORTHERN IRELAND	1
NI:LDY010:016	class|wt	1
NI:LDY010:016	county|NORTHERN IRELAND	1
NI:LDY011:013	class|po	1
NI:LDY011:013	county|NORTHERN IRELAND	1
NI:LDY015:001	class|wt	1
NI:LDY015:001	county|NORTHERN IRELAND	1
NI:LDY031:003	class|wt	1
NI:LDY031:003	county|NORTHERN IRELAND	1
NI:LDY028:009	class|sc	1
NI:LDY028:009	county|NORTHERN IRELAND	1
NI:LDY029:001	class|wt	1
NI:LDY029:001	county|NORTHERN IRELAND	1
NI:LDY030:028	class|ct	1
NI:LDY030:028	county|NORTHERN IRELAND	1
NI:LDY032:024	class|wt	1
NI:LDY032:024	county|NORTHERN IRELAND	1
NI:LDY035:002	class|po	1
NI:LDY035:002	county|NORTHERN IRELAND	1
NI:TYR011:013	class|po	1
NI:TYR011:013	county|NORTHERN IRELAND	1
NI:TYR023:007	class|po	1
NI:TYR023:007	county|NORTHERN IRELAND	1
NI:TYR023:017	class|ct	1
NI:TYR023:017	county|NORTHERN IRELAND	1
NI:TYR002:007	class|wt	1
NI:TYR002:007	county|NORTHERN IRELAND	1
NI:TYR005:010	class|wt	1
NI:TYR005:010	county|NORTHERN IRELAND	1
NI:TYR006:002	class|wt	1
NI:TYR006:002	county|NORTHERN IRELAND	1
NI:TYR006:024	class|wt	1
NI:TYR006:024	county|NORTHERN IRELAND	1
NI:TYR012:005	class|po	1
NI:TYR012:005	county|NORTHERN IRELAND	1
NI:TYR013:001	class|sr	1
NI:TYR013:001	county|NORTHERN IRELAND	1
NI:TYR015:005	class|ct	1
NI:TYR015:005	county|NORTHERN IRELAND	1
NI:TYR016:029	class|sp	1
NI:TYR016:029	county|NORTHERN IRELAND	1
NI:TYR017:023	class|ct	1
NI:TYR017:023	county|NORTHERN IRELAND	1
NI:TYR018:056	class|sc	1
NI:TYR018:056	county|NORTHERN IRELAND	1
NI:TYR019:012	class|mu	1
NI:TYR019:012	county|NORTHERN IRELAND	1
NI:TYR020:006	class|ct	1
NI:TYR020:006	county|NORTHERN IRELAND	1
NI:TYR024:029	class|po	1
NI:TYR024:029	county|NORTHERN IRELAND	1
NI:TYR025:007	class|ct	1
NI:TYR025:007	county|NORTHERN IRELAND	1
NI:TYR025:008	class|ct	1
NI:TYR025:008	county|NORTHERN IRELAND	1
NI:TYR025:016	class|ct	1
NI:TYR025:016	county|NORTHERN IRELAND	1
NI:TYR027:016	class|wt	1
NI:TYR027:016	county|NORTHERN IRELAND	1
NI:TYR028:009	class|wt	1
NI:TYR028:009	county|NORTHERN IRELAND	1
NI:TYR028:033	class|sc	1
NI:TYR028:033	county|NORTHERN IRELAND	1
NI:TYR032:004	class|po	1
NI:TYR032:004	county|NORTHERN IRELAND	1
NI:TYR033:001	class|ct	1
NI:TYR033:001	county|NORTHERN IRELAND	1
NI:TYR034:009	class|ct	1
NI:TYR034:009	county|NORTHERN IRELAND	1
NI:TYR035:007	class|po	1
NI:TYR035:007	county|NORTHERN IRELAND	1
NI:TYR036:009	class|ct	1
NI:TYR036:009	county|NORTHERN IRELAND	1
NI:TYR036:011	class|ct	1
NI:TYR036:011	county|NORTHERN IRELAND	1
NI:TYR036:026	class|wt	1
NI:TYR036:026	county|NORTHERN IRELAND	1
NI:TYR036:032	class|ct	1
NI:TYR036:032	county|NORTHERN IRELAND	1
NI:TYR037:022	class|ct	1
NI:TYR037:022	county|NORTHERN IRELAND	1
NI:TYR038:020	class|wt	1
NI:TYR038:020	county|NORTHERN IRELAND	1
NI:TYR045:002	class|wt	1
NI:TYR045:002	county|NORTHERN IRELAND	1
NI:TYR049:001	class|sc	1
NI:TYR049:001	county|NORTHERN IRELAND	1
NI:TYR052:013	class|pt	1
NI:TYR052:013	county|NORTHERN IRELAND	1
NI:TYR052:023	class|po	1
NI:TYR052:023	county|NORTHERN IRELAND	1
NI:TYR052:040	class|pt	1
NI:TYR052:040	county|NORTHERN IRELAND	1
NI:TYR056:024	class|he	1
NI:TYR056:024	county|NORTHERN IRELAND	1
NI:TYR057:018	class|sc	1
NI:TYR057:018	county|NORTHERN IRELAND	1
NI:TYR058:039	class|wt	1
NI:TYR058:039	county|NORTHERN IRELAND	1
NI:TYR060:017	class|he	1
NI:TYR060:017	county|NORTHERN IRELAND	1
NI:TYR065:004	class|ct	1
NI:TYR065:004	county|NORTHERN IRELAND	1
NI:TYR065:005	class|ct	1
NI:TYR065:005	county|NORTHERN IRELAND	1
NI:FER190:018	class|ct	1
NI:FER190:018	county|NORTHERN IRELAND	1
NI:ANT009:038	class|ct	1
NI:ANT009:038	county|NORTHERN IRELAND	1
NI:ANT004:012	class|pt	1
NI:ANT004:012	county|NORTHERN IRELAND	1
NI:ANT004:013	class|pt	1
NI:ANT004:013	county|NORTHERN IRELAND	1
NI:ANT015:013	class|sp	1
NI:ANT015:013	county|NORTHERN IRELAND	1
NI:ANT028:019	class|ct	1
NI:ANT028:019	county|NORTHERN IRELAND	1
NI:ANT029:039	class|wt	1
NI:ANT029:039	county|NORTHERN IRELAND	1
NI:ANT029:092	class|ct	1
NI:ANT029:092	county|NORTHERN IRELAND	1
NI:ANT030:017	class|ct	1
NI:ANT030:017	county|NORTHERN IRELAND	1
NI:ANT034:049	class|wt	1
NI:ANT034:049	county|NORTHERN IRELAND	1
NI:ANT038:002	class|ct	1
NI:ANT038:002	county|NORTHERN IRELAND	1
NI:ANT044:037	class|ct	1
NI:ANT044:037	county|NORTHERN IRELAND	1
NI:ANT051:040	class|wt	1
NI:ANT051:040	county|NORTHERN IRELAND	1
NI:ANT056:024	class|ct	1
NI:ANT056:024	county|NORTHERN IRELAND	1
NI:ARM015:034	class|mu	1
NI:ARM015:034	county|NORTHERN IRELAND	1
NI:ARM024:001	class|mu	1
NI:ARM024:001	county|NORTHERN IRELAND	1
NI:ARM028:002	class|mu	1
NI:ARM028:002	county|NORTHERN IRELAND	1
NI:ARM028:004	class|po	1
NI:ARM028:004	county|NORTHERN IRELAND	1
NI:ARM029:012	class|mu	1
NI:ARM029:012	county|NORTHERN IRELAND	1
NI:DOW005:032	class|sp	1
NI:DOW005:032	county|NORTHERN IRELAND	1
NI:DOW051:004	class|ct	1
NI:DOW051:004	county|NORTHERN IRELAND	1
NI:DOW056:025	class|po	1
NI:DOW056:025	county|NORTHERN IRELAND	1
NI:FER135:002	class|ct	1
NI:FER135:002	county|NORTHERN IRELAND	1
NI:FER135:007	class|sr	1
NI:FER135:007	county|NORTHERN IRELAND	1
NI:FER190:003	class|wt	1
NI:FER190:003	county|NORTHERN IRELAND	1
NI:FER193:019	class|ct	1
NI:FER193:019	county|NORTHERN IRELAND	1
NI:FER194:012	class|po	1
NI:FER194:012	county|NORTHERN IRELAND	1
NI:FER194:026	class|sc	1
NI:FER194:026	county|NORTHERN IRELAND	1
NI:FER212:010	class|sr	1
NI:FER212:010	county|NORTHERN IRELAND	1
NI:FER212:077	class|wt	1
NI:FER212:077	county|NORTHERN IRELAND	1
NI:FER227:009	class|po	1
NI:FER227:009	county|NORTHERN IRELAND	1
NI:FER228:009	class|ct	1
NI:FER228:009	county|NORTHERN IRELAND	1
NI:FER243:029	class|ct	1
NI:FER243:029	county|NORTHERN IRELAND	1
NI:FER245:037	class|ct	1
NI:FER245:037	county|NORTHERN IRELAND	1
NI:LDY015:034	class|ct	1
NI:LDY015:034	county|NORTHERN IRELAND	1
NI:LDY017:018	class|wt	1
NI:LDY017:018	county|NORTHERN IRELAND	1
NI:LDY019:008	class|pt	1
NI:LDY019:008	county|NORTHERN IRELAND	1
NI:LDY031:021	class|wt	1
NI:LDY031:021	county|NORTHERN IRELAND	1
NI:LDY048:005	class|po	1
NI:LDY048:005	county|NORTHERN IRELAND	1
NI:TYR005:002	class|po	1
NI:TYR005:002	county|NORTHERN IRELAND	1
NI:TYR005:014	class|sc	1
NI:TYR005:014	county|NORTHERN IRELAND	1
NI:TYR011:012	class|ct	1
NI:TYR011:012	county|NORTHERN IRELAND	1
NI:TYR017:008	class|po	1
NI:TYR017:008	county|NORTHERN IRELAND	1
NI:TYR017:035	class|po	1
NI:TYR017:035	county|NORTHERN IRELAND	1
NI:TYR018:002	class|sp	1
NI:TYR018:002	county|NORTHERN IRELAND	1
NI:TYR019:005	class|ct	1
NI:TYR019:005	county|NORTHERN IRELAND	1
NI:TYR020:001	class|wt	1
NI:TYR020:001	county|NORTHERN IRELAND	1
NI:TYR020:007	class|po	1
NI:TYR020:007	county|NORTHERN IRELAND	1
NI:TYR020:037	class|mu	1
NI:TYR020:037	county|NORTHERN IRELAND	1
NI:TYR020:008	class|ct	1
NI:TYR020:008	county|NORTHERN IRELAND	1
NI:TYR020:019	class|sc	1
NI:TYR020:019	county|NORTHERN IRELAND	1
NI:TYR021:002	class|mu	1
NI:TYR021:002	county|NORTHERN IRELAND	1
NI:TYR024:008	class|po	1
NI:TYR024:008	county|NORTHERN IRELAND	1
NI:TYR025:012	class|wt	1
NI:TYR025:012	county|NORTHERN IRELAND	1
NI:TYR025:037	class|wt	1
NI:TYR025:037	county|NORTHERN IRELAND	1
NI:TYR027:006	class|ct	1
NI:TYR027:006	county|NORTHERN IRELAND	1
NI:TYR027:012	class|po	1
NI:TYR027:012	county|NORTHERN IRELAND	1
NI:TYR027:014	class|ct	1
NI:TYR027:014	county|NORTHERN IRELAND	1
NI:TYR027:022	class|ct	1
NI:TYR027:022	county|NORTHERN IRELAND	1
NI:TYR029:014	class|wt	1
NI:TYR029:014	county|NORTHERN IRELAND	1
NI:TYR029:023	class|mu	1
NI:TYR029:023	county|NORTHERN IRELAND	1
NI:TYR036:002	class|po	1
NI:TYR036:002	county|NORTHERN IRELAND	1
NI:TYR036:008	class|wt	1
NI:TYR036:008	county|NORTHERN IRELAND	1
NI:TYR036:020	class|ct	1
NI:TYR036:020	county|NORTHERN IRELAND	1
NI:TYR037:016	class|po	1
NI:TYR037:016	county|NORTHERN IRELAND	1
NI:TYR037:018	class|wt	1
NI:TYR037:018	county|NORTHERN IRELAND	1
NI:TYR038:031	class|ct	1
NI:TYR038:031	county|NORTHERN IRELAND	1
NI:TYR045:008	class|ct	1
NI:TYR045:008	county|NORTHERN IRELAND	1
NI:TYR052:022	class|wt	1
NI:TYR052:022	county|NORTHERN IRELAND	1
NI:TYR052:032	class|pt	1
NI:TYR052:032	county|NORTHERN IRELAND	1
NI:TYR057:002	class|wt	1
NI:TYR057:002	county|NORTHERN IRELAND	1
NI:TYR058:037	class|wt	1
NI:TYR058:037	county|NORTHERN IRELAND	1
NI:TYR060:006	class|ct	1
NI:TYR060:006	county|NORTHERN IRELAND	1
NI:LDY045:004	class|wt	1
NI:LDY045:004	county|NORTHERN IRELAND	1
NI:TYR049:016	class|ct	1
NI:TYR049:016	county|NORTHERN IRELAND	1
NI:FER190:005	class|sp	1
NI:FER190:005	county|NORTHERN IRELAND	1
NI:FER190:004	class|sp	1
NI:FER190:004	county|NORTHERN IRELAND	1
NI:LDY040:009	class|wt	1
NI:LDY040:009	county|NORTHERN IRELAND	1
NI:ANT035:128	class|sr	1
NI:ANT035:128	county|NORTHERN IRELAND	1
NI:ANT041:007	class|po	1
NI:ANT041:007	county|NORTHERN IRELAND	1
NI:ARM028:007	class|pt	1
NI:ARM028:007	county|NORTHERN IRELAND	1
NI:DOW030:007	class|pt	1
NI:DOW030:007	county|NORTHERN IRELAND	1
NI:DOW031:007	class|ct	1
NI:DOW031:007	county|NORTHERN IRELAND	1
NI:DOW035:037	class|po	1
NI:DOW035:037	county|NORTHERN IRELAND	1
NI:DOW048:011	class|po	1
NI:DOW048:011	county|NORTHERN IRELAND	1
NI:DOW055:018	class|po	1
NI:DOW055:018	county|NORTHERN IRELAND	1
NI:LDY023:037	class|wt	1
NI:LDY023:037	county|NORTHERN IRELAND	1
NI:TYR037:014	class|ct	1
NI:TYR037:014	county|NORTHERN IRELAND	1
NI:TYR059:001	class|pt	1
NI:TYR059:001	county|NORTHERN IRELAND	1
NI:LDY023:071	class|sr	1
NI:LDY023:071	county|NORTHERN IRELAND	1
NI:LDY023:072	class|sr	1
NI:LDY023:072	county|NORTHERN IRELAND	1
NI:LDY026:013	class|ct	1
NI:LDY026:013	county|NORTHERN IRELAND	1
NI:LDY036:010	class|po	1
NI:LDY036:010	county|NORTHERN IRELAND	1
NI:ANT014:004	class|sp	1
NI:ANT014:004	county|NORTHERN IRELAND	1
NI:ANT019:006	class|ct	1
NI:ANT019:006	county|NORTHERN IRELAND	1
NI:ANT022:012	class|ct	1
NI:ANT022:012	county|NORTHERN IRELAND	1
NI:ANT022:024	class|pt	1
NI:ANT022:024	county|NORTHERN IRELAND	1
NI:ARM026:015	class|ct	1
NI:ARM026:015	county|NORTHERN IRELAND	1
NI:ARM027:007	class|ct	1
NI:ARM027:007	county|NORTHERN IRELAND	1
NI:ARM029:004	class|ct	1
NI:ARM029:004	county|NORTHERN IRELAND	1
NI:ARM029:011	class|ct	1
NI:ARM029:011	county|NORTHERN IRELAND	1
NI:DOW055:030	class|ct	1
NI:DOW055:030	county|NORTHERN IRELAND	1
NI:LDY023:007	class|po	1
NI:LDY023:007	county|NORTHERN IRELAND	1
NI:TYR010:006	class|ct	1
NI:TYR010:006	county|NORTHERN IRELAND	1
NI:TYR016:017	class|wt	1
NI:TYR016:017	county|NORTHERN IRELAND	1
NI:TYR016:018	class|po	1
NI:TYR016:018	county|NORTHERN IRELAND	1
NI:TYR017:009	class|po	1
NI:TYR017:009	county|NORTHERN IRELAND	1
NI:TYR037:012	class|ct	1
NI:TYR037:012	county|NORTHERN IRELAND	1
NI:TYR039:021	class|sp	1
NI:TYR039:021	county|NORTHERN IRELAND	1
NI:TYR065:002	class|ct	1
NI:TYR065:002	county|NORTHERN IRELAND	1
NI:TYR065:003	class|po	1
NI:TYR065:003	county|NORTHERN IRELAND	1
NI:TYR006:006	class|ct	1
NI:TYR006:006	county|NORTHERN IRELAND	1
NI:TYR028:006	class|ct	1
NI:TYR028:006	county|NORTHERN IRELAND	1
NI:ANT022:023	class|ct	1
NI:ANT022:023	county|NORTHERN IRELAND	1
NI:LDY045:002	class|wt	1
NI:LDY045:002	county|NORTHERN IRELAND	1
CL008-052----	class|ss	1
CL008-052----	county|CLARE	1
CL008-052----	townland_ga|Cill Mhúine Thoir	1
CL008-055002-	class|ss	1
CL008-055002-	county|CLARE	1
CL008-055002-	townland_ga| 	1
CL008-062002-	class|ss	1
CL008-062002-	county|CLARE	1
CL008-062002-	townland_ga|Dúlainn	1
CL009-059100-	class|ss	1
CL009-059100-	county|CLARE	1
CL009-059100-	townland_ga|Baile Cinn Mhargaidh	1
CL009-083003-	class|ss	1
CL009-083003-	county|CLARE	1
CL009-083003-	townland_ga| 	1
CL009-084032-	class|ss	1
CL009-084032-	county|CLARE	1
CL009-084032-	townland_ga| 	1
CL009-089----	class|ss	1
CL009-089----	county|CLARE	1
CL009-089----	townland_ga| 	1
CL009-218----	class|ss	1
CL009-218----	county|CLARE	1
CL009-218----	townland_ga|Lios Uí Ghlisín	1
CL010-047012-	class|ss	1
CL010-047012-	county|CLARE	1
CL010-047012-	townland_ga| 	1
CL010-207----	class|ss	1
CL010-207----	county|CLARE	1
CL010-207----	townland_ga|Ceathrú na nGabhal	1
CL012-012----	class|ss	1
CL012-012----	county|CLARE	1
CL012-012----	townland_ga|Doire Fada	1
CL015-126----	class|ss	1
CL015-126----	county|CLARE	1
CL015-126----	townland_ga|Baile Choitín Theas	1
CL015-131----	class|ss	1
CL015-131----	county|CLARE	1
CL015-131----	townland_ga|Cill Easpaig Lonáin	1
CL015-132----	class|ss	1
CL015-132----	county|CLARE	1
CL015-132----	townland_ga| 	1
CL015-155----	class|ss	1
CL015-155----	county|CLARE	1
CL015-155----	townland_ga|Baile an Ghadaí Thiar	1
CL016-146001-	class|ss	1
CL016-146001-	county|CLARE	1
CL016-146001-	townland_ga|Rabhchán	1
CL017-072----	class|ss	1
CL017-072----	county|CLARE	1
CL017-072----	townland_ga|An Comhad	1
CL017-219----	class|ss	1
CL017-219----	county|CLARE	1
CL017-219----	townland_ga| 	1
CL017-221----	class|ss	1
CL017-221----	county|CLARE	1
CL017-221----	townland_ga| 	1
CL017-231----	class|ss	1
CL017-231----	county|CLARE	1
CL017-231----	townland_ga| 	1
CL018-063----	class|ss	1
CL018-063----	county|CLARE	1
CL018-063----	townland_ga| 	1
CL019-007002-	class|ss	1
CL019-007002-	county|CLARE	1
CL019-007002-	townland_ga|An Chorrbheitheach	1
CL019-008001-	class|ss	1
CL019-008001-	county|CLARE	1
CL019-008001-	townland_ga|An Chorrbheitheach	1
CL021-004002-	class|ss	1
CL021-004002-	county|CLARE	1
CL021-004002-	townland_ga| 	1
CL021-018----	class|ss	1
CL021-018----	county|CLARE	1
CL021-018----	townland_ga|An Cheapach Bhán	1
CL021-021----	class|ss	1
CL021-021----	county|CLARE	1
CL021-021----	townland_ga| 	1
CL021-024----	class|ss	1
CL021-024----	county|CLARE	1
CL021-024----	townland_ga|An Cheapach Bhán	1
CL021A004----	class|ss	1
CL021A004----	county|CLARE	1
CL021A004----	townland_ga| 	1
CL024-038----	class|ss	1
CL024-038----	county|CLARE	1
CL024-038----	townland_ga| 	1
CL026-035----	class|ss	1
CL026-035----	county|CLARE	1
CL026-035----	townland_ga|An Cheathrú Dhóite	1
CL026-124----	class|ss	1
CL026-124----	county|CLARE	1
CL026-124----	townland_ga|Ceathrú na Cloiche	1
CL026-141----	class|ss	1
CL026-141----	county|CLARE	1
CL026-141----	townland_ga|Cnoc Rodáin	1
CL027-021----	class|ss	1
CL027-021----	county|CLARE	1
CL027-021----	townland_ga| 	1
CL027-049----	class|ss	1
CL027-049----	county|CLARE	1
CL027-049----	townland_ga| 	1
CL028-036002-	class|ss	1
CL028-036002-	county|CLARE	1
CL028-036002-	townland_ga|An Chúil Riabhach Mhór	1
CL028-055----	class|ss	1
CL028-055----	county|CLARE	1
CL028-055----	townland_ga|Na Calaithe	1
CL029-059----	class|ss	1
CL029-059----	county|CLARE	1
CL029-059----	townland_ga|Baile Uí Mhaoileoin	1
CL030-035----	class|ss	1
CL030-035----	county|CLARE	1
CL030-035----	townland_ga|Liagard Thuaidh	1
CL030-038----	class|ss	1
CL030-038----	county|CLARE	1
CL030-038----	townland_ga|Cnoc an Loiscreáin	1
CL030-039----	class|ss	1
CL030-039----	county|CLARE	1
CL030-039----	townland_ga|Liagard Theas	1
CL031-046----	class|ss	1
CL031-046----	county|CLARE	1
CL031-046----	townland_ga|Cill Chorcráin	1
CL031-047----	class|ss	1
CL031-047----	county|CLARE	1
CL031-047----	townland_ga|Cill Chorcráin	1
CL031-048----	class|ss	1
CL031-048----	county|CLARE	1
CL031-048----	townland_ga|Cill Chorcráin	1
CL031-051----	class|ss	1
CL031-051----	county|CLARE	1
CL031-051----	townland_ga| 	1
CL034-024002-	class|ss	1
CL034-024002-	county|CLARE	1
CL034-024002-	townland_ga|Cathair Sheachnasaigh	1
CL034-088----	class|ss	1
CL034-088----	county|CLARE	1
CL034-088----	townland_ga|An Corrbhaile	1
CL034-095005-	class|ss	1
CL034-095005-	county|CLARE	1
CL034-095005-	townland_ga|Tamhnach	1
CL034-137002-	class|ss	1
CL034-137002-	county|CLARE	1
CL034-137002-	townland_ga|Baile Uí Icí	1
CL034-170----	class|ss	1
CL034-170----	county|CLARE	1
CL034-170----	townland_ga|An Corrbhaile	1
CL034-197001-	class|ss	1
CL034-197001-	county|CLARE	1
CL034-197001-	townland_ga|Cathair Cheallaigh	1
CL034-197004-	class|ss	1
CL034-197004-	county|CLARE	1
CL034-197004-	townland_ga|Cathair Cheallaigh	1
CL034-197005-	class|ss	1
CL034-197005-	county|CLARE	1
CL034-197005-	townland_ga|Cathair Cheallaigh	1
CL034-235----	class|ss	1
CL034-235----	county|CLARE	1
CL034-235----	townland_ga|Cluaine	1
CL035-003----	class|ss	1
CL035-003----	county|CLARE	1
CL035-003----	townland_ga|Baile Uí Shlatara	1
CL035-013003-	class|ss	1
CL035-013003-	county|CLARE	1
CL035-013003-	townland_ga|Baile Uí Mhaoilín	1
CL036-049----	class|ss	1
CL036-049----	county|CLARE	1
CL036-049----	townland_ga|Baile Uí Mhaoileoin	1
CL038-064----	class|ss	1
CL038-064----	county|CLARE	1
CL038-064----	townland_ga|Cill Chleitheáin	1
CL038-066----	class|ss	1
CL038-066----	county|CLARE	1
CL038-066----	townland_ga| 	1
CL042-004002-	class|ss	1
CL042-004002-	county|CLARE	1
CL042-004002-	townland_ga|Carn Oilí	1
CL042-071----	class|ss	1
CL042-071----	county|CLARE	1
CL042-071----	townland_ga|Cill Chiaráin	1
CL042-085----	class|ss	1
CL042-085----	county|CLARE	1
CL042-085----	townland_ga|Cnapóg	1
CL042-088----	class|ss	1
CL042-088----	county|CLARE	1
CL042-088----	townland_ga|Cnapóg	1
CL042-113----	class|ss	1
CL042-113----	county|CLARE	1
CL042-113----	townland_ga|Sceachánach	1
CL042-130----	class|ss	1
CL042-130----	county|CLARE	1
CL042-130----	townland_ga|Baile Uí Chaoilte	1
CL042-142001-	class|ss	1
CL042-142001-	county|CLARE	1
CL042-142001-	townland_ga|Baile Uí Bhanbháin	1
CL042-145----	class|ss	1
CL042-145----	county|CLARE	1
CL042-145----	townland_ga|Áth Solas	1
CL042-148----	class|ss	1
CL042-148----	county|CLARE	1
CL042-148----	townland_ga|Aill an Choite	1
CL042-153005-	class|ss	1
CL042-153005-	county|CLARE	1
CL042-153005-	townland_ga|Baile Uí Chonaíle	1
CL042-155001-	class|ss	1
CL042-155001-	county|CLARE	1
CL042-155001-	townland_ga|Leatún Theas	1
CL042-165----	class|ss	1
CL042-165----	county|CLARE	1
CL042-165----	townland_ga|Greanachán Mór	1
CL042-177----	class|ss	1
CL042-177----	county|CLARE	1
CL042-177----	townland_ga|Cnapóg	1
CL042-179----	class|ss	1
CL042-179----	county|CLARE	1
CL042-179----	townland_ga|Baile Uí Mharcacháin	1
CL043-082----	class|ss	1
CL043-082----	county|CLARE	1
CL043-082----	townland_ga|Ard Mhic Fhlannchaidh	1
CL044-025----	class|ss	1
CL044-025----	county|CLARE	1
CL044-025----	townland_ga|Cluain Gaoithín Thiar	1
CL044-089----	class|ss	1
CL044-089----	county|CLARE	1
CL044-089----	townland_ga|Baile na gCliath	1
CL045-019001-	class|ss	1
CL045-019001-	county|CLARE	1
CL045-019001-	townland_ga|Cnoc Uí Chlúmháin	1
CL045-028----	class|ss	1
CL045-028----	county|CLARE	1
CL045-028----	townland_ga|An Chraobh Rua	1
CL045-029----	class|ss	1
CL045-029----	county|CLARE	1
CL045-029----	townland_ga|An Chraobh Rua	1
CL045-030----	class|ss	1
CL045-030----	county|CLARE	1
CL045-030----	townland_ga|An Chraobh Rua	1
CL045-036001-	class|ss	1
CL045-036001-	county|CLARE	1
CL045-036001-	townland_ga|An Leaca Riabhach Bheag	1
CL045-036004-	class|ss	1
CL045-036004-	county|CLARE	1
CL045-036004-	townland_ga|An Leaca Riabhach Bheag	1
CL045-048001-	class|ss	1
CL045-048001-	county|CLARE	1
CL045-048001-	townland_ga|Cluain Fada	1
CL045-048002-	class|ss	1
CL045-048002-	county|CLARE	1
CL045-048002-	townland_ga|Cluain Fada	1
CL045-048003-	class|ss	1
CL045-048003-	county|CLARE	1
CL045-048003-	townland_ga|Cluain Fada	1
CL045-053----	class|ss	1
CL045-053----	county|CLARE	1
CL045-053----	townland_ga|Cill Urthaile	1
CL045-059----	class|ss	1
CL045-059----	county|CLARE	1
CL045-059----	townland_ga|An Chraobh Rua	1
CL045-060----	class|ss	1
CL045-060----	county|CLARE	1
CL045-060----	townland_ga|Maigh	1
CL047-055----	class|ss	1
CL047-055----	county|CLARE	1
CL047-055----	townland_ga|Droim Oilche (Westby)	1
CL051-103----	class|ss	1
CL051-103----	county|CLARE	1
CL051-103----	townland_ga|Baile Uí Choinín	1
CL051-147----	class|ss	1
CL051-147----	county|CLARE	1
CL051-147----	townland_ga|Baile Uí Chathasaigh Beag	1
CL051-149----	class|ss	1
CL051-149----	county|CLARE	1
CL051-149----	townland_ga|Baile Uí Chathasaigh Mór	1
CL051-166----	class|ss	1
CL051-166----	county|CLARE	1
CL051-166----	townland_ga|Páirc na bhFianna	1
CL052-007----	class|ss	1
CL052-007----	county|CLARE	1
CL052-007----	townland_ga|Baile Uí Oisín Beag	1
CL052-008----	class|ss	1
CL052-008----	county|CLARE	1
CL052-008----	townland_ga|Baile Uí Oisín Beag	1
CL052-009----	class|ss	1
CL052-009----	county|CLARE	1
CL052-009----	townland_ga|Baile Uí Oisín Beag	1
CL052-010----	class|ss	1
CL052-010----	county|CLARE	1
CL052-010----	townland_ga|Baile Uí Oisín Beag	1
CL052-035----	class|ss	1
CL052-035----	county|CLARE	1
CL052-035----	townland_ga|An Baile Rua	1
CL052-064002-	class|ss	1
CL052-064002-	county|CLARE	1
CL052-064002-	townland_ga|Gleann na gCros	1
CL052-068----	class|ss	1
CL052-068----	county|CLARE	1
CL052-068----	townland_ga|An Chloch Liath	1
CL055-004004-	class|ss	1
CL055-004004-	county|CLARE	1
CL055-015----	class|ss	1
CL055-015----	county|CLARE	1
CL055-015----	townland_ga| 	1
CL056-102----	class|ss	1
CL056-102----	county|CLARE	1
CL056-102----	townland_ga| 	1
CL062-037----	class|ss	1
CL062-037----	county|CLARE	1
CL062-037----	townland_ga|Bullsfarm	1
CL063-006----	class|ss	1
CL063-006----	county|CLARE	1
CL063-006----	townland_ga|Poll Uí Choinn Theas	1
CL068-032003-	class|ss	1
CL068-032003-	county|CLARE	1
CL068-032003-	townland_ga|Cill Chéirín	1
CL068-057----	class|ss	1
CL068-057----	county|CLARE	1
CL068-057----	townland_ga|Baile an Átha	1
CL071-001002-	class|ss	1
CL071-001002-	county|CLARE	1
CL071-001002-	townland_ga|Cill Bheathach Theas	1
CL072-031----	class|ss	1
CL072-031----	county|CLARE	1
CL072-031----	townland_ga|Réithe Thiar	1
CO002-085----	class|ss	1
CO002-085----	county|CORK	1
CO002-085----	townland_ga|Currach Chluain na Bró Thoir	1
CO003-020----	class|ss	1
CO003-020----	county|CORK	1
CO003-020----	townland_ga|Ráth an Ghogánaigh Theas	1
CO004-010----	class|ss	1
CO004-010----	county|CORK	1
CO004-010----	townland_ga|Cnoc an Charria Thiar	1
CO004-027----	class|ss	1
CO004-027----	county|CORK	1
CO004-027----	townland_ga|Gleann Uí Chearnaigh	1
CO004-031----	class|ss	1
CO004-031----	county|CORK	1
CO004-031----	townland_ga|Tuairín na Gréine	1
CO004-032----	class|ss	1
CO004-032----	county|CORK	1
CO004-032----	townland_ga|Tuairín na Gréine	1
CO004-034----	class|ss	1
CO004-034----	county|CORK	1
CO004-034----	townland_ga|Ladhar an Fhiaigh	1
CO007-060----	class|ss	1
CO007-060----	county|CORK	1
CO007-060----	townland_ga|Na Taoibhíní	1
CO007-093----	class|ss	1
CO007-093----	county|CORK	1
CO007-093----	townland_ga|Maigh	1
CO008-012002-	class|ss	1
CO008-012002-	county|CORK	1
CO008-012002-	townland_ga|Baile na Buaile	1
CO008-071----	class|ss	1
CO008-071----	county|CORK	1
CO008-071----	townland_ga|Lios Bealach Átha	1
CO009-004002-	class|ss	1
CO009-004002-	county|CORK	1
CO009-004002-	townland_ga|Gort an Churraigh	1
CO010-003007-	class|ss	1
CO010-003007-	county|CORK	1
CO010-003007-	townland_ga|Leaba Molaga Láir	1
CO010-017----	class|ss	1
CO010-017----	county|CORK	1
CO010-017----	townland_ga|Baile Artúir	1
CO010-020002-	class|ss	1
CO010-020002-	county|CORK	1
CO010-020002-	townland_ga|Baile Artúir	1
CO011-006----	class|ss	1
CO011-006----	county|CORK	1
CO011-006----	townland_ga|An Carragán	1
CO013-005----	class|ss	1
CO013-005----	county|CORK	1
CO013-005----	townland_ga|Ceapach Pháidín	1
CO013-007----	class|ss	1
CO013-007----	county|CORK	1
CO013-007----	townland_ga|Ceapach Pháidín	1
CO013-008----	class|ss	1
CO013-008----	county|CORK	1
CO013-008----	townland_ga|Cnoc an Chláraigh	1
CO013-028----	class|ss	1
CO013-028----	county|CORK	1
CO013-028----	townland_ga|Gleann na Muclach Thoir	1
CO014-002001-	class|ss	1
CO014-002001-	county|CORK	1
CO014-002001-	townland_ga|Tuairín na gCopóg	1
CO014-002002-	class|ss	1
CO014-002002-	county|CORK	1
CO014-002002-	townland_ga|Tuairín na gCopóg	1
CO014-005----	class|ss	1
CO014-005----	county|CORK	1
CO014-005----	townland_ga|An Cnoc Dubh Uachtarach	1
CO014-025----	class|ss	1
CO014-025----	county|CORK	1
CO014-025----	townland_ga|An Mhín Íseal	1
CO014-043----	class|ss	1
CO014-043----	county|CORK	1
CO014-043----	townland_ga|Cnoc Spiúnán	1
CO014-047----	class|ss	1
CO014-047----	county|CORK	1
CO014-047----	townland_ga|Mín Uí Ghormáin	1
CO014-074----	class|ss	1
CO014-074----	county|CORK	1
CO014-074----	townland_ga|Gleann Lára	1
CO014-082----	class|ss	1
CO014-082----	county|CORK	1
CO014-082----	townland_ga|An Coimín Theas	1
CO016-007----	class|ss	1
CO016-007----	county|CORK	1
CO016-007----	townland_ga|Coill Bhaile Mhurchaidh Theas	1
CO016-024001-	class|ss	1
CO016-024001-	county|CORK	1
CO016-024001-	townland_ga|Cnoc Airde Báine	1
CO016-024002-	class|ss	1
CO016-024002-	county|CORK	1
CO016-024002-	townland_ga|Cnoc Airde Báine	1
CO016-075001-	class|ss	1
CO016-075001-	county|CORK	1
CO016-075001-	townland_ga|Baile an Bhailisigh	1
CO016-126----	class|ss	1
CO016-126----	county|CORK	1
CO016-126----	townland_ga|Currach na Leathsheisrí	1
CO016-154----	class|ss	1
CO016-154----	county|CORK	1
CO016-154----	townland_ga|Baile an Ghreadaigh Theas	1
CO016-208----	class|ss	1
CO016-208----	county|CORK	1
CO016-208----	townland_ga|An Bhréagóg	1
CO016-213----	class|ss	1
CO016-213----	county|CORK	1
CO016-213----	townland_ga|Bóthar an Scruib Thoir	1
CO016-236----	class|ss	1
CO016-236----	county|CORK	1
CO016-236----	townland_ga|Garbhghort	1
CO016-243----	class|ss	1
CO016-243----	county|CORK	1
CO016-243----	townland_ga|Meathánach	1
CO016-244----	class|ss	1
CO016-244----	county|CORK	1
CO016-244----	townland_ga|Meathánach	1
CO016-245----	class|ss	1
CO016-245----	county|CORK	1
CO016-245----	townland_ga|Meathánach	1
CO016-268----	class|ss	1
CO016-268----	county|CORK	1
CO016-268----	townland_ga|Cnoc an Bharraigh	1
CO017-006002-	class|ss	1
CO017-006002-	county|CORK	1
CO017-006002-	townland_ga|Baile an Bhoilbhéacaigh	1
CO017-023----	class|ss	1
CO017-023----	county|CORK	1
CO017-023----	townland_ga|Cill Cholmáin Thoir	1
CO017-034----	class|ss	1
CO017-034----	county|CORK	1
CO017-034----	townland_ga|Baile Eilís	1
CO017-059005-	class|ss	1
CO017-059005-	county|CORK	1
CO017-059005-	townland_ga|An Baile Beag Thoir	1
CO017-118----	class|ss	1
CO017-118----	county|CORK	1
CO017-118----	townland_ga|An Spideál	1
CO017-120----	class|ss	1
CO017-120----	county|CORK	1
CO017-120----	townland_ga|Ráth an Chláir	1
CO017-126----	class|ss	1
CO017-126----	county|CORK	1
CO017-126----	townland_ga|Ráth an Chláir	1
CO019-001001-	class|ss	1
CO019-001001-	county|CORK	1
CO019-001001-	townland_ga|Baile Shiurdáin	1
CO019-048----	class|ss	1
CO019-048----	county|CORK	1
CO019-048----	townland_ga|Cloch Liafuine	1
CO019-062001-	class|ss	1
CO019-062001-	county|CORK	1
CO019-062001-	townland_ga|Baile an Phléimeannaigh	1
CO019-084----	class|ss	1
CO019-084----	county|CORK	1
CO019-084----	townland_ga|Cillín na nGall	1
CO019-089----	class|ss	1
CO019-089----	county|CORK	1
CO019-089----	townland_ga|Ceathrú an Notaigh	1
CO021-011----	class|ss	1
CO021-011----	county|CORK	1
CO021-011----	townland_ga|Faill Ó gCothaigh	1
CO021-037----	class|ss	1
CO021-037----	county|CORK	1
CO021-037----	townland_ga|Ré na nGallán	1
CO022-003----	class|ss	1
CO022-003----	county|CORK	1
CO022-003----	townland_ga|Na Mínte	1
CO022-018----	class|ss	1
CO022-018----	county|CORK	1
CO022-018----	townland_ga|Barr na Cora	1
CO022-019----	class|ss	1
CO022-019----	county|CORK	1
CO022-019----	townland_ga|Barr na Cora	1
CO022-020----	class|ss	1
CO022-020----	county|CORK	1
CO022-020----	townland_ga|Barr na Cora	1
CO022-021----	class|ss	1
CO022-021----	county|CORK	1
CO022-021----	townland_ga|Lios Roibín Thoir	1
CO022-025----	class|ss	1
CO022-025----	county|CORK	1
CO022-025----	townland_ga|Baile Uí Dhubháin Theas	1
CO022-066----	class|ss	1
CO022-066----	county|CORK	1
CO022-066----	townland_ga|Cnoc na Cora	1
CO022-078----	class|ss	1
CO022-078----	county|CORK	1
CO022-078----	townland_ga|An Cnoc Meánach	1
CO022-080----	class|ss	1
CO022-080----	county|CORK	1
CO022-080----	townland_ga|An Cnoc Meánach	1
CO022-107----	class|ss	1
CO022-107----	county|CORK	1
CO022-107----	townland_ga|Oileán na nDamh	1
CO022-257----	class|ss	1
CO022-257----	county|CORK	1
CO022-257----	townland_ga|Doire Ghealbhan	1
CO023-040----	class|ss	1
CO023-040----	county|CORK	1
CO023-040----	townland_ga|An Baile Nua	1
CO023-092----	class|ss	1
CO023-092----	county|CORK	1
CO023-092----	townland_ga|Baile Choinn Láir	1
CO023-094001-	class|ss	1
CO023-094001-	county|CORK	1
CO023-094001-	townland_ga|Baile Choinn Láir	1
CO023-117----	class|ss	1
CO023-117----	county|CORK	1
CO023-117----	townland_ga|Drom an Lobhair	1
CO023-219----	class|ss	1
CO023-219----	county|CORK	1
CO023-219----	townland_ga|Gleann Locháin	1
CO024-008002-	class|ss	1
CO024-008002-	county|CORK	1
CO024-008002-	townland_ga|Caisleán na Cora	1
CO024-011002-	class|ss	1
CO024-011002-	county|CORK	1
CO024-011002-	townland_ga|Baile Mhic Phiarais	1
CO024-035----	class|ss	1
CO024-035----	county|CORK	1
CO024-035----	townland_ga|Ard Sciath	1
CO024-059----	class|ss	1
CO024-059----	county|CORK	1
CO024-059----	townland_ga|An Ghráinseach Thoir	1
CO024-061----	class|ss	1
CO024-061----	county|CORK	1
CO024-061----	townland_ga|An Ghráinseach Thoir	1
CO024-093----	class|ss	1
CO024-093----	county|CORK	1
CO024-093----	townland_ga|Doire Uí Dheargáin	1
CO024-113----	class|ss	1
CO024-113----	county|CORK	1
CO024-113----	townland_ga|An Cnoc Ard Searbh	1
CO024-134----	class|ss	1
CO024-134----	county|CORK	1
CO024-134----	townland_ga|Baile Cloch	1
CO024-148001-	class|ss	1
CO024-148001-	county|CORK	1
CO024-148001-	townland_ga|Ard ó Thuaidh	1
CO024-148002-	class|ss	1
CO024-148002-	county|CORK	1
CO024-148002-	townland_ga|Ard ó Thuaidh	1
CO024-198----	class|ss	1
CO024-198----	county|CORK	1
CO024-198----	townland_ga|An Ghráinseach Thiar	1
CO025-035----	class|ss	1
CO025-035----	county|CORK	1
CO025-035----	townland_ga|An Diméin	1
CO025-115----	class|ss	1
CO025-115----	county|CORK	1
CO025-115----	townland_ga|Cloch Lúcáis Theas	1
CO025-116----	class|ss	1
CO025-116----	county|CORK	1
CO025-116----	townland_ga|Cloch Lúcáis Theas	1
CO025-117----	class|ss	1
CO025-117----	county|CORK	1
CO025-117----	townland_ga|Cathair Dhúgáin Theas	1
CO025-131----	class|ss	1
CO025-131----	county|CORK	1
CO025-131----	townland_ga|Baile Tí Ó nDónaill Thoir	1
CO025-132----	class|ss	1
CO025-132----	county|CORK	1
CO025-132----	townland_ga|Baile Tí Ó nDónaill Thoir	1
CO025-138----	class|ss	1
CO025-138----	county|CORK	1
CO025-138----	townland_ga|Áth na Cise Thuaidh	1
CO025-139----	class|ss	1
CO025-139----	county|CORK	1
CO025-139----	townland_ga|Áth na Cise Thuaidh	1
CO027-004----	class|ss	1
CO027-004----	county|CORK	1
CO027-004----	townland_ga|Baile an Liagáin	1
CO027-008----	class|ss	1
CO027-008----	county|CORK	1
CO027-008----	townland_ga|Baile na Móna	1
CO027-019----	class|ss	1
CO027-019----	county|CORK	1
CO027-019----	townland_ga|Corr Thua Mhór	1
CO027-024----	class|ss	1
CO027-024----	county|CORK	1
CO027-024----	townland_ga|Cill Aonamra	1
CO027-038----	class|ss	1
CO027-038----	county|CORK	1
CO027-038----	townland_ga|Bóthar an Ráis	1
CO027-048----	class|ss	1
CO027-048----	county|CORK	1
CO027-048----	townland_ga|Dún Machan	1
CO028-005----	class|ss	1
CO028-005----	county|CORK	1
CO028-005----	townland_ga|Baile an Bhóthair	1
CO028-006----	class|ss	1
CO028-006----	county|CORK	1
CO028-006----	townland_ga|Baile an Bhóthair	1
CO029-025----	class|ss	1
CO029-025----	county|CORK	1
CO029-025----	townland_ga|An Fearann Caol	1
CO029-029----	class|ss	1
CO029-029----	county|CORK	1
CO029-029----	townland_ga|An Pháirc	1
CO029-034002-	class|ss	1
CO029-034002-	county|CORK	1
CO029-034002-	townland_ga|Nuachabháil Uachtarach	1
CO029-034003-	class|ss	1
CO029-034003-	county|CORK	1
CO029-034003-	townland_ga|Nuachabháil Uachtarach	1
CO029-034004-	class|ss	1
CO029-034004-	county|CORK	1
CO029-034004-	townland_ga|Nuachabháil Uachtarach	1
CO029-035----	class|ss	1
CO029-035----	county|CORK	1
CO029-035----	townland_ga|Nuachabháil Uachtarach	1
CO029-039002-	class|ss	1
CO029-039002-	county|CORK	1
CO029-039002-	townland_ga|An tIomaire Buí Thiar	1
CO029-055001-	class|ss	1
CO029-055001-	county|CORK	1
CO029-055001-	townland_ga|An Cnoc Dubh Uachtarach	1
CO029-055002-	class|ss	1
CO029-055002-	county|CORK	1
CO029-055002-	townland_ga|An Cnoc Dubh Uachtarach	1
CO029-056----	class|ss	1
CO029-056----	county|CORK	1
CO029-056----	townland_ga|An Cnoc Dubh Uachtarach	1
CO029-070----	class|ss	1
CO029-070----	county|CORK	1
CO029-070----	townland_ga|Éaglann	1
CO029-086----	class|ss	1
CO029-086----	county|CORK	1
CO029-086----	townland_ga|An Tuairín Clasach	1
CO030-027----	class|ss	1
CO030-027----	county|CORK	1
CO030-027----	townland_ga|Doire na Tiobrad	1
CO030-064001-	class|ss	1
CO030-064001-	county|CORK	1
CO030-064001-	townland_ga|Cill Daighneáin	1
CO030-103----	class|ss	1
CO030-103----	county|CORK	1
CO030-103----	townland_ga|Cluain Báinín Thiar	1
CO030-113----	class|ss	1
CO030-113----	county|CORK	1
CO030-113----	townland_ga|Cnoc an Teampaill	1
CO030-144----	class|ss	1
CO030-144----	county|CORK	1
CO030-144----	townland_ga|An Ros Glas	1
CO031-097----	class|ss	1
CO031-097----	county|CORK	1
CO031-097----	townland_ga|An Díseart	1
CO032-016002-	class|ss	1
CO032-016002-	county|CORK	1
CO032-016002-	townland_ga|An Phailís	1
CO032-065----	class|ss	1
CO032-065----	county|CORK	1
CO032-065----	townland_ga|An Currach Bodhar	1
CO032-095002-	class|ss	1
CO032-095002-	county|CORK	1
CO032-095002-	townland_ga|An Dromainnín	1
CO032-168----	class|ss	1
CO032-168----	county|CORK	1
CO032-168----	townland_ga|An Chill Rua	1
CO032-172----	class|ss	1
CO032-172----	county|CORK	1
CO032-172----	townland_ga|Cill Bhéalada Thiar	1
CO033-073----	class|ss	1
CO033-073----	county|CORK	1
CO033-073----	townland_ga|Raithean	1
CO033-075----	class|ss	1
CO033-075----	county|CORK	1
CO033-075----	townland_ga|Raithean	1
CO033-076----	class|ss	1
CO033-076----	county|CORK	1
CO033-076----	townland_ga|Raithean	1
CO033-126----	class|ss	1
CO033-126----	county|CORK	1
CO033-126----	townland_ga|Mala	1
CO033-133----	class|ss	1
CO033-133----	county|CORK	1
CO033-133----	townland_ga|Raithean	1
CO034-083----	class|ss	1
CO034-083----	county|CORK	1
CO034-083----	townland_ga|Gleann Donnchú	1
CO036-058002-	class|ss	1
CO036-058002-	county|CORK	1
CO036-058002-	townland_ga|An Charraig Mhór	1
CO036-059----	class|ss	1
CO036-059----	county|CORK	1
CO036-059----	townland_ga|Clais an Ghainimh	1
CO036-060----	class|ss	1
CO036-060----	county|CORK	1
CO036-060----	townland_ga|Clais an Ghainimh	1
CO038-030001-	class|ss	1
CO038-030001-	county|CORK	1
CO038-030001-	townland_ga|Cathair Bhearnach	1
CO038-030003-	class|ss	1
CO038-030003-	county|CORK	1
CO038-030003-	townland_ga|Cathair Bhearnach	1
CO038-032----	class|ss	1
CO038-032----	county|CORK	1
CO038-032----	townland_ga|Cathair Bhearnach	1
CO038-041----	class|ss	1
CO038-041----	county|CORK	1
CO038-041----	townland_ga|Tuar Buaine	1
CO038-045----	class|ss	1
CO038-045----	county|CORK	1
CO038-045----	townland_ga|Cnoc an Ghalláin	1
CO038-049----	class|ss	1
CO038-049----	county|CORK	1
CO038-049----	townland_ga|Gort an Bheithe Thiar	1
CO038-050002-	class|ss	1
CO038-050002-	county|CORK	1
CO038-050002-	townland_ga|Gort an Bheithe Thiar	1
CO038-052----	class|ss	1
CO038-052----	county|CORK	1
CO038-052----	townland_ga|Gort an Bheithe Thoir	1
CO038-060----	class|ss	1
CO038-060----	county|CORK	1
CO038-060----	townland_ga|An Fheirm	1
CO038-065----	class|ss	1
CO038-065----	county|CORK	1
CO038-065----	townland_ga|Clárach Beag	1
CO038-141----	class|ss	1
CO038-141----	county|CORK	1
CO038-141----	townland_ga|An Fheirm	1
CO039-023----	class|ss	1
CO039-023----	county|CORK	1
CO039-023----	townland_ga|Cill Eoin	1
CO039-026----	class|ss	1
CO039-026----	county|CORK	1
CO039-026----	townland_ga|An Leacht	1
CO039-027001-	class|ss	1
CO039-027001-	county|CORK	1
CO039-027001-	townland_ga|An Leacht	1
CO039-027002-	class|ss	1
CO039-027002-	county|CORK	1
CO039-027002-	townland_ga|An Leacht	1
CO039-028----	class|ss	1
CO039-028----	county|CORK	1
CO039-028----	townland_ga|An Leacht	1
CO039-064----	class|ss	1
CO039-064----	county|CORK	1
CO039-064----	townland_ga|An Chlochbhuaile Bheag	1
CO039-073----	class|ss	1
CO039-073----	county|CORK	1
CO039-073----	townland_ga|An Leaca Bhán	1
CO039-094----	class|ss	1
CO039-094----	county|CORK	1
CO039-094----	townland_ga|An Gleann Liath	1
CO039-104----	class|ss	1
CO039-104----	county|CORK	1
CO039-104----	townland_ga|An Tuairín Bán	1
CO039-105001-	class|ss	1
CO039-105001-	county|CORK	1
CO039-105001-	townland_ga|An Tuairín Bán	1
CO039-105002-	class|ss	1
CO039-105002-	county|CORK	1
CO039-105002-	townland_ga|An Tuairín Bán	1
CO039-106----	class|ss	1
CO039-106----	county|CORK	1
CO039-106----	townland_ga|Aghaidh Bhéil	1
CO039-106001-	class|ss	1
CO039-106001-	county|CORK	1
CO039-106001-	townland_ga|Aghaidh Bhéil	1
CO039-107----	class|ss	1
CO039-107----	county|CORK	1
CO039-107----	townland_ga|Aghaidh Bhéil	1
CO039-113002-	class|ss	1
CO039-113002-	county|CORK	1
CO039-113002-	townland_ga|Lios an Chiaptha	1
CO040-009001-	class|ss	1
CO040-009001-	county|CORK	1
CO040-009001-	townland_ga|Doire	1
CO040-009002-	class|ss	1
CO040-009002-	county|CORK	1
CO040-009002-	townland_ga|Doire	1
CO040-042----	class|ss	1
CO040-042----	county|CORK	1
CO040-042----	townland_ga|Dún Uabhair Thiar	1
CO040-051----	class|ss	1
CO040-051----	county|CORK	1
CO040-051----	townland_ga|Crionna Lua Thuaidh	1
CO040-052----	class|ss	1
CO040-052----	county|CORK	1
CO040-052----	townland_ga|Crionna Lua Thuaidh	1
CO040-054----	class|ss	1
CO040-054----	county|CORK	1
CO040-054----	townland_ga|Crionna Lua Thuaidh	1
CO040-079----	class|ss	1
CO040-079----	county|CORK	1
CO040-079----	townland_ga|Sliabh Chnoc na gCapall	1
CO040-083----	class|ss	1
CO040-083----	county|CORK	1
CO040-083----	townland_ga|Gleann an Chnocáin	1
CO040-084001-	class|ss	1
CO040-084001-	county|CORK	1
CO040-084001-	townland_ga|Gleann an Chnocáin	1
CO040-085001-	class|ss	1
CO040-085001-	county|CORK	1
CO040-085001-	townland_ga|Gleann an Chnocáin	1
CO040-085002-	class|ss	1
CO040-085002-	county|CORK	1
CO040-085002-	townland_ga|Gleann an Chnocáin	1
CO040-085003-	class|ss	1
CO040-085003-	county|CORK	1
CO040-085003-	townland_ga|Gleann an Chnocáin	1
CO040-104----	class|ss	1
CO040-104----	county|CORK	1
CO040-104----	townland_ga|Gleann an Chitinéaraigh Theas	1
CO040-109----	class|ss	1
CO040-109----	county|CORK	1
CO040-109----	townland_ga|An Cnoc	1
CO041-006----	class|ss	1
CO041-006----	county|CORK	1
CO041-006----	townland_ga|Gleann Meannán	1
CO041-040002-	class|ss	1
CO041-040002-	county|CORK	1
CO041-040002-	townland_ga|Leacain Darach	1
CO041-044005-	class|ss	1
CO041-044005-	county|CORK	1
CO041-044005-	townland_ga|Leacain Darach	1
CO041-094----	class|ss	1
CO041-094----	county|CORK	1
CO041-094----	townland_ga|An Ghleannóg	1
CO041-097----	class|ss	1
CO041-097----	county|CORK	1
CO041-097----	townland_ga|Cnoc Drisleach	1
CO041-098----	class|ss	1
CO041-098----	county|CORK	1
CO041-098----	townland_ga|Cnoc Drisleach	1
CO041-103----	class|ss	1
CO041-103----	county|CORK	1
CO041-103----	townland_ga|Carraig Chlíona Mhór	1
CO041-108----	class|ss	1
CO041-108----	county|CORK	1
CO041-108----	townland_ga|Baile na Banaltran Mór	1
CO041-135----	class|ss	1
CO041-135----	county|CORK	1
CO041-135----	townland_ga|Gleann an Charria Thoir	1
CO042-003----	class|ss	1
CO042-003----	county|CORK	1
CO042-003----	townland_ga|An Drom Mór Thuaidh	1
CO042-021----	class|ss	1
CO042-021----	county|CORK	1
CO042-021----	townland_ga|Muiní Thoir	1
CO042-022----	class|ss	1
CO042-022----	county|CORK	1
CO042-022----	townland_ga|Muiní Thoir	1
CO042-029002-	class|ss	1
CO042-029002-	county|CORK	1
CO042-029002-	townland_ga|Clais Uí Mhuireagáin	1
CO042-047002-	class|ss	1
CO042-047002-	county|CORK	1
CO042-047002-	townland_ga|Baile an Chnocáin	1
CO042-053----	class|ss	1
CO042-053----	county|CORK	1
CO042-053----	townland_ga|Ráth an Tóiteáin	1
CO042-055----	class|ss	1
CO042-055----	county|CORK	1
CO042-055----	townland_ga|An tOileán	1
CO042-059----	class|ss	1
CO042-059----	county|CORK	1
CO042-059----	townland_ga|An tOileán	1
CO042-063----	class|ss	1
CO042-063----	county|CORK	1
CO042-063----	townland_ga|Cnotaire	1
CO042-067----	class|ss	1
CO042-067----	county|CORK	1
CO042-067----	townland_ga|Cill Chuáin	1
CO042-074002-	class|ss	1
CO042-074002-	county|CORK	1
CO042-074002-	townland_ga|An Lios Ard	1
CO044-043----	class|ss	1
CO044-043----	county|CORK	1
CO044-043----	townland_ga|Cnoc an Chuilinn	1
CO045-009----	class|ss	1
CO045-009----	county|CORK	1
CO045-009----	townland_ga|An Machaire	1
CO045-010----	class|ss	1
CO045-010----	county|CORK	1
CO045-010----	townland_ga|Baile Uí Eára	1
CO045-012----	class|ss	1
CO045-012----	county|CORK	1
CO045-012----	townland_ga|Baile Aimséir	1
CO045-013----	class|ss	1
CO045-013----	county|CORK	1
CO045-013----	townland_ga|Baile Uí Eára	1
CO045-027----	class|ss	1
CO045-027----	county|CORK	1
CO045-027----	townland_ga|Garraí an tSagairt	1
CO045-076----	class|ss	1
CO045-076----	county|CORK	1
CO045-076----	townland_ga|Baile an Mhalfóntaigh	1
CO045-090----	class|ss	1
CO045-090----	county|CORK	1
CO045-090----	townland_ga|Ardráth	1
CO045-096002-	class|ss	1
CO045-096002-	county|CORK	1
CO045-096002-	townland_ga|Ardráth	1
CO045-101----	class|ss	1
CO045-101----	county|CORK	1
CO045-101----	townland_ga|Garraí Cathrach	1
CO045-142----	class|ss	1
CO045-142----	county|CORK	1
CO045-142----	townland_ga|Clais an Ghainimh	1
CO045-148----	class|ss	1
CO045-148----	county|CORK	1
CO045-148----	townland_ga|An Charraig Mhór	1
CO046-015----	class|ss	1
CO046-015----	county|CORK	1
CO046-015----	townland_ga|Langmhaoil Theas	1
CO046-034----	class|ss	1
CO046-034----	county|CORK	1
CO046-034----	townland_ga|An Bhuaile Dhorcha Thuaidh	1
CO046-035001-	class|ss	1
CO046-035001-	county|CORK	1
CO046-035001-	townland_ga|An Bhuaile Dhorcha Thuaidh	1
CO046-035002-	class|ss	1
CO046-035002-	county|CORK	1
CO046-035002-	townland_ga|An Bhuaile Dhorcha Thuaidh	1
CO046-036----	class|ss	1
CO046-036----	county|CORK	1
CO046-036----	townland_ga|An Bhuaile Dhorcha Thuaidh	1
CO046-042----	class|ss	1
CO046-042----	county|CORK	1
CO046-042----	townland_ga|Coill Philibín	1
CO046-046----	class|ss	1
CO046-046----	county|CORK	1
CO046-046----	townland_ga|Baile an Scorlógaigh	1
CO046-050----	class|ss	1
CO046-050----	county|CORK	1
CO046-050----	townland_ga|Gleann Gabhrach Uachtarach	1
CO046-051----	class|ss	1
CO046-051----	county|CORK	1
CO046-051----	townland_ga|Gleann Gabhrach Uachtarach	1
CO046-082----	class|ss	1
CO046-082----	county|CORK	1
CO046-082----	townland_ga|Lios na Bruíne Theas	1
CO048-001----	class|ss	1
CO048-001----	county|CORK	1
CO048-001----	townland_ga|Cill Míde Thiar	1
CO048-025002-	class|ss	1
CO048-025002-	county|CORK	1
CO048-025002-	townland_ga|An Chlochbhuaile Mhór	1
CO048-025004-	class|ss	1
CO048-025004-	county|CORK	1
CO048-025004-	townland_ga|An Chlochbhuaile Mhór	1
CO048-028002-	class|ss	1
CO048-028002-	county|CORK	1
CO048-028002-	townland_ga|An Chlochbhuaile Mhór	1
CO048-031----	class|ss	1
CO048-031----	county|CORK	1
CO048-031----	townland_ga|An Chlochbhuaile Bheag	1
CO048-037----	class|ss	1
CO048-037----	county|CORK	1
CO048-037----	townland_ga|An Chlochbhuaile Bheag	1
CO048-038----	class|ss	1
CO048-038----	county|CORK	1
CO048-038----	townland_ga|An Chlochbhuaile Bheag	1
CO048-039----	class|ss	1
CO048-039----	county|CORK	1
CO048-039----	townland_ga|An Chlochbhuaile Bheag	1
CO048-041----	class|ss	1
CO048-041----	county|CORK	1
CO048-041----	townland_ga|An Leaca Dhóite	1
CO048-042001-	class|ss	1
CO048-042001-	county|CORK	1
CO048-042001-	townland_ga|An Leaca Dhóite	1
CO048-043----	class|ss	1
CO048-043----	county|CORK	1
CO048-043----	townland_ga|An Tulaigh	1
CO048-046----	class|ss	1
CO048-046----	county|CORK	1
CO048-046----	townland_ga|An Tulaigh	1
CO048-047002-	class|ss	1
CO048-047002-	county|CORK	1
CO048-047002-	townland_ga|An Tulaigh	1
CO048-049----	class|ss	1
CO048-049----	county|CORK	1
CO048-049----	townland_ga|Muisire	1
CO048-050002-	class|ss	1
CO048-050002-	county|CORK	1
CO048-050002-	townland_ga|Aghaidh Bhéil	1
CO048-065----	class|ss	1
CO048-065----	county|CORK	1
CO048-065----	townland_ga|Baile Uascail	1
CO048-071001-	class|ss	1
CO048-071001-	county|CORK	1
CO048-071001-	townland_ga|Carraig an Chúilín	1
CO048-071003-	class|ss	1
CO048-071003-	county|CORK	1
CO048-071003-	townland_ga|Carraig an Chúilín	1
CO048-078----	class|ss	1
CO048-078----	county|CORK	1
CO048-078----	townland_ga|Cnoc na Cille	1
CO048-080004-	class|ss	1
CO048-080004-	county|CORK	1
CO048-080004-	townland_ga|An Chlochbhuaile Bheag	1
CO048-091----	class|ss	1
CO048-091----	county|CORK	1
CO048-091----	townland_ga|An Gleanntán Thoir	1
CO048-093001-	class|ss	1
CO048-093001-	county|CORK	1
CO048-093001-	townland_ga|An Gleanntán Thoir	1
CO048-097002-	class|ss	1
CO048-097002-	county|CORK	1
CO048-097002-	townland_ga|Carraig an Ime	1
CO048-136----	class|ss	1
CO048-136----	county|CORK	1
CO048-136----	townland_ga|Cnoc na Cille	1
CO048-177----	class|ss	1
CO048-177----	county|CORK	1
CO048-177----	townland_ga|An Tulaigh	1
CO048-179----	class|ss	1
CO048-179----	county|CORK	1
CO048-179----	townland_ga|Carraig an Ime	1
CO049-001----	class|ss	1
CO049-001----	county|CORK	1
CO049-001----	townland_ga|An Cnoc	1
CO049-002----	class|ss	1
CO049-002----	county|CORK	1
CO049-002----	townland_ga|Baile na Graí Thiar	1
CO049-004----	class|ss	1
CO049-004----	county|CORK	1
CO049-004----	townland_ga|Áth na gCeannaithe	1
CO049-010----	class|ss	1
CO049-010----	county|CORK	1
CO049-010----	townland_ga|Áth na gCeannaithe	1
CO049-011001-	class|ss	1
CO049-011001-	county|CORK	1
CO049-011001-	townland_ga|Áth na gCeannaithe	1
CO049-011002-	class|ss	1
CO049-011002-	county|CORK	1
CO049-011002-	townland_ga|Áth na gCeannaithe	1
CO049-012----	class|ss	1
CO049-012----	county|CORK	1
CO049-012----	townland_ga|Áth na gCeannaithe	1
CO049-014----	class|ss	1
CO049-014----	county|CORK	1
CO049-014----	townland_ga|Áth na gCeannaithe	1
CO049-016002-	class|ss	1
CO049-016002-	county|CORK	1
CO049-016002-	townland_ga|Cnoc na nGabhann	1
CO049-030----	class|ss	1
CO049-030----	county|CORK	1
CO049-030----	townland_ga|Ucht Fhoithre	1
CO049-032----	class|ss	1
CO049-032----	county|CORK	1
CO049-032----	townland_ga|Gleann na gCloch Theas	1
CO049-034----	class|ss	1
CO049-034----	county|CORK	1
CO049-034----	townland_ga|Gleann na gCloch Theas	1
CO049-042----	class|ss	1
CO049-042----	county|CORK	1
CO049-042----	townland_ga|Cnoc na nGabhann	1
CO049-044----	class|ss	1
CO049-044----	county|CORK	1
CO049-044----	townland_ga|Cnoc na nGabhann	1
CO049-045----	class|ss	1
CO049-045----	county|CORK	1
CO049-045----	townland_ga|Cnoc na nGabhann	1
CO049-065----	class|ss	1
CO049-065----	county|CORK	1
CO049-065----	townland_ga|Gleann an Chnocáin	1
CO050-003----	class|ss	1
CO050-003----	county|CORK	1
CO050-003----	townland_ga|An Gabhlán Thuaidh	1
CO050-007----	class|ss	1
CO050-007----	county|CORK	1
CO050-007----	townland_ga|An Gabhlán Thuaidh	1
CO050-014----	class|ss	1
CO050-014----	county|CORK	1
CO050-014----	townland_ga|Lathach Chainín	1
CO050-015----	class|ss	1
CO050-015----	county|CORK	1
CO050-015----	townland_ga|An Fearann	1
CO050-019----	class|ss	1
CO050-019----	county|CORK	1
CO050-019----	townland_ga|Na Plucáin Thuaidh	1
CO050-028----	class|ss	1
CO050-028----	county|CORK	1
CO050-028----	townland_ga|Ráth Chúile Thiar	1
CO050-035----	class|ss	1
CO050-035----	county|CORK	1
CO050-035----	townland_ga|Áth an Dalláin	1
CO050-038----	class|ss	1
CO050-038----	county|CORK	1
CO050-038----	townland_ga|Áth an Dalláin	1
CO050-054002-	class|ss	1
CO050-054002-	county|CORK	1
CO050-054002-	townland_ga|Barr an Chárthainn	1
CO050-060----	class|ss	1
CO050-060----	county|CORK	1
CO050-060----	townland_ga|Cill Chuilinn Theas	1
CO050-061002-	class|ss	1
CO050-061002-	county|CORK	1
CO050-061002-	townland_ga|Cill Martan Íochtarach	1
CO050-073003-	class|ss	1
CO050-073003-	county|CORK	1
CO050-073003-	townland_ga|Mín an Chónaí	1
CO050-075----	class|ss	1
CO050-075----	county|CORK	1
CO050-075----	townland_ga|Cnoc Uí Ruairc	1
CO050-078----	class|ss	1
CO050-078----	county|CORK	1
CO050-078----	townland_ga|Cúil Leice	1
CO050-080----	class|ss	1
CO050-080----	county|CORK	1
CO050-080----	townland_ga|Cúil Leice	1
CO050-082----	class|ss	1
CO050-082----	county|CORK	1
CO050-082----	townland_ga|Cúil Leice	1
CO050-087----	class|ss	1
CO050-087----	county|CORK	1
CO050-087----	townland_ga|Baile Uí Chiarmhaic	1
CO050-088----	class|ss	1
CO050-088----	county|CORK	1
CO050-088----	townland_ga|Cnoc Uí Ruairc	1
CO050-099----	class|ss	1
CO050-099----	county|CORK	1
CO050-099----	townland_ga|An Leaca Bhán	1
CO050-101----	class|ss	1
CO050-101----	county|CORK	1
CO050-101----	townland_ga|An Leaca Bhán	1
CO050-102001-	class|ss	1
CO050-102001-	county|CORK	1
CO050-102001-	townland_ga|An Leaca Bhán	1
CO050-109----	class|ss	1
CO050-109----	county|CORK	1
CO050-109----	townland_ga|Fornocht	1
CO050-110----	class|ss	1
CO050-110----	county|CORK	1
CO050-110----	townland_ga|Fornocht	1
CO050-115----	class|ss	1
CO050-115----	county|CORK	1
CO050-115----	townland_ga|Cúil Mhóna	1
CO050-126----	class|ss	1
CO050-126----	county|CORK	1
CO050-126----	townland_ga|Na Plucáin Thiar	1
CO050-132----	class|ss	1
CO050-132----	county|CORK	1
CO050-132----	townland_ga|Na Plucáin Thiar	1
CO050-134----	class|ss	1
CO050-134----	county|CORK	1
CO050-134----	townland_ga|An Currach	1
CO050-135----	class|ss	1
CO050-135----	county|CORK	1
CO050-135----	townland_ga|An Currach	1
CO050-148----	class|ss	1
CO050-148----	county|CORK	1
CO050-148----	townland_ga|Na Plucáin Thoir	1
CO051-004----	class|ss	1
CO051-004----	county|CORK	1
CO051-004----	townland_ga|Na Plucáin Thuaidh	1
CO051-013----	class|ss	1
CO051-013----	county|CORK	1
CO051-013----	townland_ga|Ladhar Fheadán	1
CO051-014002-	class|ss	1
CO051-014002-	county|CORK	1
CO051-014002-	townland_ga|Ladhar Fheadán	1
CO051-019----	class|ss	1
CO051-019----	county|CORK	1
CO051-019----	townland_ga|Baile Shaileog	1
CO051-043002-	class|ss	1
CO051-043002-	county|CORK	1
CO051-043002-	townland_ga|Na Plucáin Thuaidh	1
CO051-048001-	class|ss	1
CO051-048001-	county|CORK	1
CO051-048001-	townland_ga|Meall Aráin	1
CO051-048002-	class|ss	1
CO051-048002-	county|CORK	1
CO051-048002-	townland_ga|Meall Aráin	1
CO051-050----	class|ss	1
CO051-050----	county|CORK	1
CO051-050----	townland_ga|Na Plucáin Thuaidh	1
CO051-053----	class|ss	1
CO051-053----	county|CORK	1
CO051-053----	townland_ga|An Garrán Thuaidh	1
CO051-057----	class|ss	1
CO051-057----	county|CORK	1
CO051-057----	townland_ga|An Garrán Thuaidh	1
CO051-061----	class|ss	1
CO051-061----	county|CORK	1
CO051-061----	townland_ga|An Garrán Thuaidh	1
CO051-068002-	class|ss	1
CO051-068002-	county|CORK	1
CO051-068002-	townland_ga|An Garrán Thuaidh	1
CO051-078----	class|ss	1
CO051-078----	county|CORK	1
CO051-078----	townland_ga|Garraí Aidín	1
CO051-087----	class|ss	1
CO051-087----	county|CORK	1
CO051-087----	townland_ga|Garraí Aidín	1
CO051-091----	class|ss	1
CO051-091----	county|CORK	1
CO051-091----	townland_ga|An Baile Glas	1
CO051-098----	class|ss	1
CO051-098----	county|CORK	1
CO051-098----	townland_ga|Móin na Lathaí	1
CO051-111002-	class|ss	1
CO051-111002-	county|CORK	1
CO051-111002-	townland_ga|Greanach Theas	1
CO051-123----	class|ss	1
CO051-123----	county|CORK	1
CO051-123----	townland_ga|Baile Bhallúin	1
CO051-132----	class|ss	1
CO051-132----	county|CORK	1
CO051-132----	townland_ga|Cnoc Bhun an Bheithe	1
CO051-159----	class|ss	1
CO051-159----	county|CORK	1
CO051-159----	townland_ga|Lisín Eoghain	1
CO051-166----	class|ss	1
CO051-166----	county|CORK	1
CO051-166----	townland_ga|An Ghlaise Bhuí Theas	1
CO052-008----	class|ss	1
CO052-008----	county|CORK	1
CO052-008----	townland_ga|Gormlaí	1
CO052-009----	class|ss	1
CO052-009----	county|CORK	1
CO052-009----	townland_ga|Baile na gCloch Thoir	1
CO052-010----	class|ss	1
CO052-010----	county|CORK	1
CO052-010----	townland_ga|Baile na gCloch Thoir	1
CO052-015----	class|ss	1
CO052-015----	county|CORK	1
CO052-015----	townland_ga|An Chloch Fhada	1
CO052-016----	class|ss	1
CO052-016----	county|CORK	1
CO052-016----	townland_ga|An Chloch Fhada	1
CO052-017----	class|ss	1
CO052-017----	county|CORK	1
CO052-017----	townland_ga|An Chloch Fhada	1
CO052-021----	class|ss	1
CO052-021----	county|CORK	1
CO052-021----	townland_ga|Gormlaí	1
CO052-024----	class|ss	1
CO052-024----	county|CORK	1
CO052-024----	townland_ga|Baile Cháiscín	1
CO052-027----	class|ss	1
CO052-027----	county|CORK	1
CO052-027----	townland_ga|Carraig na bhFear	1
CO052-029----	class|ss	1
CO052-029----	county|CORK	1
CO052-029----	townland_ga|Carraig na bhFear	1
CO052-033----	class|ss	1
CO052-033----	county|CORK	1
CO052-033----	townland_ga|Baile na bPórtach	1
CO052-035----	class|ss	1
CO052-035----	county|CORK	1
CO052-035----	townland_ga|Baile na gCloch Thoir	1
CO052-040----	class|ss	1
CO052-040----	county|CORK	1
CO052-040----	townland_ga|Teampall Mhichíl	1
CO052-049----	class|ss	1
CO052-049----	county|CORK	1
CO052-049----	townland_ga|Baile an Duíonaisc	1
CO053-035----	class|ss	1
CO053-035----	county|CORK	1
CO053-035----	townland_ga|Baile an Liagáin	1
CO053-040----	class|ss	1
CO053-040----	county|CORK	1
CO053-043----	class|ss	1
CO053-043----	county|CORK	1
CO053-065----	class|ss	1
CO053-065----	county|CORK	1
CO053-065----	townland_ga|Cnoicín na gCruach	1
CO054-006----	class|ss	1
CO054-006----	county|CORK	1
CO054-006----	townland_ga|Ráth an Fhiaigh	1
CO054-009----	class|ss	1
CO054-009----	county|CORK	1
CO054-009----	townland_ga|Ráth an Fhiaigh	1
CO054-011----	class|ss	1
CO054-011----	county|CORK	1
CO054-011----	townland_ga|Ráth an Fhiaigh	1
CO054-021003-	class|ss	1
CO054-021003-	county|CORK	1
CO054-021003-	townland_ga|Cathair an Dísirt	1
CO054-024001-	class|ss	1
CO054-024001-	county|CORK	1
CO054-024001-	townland_ga|An Díseart	1
CO054-025----	class|ss	1
CO054-025----	county|CORK	1
CO054-025----	townland_ga|An Díseart	1
CO054-026----	class|ss	1
CO054-026----	county|CORK	1
CO054-026----	townland_ga|An Currach Ard	1
CO054-041----	class|ss	1
CO054-041----	county|CORK	1
CO054-041----	townland_ga|Currach Dhiarmada	1
CO054-044----	class|ss	1
CO054-044----	county|CORK	1
CO054-044----	townland_ga|Cnoc na Sceach	1
CO054-047----	class|ss	1
CO054-047----	county|CORK	1
CO054-047----	townland_ga|Barr Fothana	1
CO054-055----	class|ss	1
CO054-055----	county|CORK	1
CO054-055----	townland_ga|Cill Lasrach	1
CO054-060----	class|ss	1
CO054-060----	county|CORK	1
CO054-060----	townland_ga|An Gleanntán	1
CO054-074----	class|ss	1
CO054-074----	county|CORK	1
CO054-074----	townland_ga|Baile Uí Uaithnín	1
CO054-075----	class|ss	1
CO054-075----	county|CORK	1
CO054-075----	townland_ga|Baile Uí Uaithnín	1
CO054-092----	class|ss	1
CO054-092----	county|CORK	1
CO054-112----	class|ss	1
CO054-112----	county|CORK	1
CO054-129----	class|ss	1
CO054-129----	county|CORK	1
CO054-129----	townland_ga|Cúil na Pise	1
CO055-020----	class|ss	1
CO055-020----	county|CORK	1
CO055-020----	townland_ga|Baile Íomhair	1
CO055-022001-	class|ss	1
CO055-022001-	county|CORK	1
CO055-022001-	townland_ga|Móin na bhFearnóg	1
CO055-060----	class|ss	1
CO055-060----	county|CORK	1
CO055-060----	townland_ga|Móin na Luaithe	1
CO055-070----	class|ss	1
CO055-070----	county|CORK	1
CO055-070----	townland_ga|Na Briada	1
CO058-008----	class|ss	1
CO058-008----	county|CORK	1
CO058-012----	class|ss	1
CO058-012----	county|CORK	1
CO058-016----	class|ss	1
CO058-016----	county|CORK	1
CO058-025002-	class|ss	1
CO058-025002-	county|CORK	1
CO058-040001-	class|ss	1
CO058-040001-	county|CORK	1
CO058-040002-	class|ss	1
CO058-040002-	county|CORK	1
CO058-056----	class|ss	1
CO058-056----	county|CORK	1
CO058-066----	class|ss	1
CO058-066----	county|CORK	1
CO058-068----	class|ss	1
CO058-068----	county|CORK	1
CO058-069----	class|ss	1
CO058-069----	county|CORK	1
CO058-077----	class|ss	1
CO058-077----	county|CORK	1
CO058-080----	class|ss	1
CO058-080----	county|CORK	1
CO059-002----	class|ss	1
CO059-002----	county|CORK	1
CO059-009----	class|ss	1
CO059-009----	county|CORK	1
CO059-009----	townland_ga|Garrán Uí Chearnaigh	1
CO059-012----	class|ss	1
CO059-012----	county|CORK	1
CO059-012----	townland_ga|Carraig an Fheartáin	1
CO059-016001-	class|ss	1
CO059-016001-	county|CORK	1
CO059-016001-	townland_ga|An Chabrach	1
CO059-016002-	class|ss	1
CO059-016002-	county|CORK	1
CO059-016002-	townland_ga|An Chabrach	1
CO059-016003-	class|ss	1
CO059-016003-	county|CORK	1
CO059-016003-	townland_ga|An Chabrach	1
CO059-019----	class|ss	1
CO059-019----	county|CORK	1
CO059-019----	townland_ga|Cnoc Ráithín	1
CO059-021----	class|ss	1
CO059-021----	county|CORK	1
CO059-021----	townland_ga|Cnoc Ráithín	1
CO059-025----	class|ss	1
CO059-025----	county|CORK	1
CO059-025----	townland_ga|An Leaca Dhubh	1
CO059-029----	class|ss	1
CO059-029----	county|CORK	1
CO059-029----	townland_ga|An Leaca Dhubh	1
CO059-031----	class|ss	1
CO059-031----	county|CORK	1
CO059-031----	townland_ga|An Leaca Dhubh	1
CO059-035----	class|ss	1
CO059-035----	county|CORK	1
CO059-035----	townland_ga|Cois Labhra	1
CO059-039----	class|ss	1
CO059-039----	county|CORK	1
CO059-039----	townland_ga|An Muine Fliuch	1
CO059-040----	class|ss	1
CO059-040----	county|CORK	1
CO059-040----	townland_ga|An Muine Fliuch	1
CO059-048----	class|ss	1
CO059-048----	county|CORK	1
CO059-048----	townland_ga|An Bán Mór	1
CO059-053----	class|ss	1
CO059-053----	county|CORK	1
CO059-056002-	class|ss	1
CO059-056002-	county|CORK	1
CO059-074----	class|ss	1
CO059-074----	county|CORK	1
CO059-074----	townland_ga|Clais Mhig Uidhir	1
CO059-086----	class|ss	1
CO059-086----	county|CORK	1
CO059-086----	townland_ga|Gort an Bhranair	1
CO059-095----	class|ss	1
CO059-095----	county|CORK	1
CO059-095----	townland_ga|Cathair Bhioráin	1
CO059-101002-	class|ss	1
CO059-101002-	county|CORK	1
CO059-101002-	townland_ga|An Screathan Ard	1
CO059-102002-	class|ss	1
CO059-102002-	county|CORK	1
CO059-102002-	townland_ga|An Screathan Ard	1
CO059-106----	class|ss	1
CO059-106----	county|CORK	1
CO059-106----	townland_ga|Cill Phádraig	1
CO059-109----	class|ss	1
CO059-109----	county|CORK	1
CO059-109----	townland_ga|Cúil an Fheadáin	1
CO059-114002-	class|ss	1
CO059-114002-	county|CORK	1
CO059-119----	class|ss	1
CO059-119----	county|CORK	1
CO059-119----	townland_ga|Gort na Péiste	1
CO059-123----	class|ss	1
CO059-123----	county|CORK	1
CO059-123----	townland_ga|Gort na Leice	1
CO059-126----	class|ss	1
CO059-126----	county|CORK	1
CO059-126----	townland_ga|Gort na Leice	1
CO059-127----	class|ss	1
CO059-127----	county|CORK	1
CO059-127----	townland_ga|Gort na Leice	1
CO059-133----	class|ss	1
CO059-133----	county|CORK	1
CO059-133----	townland_ga|Garrán na gCapall	1
CO059-138----	class|ss	1
CO059-138----	county|CORK	1
CO059-138----	townland_ga|An Muileann Rua	1
CO059-142----	class|ss	1
CO059-142----	county|CORK	1
CO059-142----	townland_ga|An Muileann Rua	1
CO059-144----	class|ss	1
CO059-144----	county|CORK	1
CO059-144----	townland_ga|An Muileann Rua	1
CO059-147----	class|ss	1
CO059-147----	county|CORK	1
CO059-147----	townland_ga|Ard na Croise	1
CO059-152003-	class|ss	1
CO059-152003-	county|CORK	1
CO059-152003-	townland_ga|Cill Bholltrach	1
CO059-188----	class|ss	1
CO059-188----	county|CORK	1
CO059-188----	townland_ga|Carraig an Fheartáin	1
CO060-009001-	class|ss	1
CO060-009001-	county|CORK	1
CO060-009001-	townland_ga|Cnoc na gCapall	1
CO060-009002-	class|ss	1
CO060-009002-	county|CORK	1
CO060-009002-	townland_ga|Cnoc na gCapall	1
CO060-014----	class|ss	1
CO060-014----	county|CORK	1
CO060-014----	townland_ga|Baile na Graí Thiar	1
CO060-030----	class|ss	1
CO060-030----	county|CORK	1
CO060-030----	townland_ga|Ucht Fhoithre	1
CO060-034----	class|ss	1
CO060-034----	county|CORK	1
CO060-034----	townland_ga|Ucht Fhoithre	1
CO060-041----	class|ss	1
CO060-041----	county|CORK	1
CO060-041----	townland_ga|Ucht Fhoithre	1
CO060-043----	class|ss	1
CO060-043----	county|CORK	1
CO060-043----	townland_ga|Gleann na gCloch Theas	1
CO060-044----	class|ss	1
CO060-044----	county|CORK	1
CO060-044----	townland_ga|Gleann na gCloch Theas	1
CO060-045----	class|ss	1
CO060-045----	county|CORK	1
CO060-045----	townland_ga|Gleann na gCloch Theas	1
CO060-047----	class|ss	1
CO060-047----	county|CORK	1
CO060-047----	townland_ga|Gleann na gCloch Theas	1
CO060-052----	class|ss	1
CO060-052----	county|CORK	1
CO060-052----	townland_ga|Gleann na gCloch Theas	1
CO060-055----	class|ss	1
CO060-055----	county|CORK	1
CO060-055----	townland_ga|Gleann na gCloch Theas	1
CO060-060----	class|ss	1
CO060-060----	county|CORK	1
CO060-060----	townland_ga|Cnoc idir Dhá Abhainn	1
CO060-061----	class|ss	1
CO060-061----	county|CORK	1
CO060-061----	townland_ga|Cnoc idir Dhá Abhainn	1
CO060-079002-	class|ss	1
CO060-079002-	county|CORK	1
CO060-079002-	townland_ga|Cathair Bharrúil	1
CO060-081----	class|ss	1
CO060-081----	county|CORK	1
CO060-081----	townland_ga|Carraig an Ois	1
CO060-083001-	class|ss	1
CO060-083001-	county|CORK	1
CO060-083001-	townland_ga|Currach an Mhadra	1
CO060-086001-	class|ss	1
CO060-086001-	county|CORK	1
CO060-086001-	townland_ga|An Cnoc Ramhar	1
CO060-087----	class|ss	1
CO060-087----	county|CORK	1
CO060-087----	townland_ga|An Cnoc Ramhar	1
CO060-090----	class|ss	1
CO060-090----	county|CORK	1
CO060-090----	townland_ga|An Cnoc Ramhar	1
CO060-098----	class|ss	1
CO060-098----	county|CORK	1
CO060-098----	townland_ga|Cúil an Fhéich	1
CO060-106002-	class|ss	1
CO060-106002-	county|CORK	1
CO060-106002-	townland_ga|Doire Rua	1
CO060-114----	class|ss	1
CO060-114----	county|CORK	1
CO060-114----	townland_ga|Cill Bheircheirt	1
CO060-124001-	class|ss	1
CO060-124001-	county|CORK	1
CO060-124001-	townland_ga|An Roisín	1
CO060-125----	class|ss	1
CO060-125----	county|CORK	1
CO060-125----	townland_ga|An Roisín	1
CO060-133----	class|ss	1
CO060-133----	county|CORK	1
CO060-133----	townland_ga|Duílis	1
CO060-134----	class|ss	1
CO060-134----	county|CORK	1
CO060-134----	townland_ga|Duílis	1
CO060-135----	class|ss	1
CO060-135----	county|CORK	1
CO060-135----	townland_ga|An Leathfhearann Caol	1
CO060-136----	class|ss	1
CO060-136----	county|CORK	1
CO060-136----	townland_ga|An Leathfhearann Caol	1
CO060-139----	class|ss	1
CO060-139----	county|CORK	1
CO060-139----	townland_ga|Léad an Mhuilinn	1
CO060-142----	class|ss	1
CO060-142----	county|CORK	1
CO060-142----	townland_ga|Léad an Mhuilinn	1
CO060-144----	class|ss	1
CO060-144----	county|CORK	1
CO060-144----	townland_ga|Léad an Mhuilinn	1
CO060-145----	class|ss	1
CO060-145----	county|CORK	1
CO060-145----	townland_ga|Léad an Mhuilinn	1
CO060-151003-	class|ss	1
CO060-151003-	county|CORK	1
CO060-151003-	townland_ga|An Chúil Gharbh	1
CO060-153----	class|ss	1
CO060-153----	county|CORK	1
CO060-153----	townland_ga|An Chúil Gharbh	1
CO060-158----	class|ss	1
CO060-158----	county|CORK	1
CO060-158----	townland_ga|An Chúil Gharbh	1
CO060-178----	class|ss	1
CO060-178----	county|CORK	1
CO060-178----	townland_ga|An Bán Mór	1
CO060-179----	class|ss	1
CO060-179----	county|CORK	1
CO060-179----	townland_ga|An Roisín	1
CO060-205----	class|ss	1
CO060-205----	county|CORK	1
CO060-205----	townland_ga|An Roisín	1
CO060-206----	class|ss	1
CO060-206----	county|CORK	1
CO060-206----	townland_ga|An Roisín	1
CO061-002----	class|ss	1
CO061-002----	county|CORK	1
CO061-002----	townland_ga|Réileán	1
CO061-003----	class|ss	1
CO061-003----	county|CORK	1
CO061-003----	townland_ga|Réileán	1
CO061-004----	class|ss	1
CO061-004----	county|CORK	1
CO061-004----	townland_ga|Réileán	1
CO061-032002-	class|ss	1
CO061-032002-	county|CORK	1
CO061-032002-	townland_ga|Baile Uí Chuinneagáin	1
CO061-040----	class|ss	1
CO061-040----	county|CORK	1
CO061-040----	townland_ga|Baile Uí Dhorchaí	1
CO061-041----	class|ss	1
CO061-041----	county|CORK	1
CO061-041----	townland_ga|Baile Uí Dhorchaí	1
CO061-042----	class|ss	1
CO061-042----	county|CORK	1
CO061-042----	townland_ga|Baile Uí Dhorchaí	1
CO061-049----	class|ss	1
CO061-049----	county|CORK	1
CO061-049----	townland_ga|An Coinigéar	1
CO061-059001-	class|ss	1
CO061-059001-	county|CORK	1
CO061-059001-	townland_ga|Fornocht	1
CO061-059002-	class|ss	1
CO061-059002-	county|CORK	1
CO061-059002-	townland_ga|Fornocht	1
CO061-060----	class|ss	1
CO061-060----	county|CORK	1
CO061-060----	townland_ga|Fornocht	1
CO061-061----	class|ss	1
CO061-061----	county|CORK	1
CO061-061----	townland_ga|Fornocht	1
CO061-065----	class|ss	1
CO061-065----	county|CORK	1
CO061-065----	townland_ga|Baile Uí Aonghasa	1
CO061-083----	class|ss	1
CO061-083----	county|CORK	1
CO061-083----	townland_ga|An Leacainín	1
CO061-086----	class|ss	1
CO061-086----	county|CORK	1
CO061-086----	townland_ga|Achadh Bhrain	1
CO061-094----	class|ss	1
CO061-094----	county|CORK	1
CO061-094----	townland_ga|Cluain Maol Thoir	1
CO061-095----	class|ss	1
CO061-095----	county|CORK	1
CO061-095----	townland_ga|Cluain Maol Thoir	1
CO061-099----	class|ss	1
CO061-099----	county|CORK	1
CO061-099----	townland_ga|An Seanchaisleán	1
CO061-114----	class|ss	1
CO061-114----	county|CORK	1
CO061-114----	townland_ga|Doire	1
CO061-118----	class|ss	1
CO061-118----	county|CORK	1
CO061-118----	townland_ga|An Cnocán	1
CO061-131----	class|ss	1
CO061-131----	county|CORK	1
CO061-131----	townland_ga|Lios Laidín	1
CO061-134----	class|ss	1
CO061-134----	county|CORK	1
CO061-134----	townland_ga|Lios Laidín	1
CO061-137----	class|ss	1
CO061-137----	county|CORK	1
CO061-137----	townland_ga|Lios Laidín	1
CO061-139----	class|ss	1
CO061-139----	county|CORK	1
CO061-139----	townland_ga|Lios na Seandrom Thiar	1
CO061-144----	class|ss	1
CO061-144----	county|CORK	1
CO061-144----	townland_ga|Biorainn	1
CO061-161----	class|ss	1
CO061-161----	county|CORK	1
CO061-161----	townland_ga|Coill Chloiche	1
CO062-003----	class|ss	1
CO062-003----	county|CORK	1
CO062-003----	townland_ga|An Garrán Theas	1
CO062-004----	class|ss	1
CO062-004----	county|CORK	1
CO062-004----	townland_ga|An Garrán Theas	1
CO062-005----	class|ss	1
CO062-005----	county|CORK	1
CO062-005----	townland_ga|An Garrán Theas	1
CO062-010----	class|ss	1
CO062-010----	county|CORK	1
CO062-010----	townland_ga|An Garrán Theas	1
CO062-019----	class|ss	1
CO062-019----	county|CORK	1
CO062-019----	townland_ga|Baile Chraithín	1
CO062-021----	class|ss	1
CO062-021----	county|CORK	1
CO062-021----	townland_ga|An Chúirt Bhreac	1
CO062-027----	class|ss	1
CO062-027----	county|CORK	1
CO062-027----	townland_ga|An Chúirt Bhreac	1
CO062-028----	class|ss	1
CO062-028----	county|CORK	1
CO062-028----	townland_ga|An Chúirt Bhreac	1
CO062-043----	class|ss	1
CO062-043----	county|CORK	1
CO062-043----	townland_ga|Cnoc Bhun an Bheithe	1
CO062-044----	class|ss	1
CO062-044----	county|CORK	1
CO062-044----	townland_ga|Cnoc Bhun an Bheithe	1
CO062-045----	class|ss	1
CO062-045----	county|CORK	1
CO062-045----	townland_ga|Cnoc Bhun an Bheithe	1
CO062-046----	class|ss	1
CO062-046----	county|CORK	1
CO062-046----	townland_ga|Cnoc Bhun an Bheithe	1
CO062-047----	class|ss	1
CO062-047----	county|CORK	1
CO062-047----	townland_ga|Garbhchluain	1
CO062-049----	class|ss	1
CO062-049----	county|CORK	1
CO062-049----	townland_ga|Cill Mhóna	1
CO062-053----	class|ss	1
CO062-053----	county|CORK	1
CO062-053----	townland_ga|Fearann an Róistigh	1
CO062-064----	class|ss	1
CO062-064----	county|CORK	1
CO062-064----	townland_ga|Baile na Rátha	1
CO062-069----	class|ss	1
CO062-069----	county|CORK	1
CO062-069----	townland_ga|Baile Ghiobúin	1
CO062-072----	class|ss	1
CO062-072----	county|CORK	1
CO062-072----	townland_ga|Cúil Eoghain	1
CO062-073----	class|ss	1
CO062-073----	county|CORK	1
CO062-073----	townland_ga|Cúil Eoghain	1
CO062-076----	class|ss	1
CO062-076----	county|CORK	1
CO062-076----	townland_ga|Cúil Eoghain	1
CO062-077----	class|ss	1
CO062-077----	county|CORK	1
CO062-077----	townland_ga|Cúil Eoghain	1
CO062-080----	class|ss	1
CO062-080----	county|CORK	1
CO062-080----	townland_ga|Cúil Eoghain	1
CO062-082----	class|ss	1
CO062-082----	county|CORK	1
CO062-082----	townland_ga|Coill Chloiche	1
CO062-083----	class|ss	1
CO062-083----	county|CORK	1
CO062-083----	townland_ga|Coill Chloiche	1
CO062-092----	class|ss	1
CO062-092----	county|CORK	1
CO062-092----	townland_ga|An Ghiolcach	1
CO062-106----	class|ss	1
CO062-106----	county|CORK	1
CO062-106----	townland_ga|Baile an Bhiocáire	1
CO062-112----	class|ss	1
CO062-112----	county|CORK	1
CO062-112----	townland_ga|An Coillín	1
CO062-113----	class|ss	1
CO062-113----	county|CORK	1
CO062-113----	townland_ga|An Coillín	1
CO062-114----	class|ss	1
CO062-114----	county|CORK	1
CO062-114----	townland_ga|An Coillín	1
CO062-116----	class|ss	1
CO062-116----	county|CORK	1
CO062-116----	townland_ga|An Coillín	1
CO062-119----	class|ss	1
CO062-119----	county|CORK	1
CO062-119----	townland_ga|Gort Dhonncha Mhóir	1
CO062-121----	class|ss	1
CO062-121----	county|CORK	1
CO062-132----	class|ss	1
CO062-132----	county|CORK	1
CO062-132----	townland_ga|An Lochán Thoir	1
CO062-136----	class|ss	1
CO062-136----	county|CORK	1
CO062-136----	townland_ga|An Lochán Thoir	1
CO062-138----	class|ss	1
CO062-138----	county|CORK	1
CO062-138----	townland_ga|An Lochán Thoir	1
CO062-140003-	class|ss	1
CO062-140003-	county|CORK	1
CO062-140003-	townland_ga|An Lochán Thiar	1
CO062-141----	class|ss	1
CO062-141----	county|CORK	1
CO062-141----	townland_ga|An Lochán Thiar	1
CO062-143----	class|ss	1
CO062-143----	county|CORK	1
CO062-143----	townland_ga|An Lochán Thiar	1
CO062-151----	class|ss	1
CO062-151----	county|CORK	1
CO062-151----	townland_ga|Baile na Cágaí	1
CO062-155----	class|ss	1
CO062-155----	county|CORK	1
CO062-155----	townland_ga|Baile na Cágaí	1
CO062-156----	class|ss	1
CO062-156----	county|CORK	1
CO062-156----	townland_ga|Baile na Cágaí	1
CO062-157----	class|ss	1
CO062-157----	county|CORK	1
CO062-157----	townland_ga|Baile na Cágaí	1
CO062-164----	class|ss	1
CO062-164----	county|CORK	1
CO062-164----	townland_ga|Cnoc na Laidhre	1
CO062-165----	class|ss	1
CO062-165----	county|CORK	1
CO062-165----	townland_ga|Cnoc na Laidhre	1
CO062-166----	class|ss	1
CO062-166----	county|CORK	1
CO062-166----	townland_ga|Cnoc na Laidhre	1
CO062-167----	class|ss	1
CO062-167----	county|CORK	1
CO062-167----	townland_ga|Cnoc na Laidhre	1
CO062-168----	class|ss	1
CO062-168----	county|CORK	1
CO062-168----	townland_ga|Cnoc na Laidhre	1
CO062-172----	class|ss	1
CO062-172----	county|CORK	1
CO062-172----	townland_ga|Baile Ghiobúin	1
CO062-175----	class|ss	1
CO062-175----	county|CORK	1
CO062-175----	townland_ga|Baile Ghiobúin	1
CO062-183----	class|ss	1
CO062-183----	county|CORK	1
CO062-183----	townland_ga|Currach na Leacht	1
CO062-193----	class|ss	1
CO062-193----	county|CORK	1
CO062-193----	townland_ga|Cúil Eoghain	1
CO062-197----	class|ss	1
CO062-197----	county|CORK	1
CO062-197----	townland_ga|Currach na Leacht	1
CO062-198----	class|ss	1
CO062-198----	county|CORK	1
CO062-198----	townland_ga|Currach na Leacht	1
CO062-206----	class|ss	1
CO062-206----	county|CORK	1
CO062-206----	townland_ga|An Lochán Thoir	1
CO062-207----	class|ss	1
CO062-207----	county|CORK	1
CO062-207----	townland_ga|An Lochán Thoir	1
CO063-010----	class|ss	1
CO063-010----	county|CORK	1
CO063-010----	townland_ga|Baile an Bharraigh	1
CO063-013----	class|ss	1
CO063-013----	county|CORK	1
CO063-013----	townland_ga|Baile an Bharraigh	1
CO063-043----	class|ss	1
CO063-043----	county|CORK	1
CO063-043----	townland_ga|Cúirt an tSáirséalaigh	1
CO063-050----	class|ss	1
CO063-050----	county|CORK	1
CO063-050----	townland_ga|Cúil Eoghain	1
CO063-051----	class|ss	1
CO063-051----	county|CORK	1
CO063-051----	townland_ga|Cúil Eoghain	1
CO063-055----	class|ss	1
CO063-055----	county|CORK	1
CO063-055----	townland_ga|Ráth Phéacáin	1
CO063-057----	class|ss	1
CO063-057----	county|CORK	1
CO063-057----	townland_ga|Ráth an Uisce	1
CO063-059----	class|ss	1
CO063-059----	county|CORK	1
CO063-059----	townland_ga|Ráth Phéacáin	1
CO063-060----	class|ss	1
CO063-060----	county|CORK	1
CO063-060----	townland_ga|Ráth Phéacáin	1
CO063-062----	class|ss	1
CO063-062----	county|CORK	1
CO063-062----	townland_ga|Ráth Phéacáin	1
CO063-063----	class|ss	1
CO063-063----	county|CORK	1
CO063-063----	townland_ga|An Cheathrú	1
CO063-064----	class|ss	1
CO063-064----	county|CORK	1
CO063-064----	townland_ga|An Cheathrú	1
CO063-066----	class|ss	1
CO063-066----	county|CORK	1
CO063-070----	class|ss	1
CO063-070----	county|CORK	1
CO063-071----	class|ss	1
CO063-071----	county|CORK	1
CO063-072----	class|ss	1
CO063-072----	county|CORK	1
CO063-073----	class|ss	1
CO063-073----	county|CORK	1
CO063-074----	class|ss	1
CO063-074----	county|CORK	1
CO063-077----	class|ss	1
CO063-077----	county|CORK	1
CO063-077----	townland_ga|Baile an Bhrioscaigh	1
CO063-078----	class|ss	1
CO063-078----	county|CORK	1
CO063-079----	class|ss	1
CO063-079----	county|CORK	1
CO063-080----	class|ss	1
CO063-080----	county|CORK	1
CO063-081----	class|ss	1
CO063-081----	county|CORK	1
CO063-083----	class|ss	1
CO063-083----	county|CORK	1
CO063-090----	class|ss	1
CO063-090----	county|CORK	1
CO063-091----	class|ss	1
CO063-091----	county|CORK	1
CO063-104----	class|ss	1
CO063-104----	county|CORK	1
CO063-104----	townland_ga|An Teampall Geal	1
CO063-105----	class|ss	1
CO063-105----	county|CORK	1
CO063-105----	townland_ga|Ráth an Uisce	1
CO063-106----	class|ss	1
CO063-106----	county|CORK	1
CO063-106----	townland_ga|Cnoc an Fhiaigh	1
CO063-111----	class|ss	1
CO063-111----	county|CORK	1
CO063-111----	townland_ga|An Cheathrú	1
CO063-117----	class|ss	1
CO063-117----	county|CORK	1
CO063-117----	townland_ga|An Mhóin Ard	1
CO063-118----	class|ss	1
CO063-118----	county|CORK	1
CO063-118----	townland_ga|An Mhóin Ard	1
CO064-027----	class|ss	1
CO064-027----	county|CORK	1
CO064-027----	townland_ga|Cill Chuáin	1
CO064-047----	class|ss	1
CO064-047----	county|CORK	1
CO064-047----	townland_ga|Eirmeatáiste	1
CO064-048----	class|ss	1
CO064-048----	county|CORK	1
CO064-048----	townland_ga|Eirmeatáiste	1
CO064-059----	class|ss	1
CO064-059----	county|CORK	1
CO064-059----	townland_ga|Baile an Mhistéalaigh	1
CO064-066----	class|ss	1
CO064-066----	county|CORK	1
CO064-066----	townland_ga|Baile na nGeimhleach	1
CO064-105----	class|ss	1
CO064-105----	county|CORK	1
CO064-105----	townland_ga|Na Garráin	1
CO065-014----	class|ss	1
CO065-014----	county|CORK	1
CO065-014----	townland_ga|Cnoc an Choim	1
CO065-022----	class|ss	1
CO065-022----	county|CORK	1
CO065-022----	townland_ga|Teampall na Carraige Theas	1
CO065-038----	class|ss	1
CO065-038----	county|CORK	1
CO065-038----	townland_ga|Cnoc na Gainimhe	1
CO065-090----	class|ss	1
CO065-090----	county|CORK	1
CO065-090----	townland_ga|Garrán Mhág	1
CO067-071----	class|ss	1
CO067-071----	county|CORK	1
CO067-071----	townland_ga|Mucros	1
CO067-091----	class|ss	1
CO067-091----	county|CORK	1
CO067-091----	townland_ga|Cill Chuaráin	1
CO069-019----	class|ss	1
CO069-019----	county|CORK	1
CO069-019----	townland_ga|An Rathúnach Thoir	1
CO069-021----	class|ss	1
CO069-021----	county|CORK	1
CO069-031----	class|ss	1
CO069-031----	county|CORK	1
CO069-033----	class|ss	1
CO069-033----	county|CORK	1
CO069-034----	class|ss	1
CO069-034----	county|CORK	1
CO069-035----	class|ss	1
CO069-035----	county|CORK	1
CO069-037----	class|ss	1
CO069-037----	county|CORK	1
CO069-042----	class|ss	1
CO069-042----	county|CORK	1
CO069-043----	class|ss	1
CO069-043----	county|CORK	1
CO069-044002-	class|ss	1
CO069-044002-	county|CORK	1
CO069-046----	class|ss	1
CO069-046----	county|CORK	1
CO069-085----	class|ss	1
CO069-085----	county|CORK	1
CO069-086----	class|ss	1
CO069-086----	county|CORK	1
CO069-089----	class|ss	1
CO069-089----	county|CORK	1
CO069-091----	class|ss	1
CO069-091----	county|CORK	1
CO070-002----	class|ss	1
CO070-002----	county|CORK	1
CO070-004----	class|ss	1
CO070-004----	county|CORK	1
CO070-007----	class|ss	1
CO070-007----	county|CORK	1
CO070-012----	class|ss	1
CO070-012----	county|CORK	1
CO070-014----	class|ss	1
CO070-014----	county|CORK	1
CO070-014----	townland_ga|Cúil an Chraosaigh	1
CO070-019001-	class|ss	1
CO070-019001-	county|CORK	1
CO070-019001-	townland_ga|Lios an Chraosaigh	1
CO070-019002-	class|ss	1
CO070-019002-	county|CORK	1
CO070-019002-	townland_ga|Lios an Chraosaigh	1
CO070-020----	class|ss	1
CO070-020----	county|CORK	1
CO070-020----	townland_ga|Lios an Chraosaigh	1
CO070-023001-	class|ss	1
CO070-023001-	county|CORK	1
CO070-023001-	townland_ga|Carraig na Madraí	1
CO070-023002-	class|ss	1
CO070-023002-	county|CORK	1
CO070-023002-	townland_ga|Carraig na Madraí	1
CO070-028002-	class|ss	1
CO070-028002-	county|CORK	1
CO070-028002-	townland_ga|Cill an Chloig	1
CO070-029----	class|ss	1
CO070-029----	county|CORK	1
CO070-029----	townland_ga|Cill an Chloig	1
CO070-031----	class|ss	1
CO070-031----	county|CORK	1
CO070-031----	townland_ga|Cill an Chloig	1
CO070-042----	class|ss	1
CO070-042----	county|CORK	1
CO070-042----	townland_ga|Ard na Croise	1
CO070-049----	class|ss	1
CO070-049----	county|CORK	1
CO070-049----	townland_ga|Códrom	1
CO070-057002-	class|ss	1
CO070-057002-	county|CORK	1
CO070-058----	class|ss	1
CO070-058----	county|CORK	1
CO070-059----	class|ss	1
CO070-059----	county|CORK	1
CO070-062----	class|ss	1
CO070-062----	county|CORK	1
CO070-065001-	class|ss	1
CO070-065001-	county|CORK	1
CO070-065002-	class|ss	1
CO070-065002-	county|CORK	1
CO070-068----	class|ss	1
CO070-068----	county|CORK	1
CO070-072----	class|ss	1
CO070-072----	county|CORK	1
CO070-073----	class|ss	1
CO070-073----	county|CORK	1
CO070-075----	class|ss	1
CO070-075----	county|CORK	1
CO070-079----	class|ss	1
CO070-079----	county|CORK	1
CO070-079----	townland_ga|Inse an Líonáin	1
CO070-082002-	class|ss	1
CO070-082002-	county|CORK	1
CO070-085----	class|ss	1
CO070-085----	county|CORK	1
CO070-085----	townland_ga|Ráth Luíoch Theas	1
CO070-086----	class|ss	1
CO070-086----	county|CORK	1
CO070-086----	townland_ga|Ráth Luíoch Theas	1
CO070-087----	class|ss	1
CO070-087----	county|CORK	1
CO070-087----	townland_ga|Ráth Luíoch Theas	1
CO070-093----	class|ss	1
CO070-093----	county|CORK	1
CO070-094----	class|ss	1
CO070-094----	county|CORK	1
CO070-094----	townland_ga|An Cnoc Rua	1
CO070-095----	class|ss	1
CO070-095----	county|CORK	1
CO070-095----	townland_ga|An Cnoc Rua	1
CO070-096----	class|ss	1
CO070-096----	county|CORK	1
CO070-096----	townland_ga|An Cnoc Rua	1
CO070-097----	class|ss	1
CO070-097----	county|CORK	1
CO070-097----	townland_ga|An Cnoc Rua	1
CO070-098----	class|ss	1
CO070-098----	county|CORK	1
CO070-100----	class|ss	1
CO070-100----	county|CORK	1
CO070-107002-	class|ss	1
CO070-107002-	county|CORK	1
CO071-004----	class|ss	1
CO071-004----	county|CORK	1
CO071-004----	townland_ga|Baile Uí Bhioráin	1
CO071-011----	class|ss	1
CO071-011----	county|CORK	1
CO071-011----	townland_ga|Cúil Liatháin	1
CO071-013----	class|ss	1
CO071-013----	county|CORK	1
CO071-013----	townland_ga|An Bhéillic	1
CO071-019----	class|ss	1
CO071-019----	county|CORK	1
CO071-019----	townland_ga|An Bhéillic	1
CO071-022002-	class|ss	1
CO071-022002-	county|CORK	1
CO071-022002-	townland_ga|An tSeanchoill	1
CO071-024----	class|ss	1
CO071-024----	county|CORK	1
CO071-024----	townland_ga|An tSeanchoill	1
CO071-025----	class|ss	1
CO071-025----	county|CORK	1
CO071-025----	townland_ga|An tSeanchoill	1
CO071-028----	class|ss	1
CO071-028----	county|CORK	1
CO071-028----	townland_ga|Cúil Chise	1
CO071-030----	class|ss	1
CO071-030----	county|CORK	1
CO071-030----	townland_ga|Currach an Iarla	1
CO071-034002-	class|ss	1
CO071-034002-	county|CORK	1
CO071-034002-	townland_ga|Cnoc an Chrochaire	1
CO071-038----	class|ss	1
CO071-038----	county|CORK	1
CO071-038----	townland_ga|Cnoc an Chrochaire	1
CO071-055----	class|ss	1
CO071-055----	county|CORK	1
CO071-055----	townland_ga|An tIomaire	1
CO071-057----	class|ss	1
CO071-057----	county|CORK	1
CO071-057----	townland_ga|An tIomaire	1
CO071-078----	class|ss	1
CO071-078----	county|CORK	1
CO071-078----	townland_ga|Maigh Shalach	1
CO071-105----	class|ss	1
CO071-105----	county|CORK	1
CO071-105----	townland_ga|Cúil na Carraige	1
CO071-147----	class|ss	1
CO071-147----	county|CORK	1
CO071-147----	townland_ga|Inse na Seangán	1
CO071-152----	class|ss	1
CO071-152----	county|CORK	1
CO071-152----	townland_ga|An Drom Beag	1
CO071-157----	class|ss	1
CO071-157----	county|CORK	1
CO071-157----	townland_ga|Cúil na Carraige	1
CO072-002----	class|ss	1
CO072-002----	county|CORK	1
CO072-002----	townland_ga|Garrán na Carraige	1
CO072-010----	class|ss	1
CO072-010----	county|CORK	1
CO072-010----	townland_ga|Cluain Téide Mhór	1
CO072-027----	class|ss	1
CO072-027----	county|CORK	1
CO072-027----	townland_ga|Drom Gamhnach	1
CO072-031----	class|ss	1
CO072-031----	county|CORK	1
CO072-031----	townland_ga|Biorainn	1
CO072-053----	class|ss	1
CO072-053----	county|CORK	1
CO072-053----	townland_ga|Maigh Shalach	1
CO072-066----	class|ss	1
CO072-066----	county|CORK	1
CO072-066----	townland_ga|An Rú Mór	1
CO072-106----	class|ss	1
CO072-106----	county|CORK	1
CO072-106----	townland_ga|Baile an Éadaigh	1
CO072-132----	class|ss	1
CO072-132----	county|CORK	1
CO072-132----	townland_ga|Baile an Éadaigh	1
CO072-133----	class|ss	1
CO072-133----	county|CORK	1
CO072-133----	townland_ga|Clais an Iúir	1
CO073-007002-	class|ss	1
CO073-007002-	county|CORK	1
CO073-007002-	townland_ga|Ard-drom	1
CO073-017----	class|ss	1
CO073-017----	county|CORK	1
CO073-018----	class|ss	1
CO073-018----	county|CORK	1
CO073-019----	class|ss	1
CO073-019----	county|CORK	1
CO073-020----	class|ss	1
CO073-020----	county|CORK	1
CO073-021----	class|ss	1
CO073-021----	county|CORK	1
CO073-027----	class|ss	1
CO073-027----	county|CORK	1
CO073-027----	townland_ga|An Chora Liath	1
CO073-032----	class|ss	1
CO073-032----	county|CORK	1
CO073-032----	townland_ga|An Chora Bheag	1
CO073-040----	class|ss	1
CO073-040----	county|CORK	1
CO073-040----	townland_ga|Garbhachadh	1
CO073-066----	class|ss	1
CO073-066----	county|CORK	1
CO073-074----	class|ss	1
CO073-074----	county|CORK	1
CO073-103----	class|ss	1
CO073-103----	county|CORK	1
CO074-005----	class|ss	1
CO074-005----	county|CORK	1
CO074-005----	townland_ga|Na Cillíní	1
CO074-007----	class|ss	1
CO074-007----	county|CORK	1
CO074-007----	townland_ga|Na Cillíní	1
CO074-008----	class|ss	1
CO074-008----	county|CORK	1
CO074-008----	townland_ga|Na Cillíní	1
CO074-009----	class|ss	1
CO074-009----	county|CORK	1
CO074-009----	townland_ga|Na Cillíní	1
CO074-012----	class|ss	1
CO074-012----	county|CORK	1
CO074-012----	townland_ga|An Cloichín	1
CO074-013----	class|ss	1
CO074-013----	county|CORK	1
CO074-014----	class|ss	1
CO074-014----	county|CORK	1
CO074-015----	class|ss	1
CO074-015----	county|CORK	1
CO074-016----	class|ss	1
CO074-016----	county|CORK	1
CO074-066----	class|ss	1
CO074-066----	county|CORK	1
CO074-066----	townland_ga|Baile an Locha	1
CO074-124----	class|ss	1
CO074-124----	county|CORK	1
CO074-124----	townland_ga|Na Cillíní	1
CO074-125----	class|ss	1
CO074-125----	county|CORK	1
CO074-125----	townland_ga|Na Cillíní	1
CO074-127001-	class|ss	1
CO074-127001-	county|CORK	1
CO074-127001-	townland_ga|Na Cillíní	1
CO074-127002-	class|ss	1
CO074-127002-	county|CORK	1
CO074-127002-	townland_ga|Na Cillíní	1
CO076-050----	class|ss	1
CO076-050----	county|CORK	1
CO076-050----	townland_ga|Gaothrach	1
CO080-007----	class|ss	1
CO080-007----	county|CORK	1
CO080-011002-	class|ss	1
CO080-011002-	county|CORK	1
CO080-011002-	townland_ga|Doirín an Chollaigh	1
CO080-018002-	class|ss	1
CO080-018002-	county|CORK	1
CO080-018002-	townland_ga|Na Dúiníní	1
CO080-021----	class|ss	1
CO080-021----	county|CORK	1
CO080-070----	class|ss	1
CO080-070----	county|CORK	1
CO080-070----	townland_ga|Na Dúiníní	1
CO081-001----	class|ss	1
CO081-001----	county|CORK	1
CO081-004----	class|ss	1
CO081-004----	county|CORK	1
CO081-007----	class|ss	1
CO081-007----	county|CORK	1
CO081-014004-	class|ss	1
CO081-014004-	county|CORK	1
CO081-014004-	townland_ga|An Charraig Liath	1
CO081-022----	class|ss	1
CO081-022----	county|CORK	1
CO081-022----	townland_ga|Móin an Mhadra	1
CO081-025----	class|ss	1
CO081-025----	county|CORK	1
CO081-025----	townland_ga|Cuar an Ghrianáin	1
CO081-027----	class|ss	1
CO081-027----	county|CORK	1
CO081-027----	townland_ga|Gort na hOchtaí	1
CO081-031----	class|ss	1
CO081-031----	county|CORK	1
CO081-031----	townland_ga|Doire Ghort na Cloiche	1
CO082-002----	class|ss	1
CO082-002----	county|CORK	1
CO082-002----	townland_ga|An Ros Mór	1
CO082-003----	class|ss	1
CO082-003----	county|CORK	1
CO082-003----	townland_ga|An Chúilín	1
CO082-004----	class|ss	1
CO082-004----	county|CORK	1
CO082-004----	townland_ga|Cluain Siabhra Beag	1
CO082-007----	class|ss	1
CO082-007----	county|CORK	1
CO082-007----	townland_ga|An Glaisín	1
CO082-011----	class|ss	1
CO082-011----	county|CORK	1
CO082-011----	townland_ga|Inse na Naomh	1
CO082-022----	class|ss	1
CO082-022----	county|CORK	1
CO082-022----	townland_ga|Muine Choscair	1
CO082-024----	class|ss	1
CO082-024----	county|CORK	1
CO082-024----	townland_ga|Muine Choscair	1
CO082-027----	class|ss	1
CO082-027----	county|CORK	1
CO082-027----	townland_ga|Cnoc Amhráin	1
CO082-029----	class|ss	1
CO082-029----	county|CORK	1
CO082-029----	townland_ga|Cnoc Amhráin	1
CO082-030----	class|ss	1
CO082-030----	county|CORK	1
CO082-030----	townland_ga|Cnoc Amhráin	1
CO082-036----	class|ss	1
CO082-036----	county|CORK	1
CO082-036----	townland_ga|Tír Eiltín	1
CO082-057----	class|ss	1
CO082-057----	county|CORK	1
CO082-057----	townland_ga|Ros na Coille	1
CO082-058----	class|ss	1
CO082-058----	county|CORK	1
CO082-058----	townland_ga|Ros na Coille	1
CO082-062----	class|ss	1
CO082-062----	county|CORK	1
CO082-062----	townland_ga|An Coimín	1
CO082-069----	class|ss	1
CO082-069----	county|CORK	1
CO082-069----	townland_ga|An Charraig Bhuí	1
CO082-079----	class|ss	1
CO082-079----	county|CORK	1
CO082-079----	townland_ga|An Cnocán	1
CO082-082----	class|ss	1
CO082-082----	county|CORK	1
CO082-082----	townland_ga|An Cnocán	1
CO082-116----	class|ss	1
CO082-116----	county|CORK	1
CO082-116----	townland_ga|Cluain Siabhra Mór	1
CO083-005----	class|ss	1
CO083-005----	county|CORK	1
CO083-005----	townland_ga|Cill na Rómhánach	1
CO083-014----	class|ss	1
CO083-014----	county|CORK	1
CO083-014----	townland_ga|Dún Uisce	1
CO083-015----	class|ss	1
CO083-015----	county|CORK	1
CO083-015----	townland_ga|Dún Uisce	1
CO083-017----	class|ss	1
CO083-017----	county|CORK	1
CO083-017----	townland_ga|An Baile Trasna	1
CO083-030----	class|ss	1
CO083-030----	county|CORK	1
CO083-030----	townland_ga|Cúil na Seamróg	1
CO083-034----	class|ss	1
CO083-034----	county|CORK	1
CO083-034----	townland_ga|Ard na nIníon	1
CO083-041----	class|ss	1
CO083-041----	county|CORK	1
CO083-041----	townland_ga|Cliathrach	1
CO083-053----	class|ss	1
CO083-053----	county|CORK	1
CO083-053----	townland_ga|An Chúil Dubh	1
CO083-063001-	class|ss	1
CO083-063001-	county|CORK	1
CO083-063001-	townland_ga|Cloch Mochua	1
CO083-070----	class|ss	1
CO083-070----	county|CORK	1
CO083-070----	townland_ga|Cloch Dháith	1
CO083-081----	class|ss	1
CO083-081----	county|CORK	1
CO083-081----	townland_ga|An Cnoc Buí	1
CO083-085001-	class|ss	1
CO083-085001-	county|CORK	1
CO083-085001-	townland_ga|Cnoc na nAdharc	1
CO083-092----	class|ss	1
CO083-092----	county|CORK	1
CO083-092----	townland_ga|Currach Cloch	1
CO083-106----	class|ss	1
CO083-106----	county|CORK	1
CO083-106----	townland_ga|Pollraic	1
CO083-112002-	class|ss	1
CO083-112002-	county|CORK	1
CO083-112002-	townland_ga|Leacht Néill	1
CO084-005002-	class|ss	1
CO084-005002-	county|CORK	1
CO084-005002-	townland_ga|Cnoc Seanmhaí	1
CO084-035----	class|ss	1
CO084-035----	county|CORK	1
CO084-035----	townland_ga|Garrán na mBodach	1
CO084-039----	class|ss	1
CO084-039----	county|CORK	1
CO084-039----	townland_ga|An Cnocán Rua	1
CO084-056001-	class|ss	1
CO084-056001-	county|CORK	1
CO084-056001-	townland_ga|Cnoc an Mhadra	1
CO084-078002-	class|ss	1
CO084-078002-	county|CORK	1
CO084-078002-	townland_ga|Magh Sciach	1
CO084-079----	class|ss	1
CO084-079----	county|CORK	1
CO084-079----	townland_ga|Magh Sciach	1
CO084-110----	class|ss	1
CO084-110----	county|CORK	1
CO084-110----	townland_ga|Cnoc an Phréacháin	1
CO085-086----	class|ss	1
CO085-086----	county|CORK	1
CO085-086----	townland_ga|Lios Giolla Aodha	1
CO085-096----	class|ss	1
CO085-096----	county|CORK	1
CO085-096----	townland_ga|Lios Giolla Aodha	1
CO085-097----	class|ss	1
CO085-097----	county|CORK	1
CO085-097----	townland_ga|Lios Giolla Aodha	1
CO085-104----	class|ss	1
CO085-104----	county|CORK	1
CO085-104----	townland_ga|Baile an Bhrinsigh	1
CO086-018----	class|ss	1
CO086-018----	county|CORK	1
CO086-018----	townland_ga|Baile na gCromshúileach	1
CO086-034----	class|ss	1
CO086-034----	county|CORK	1
CO086-034----	townland_ga|Fearann an Rí	1
CO086-041----	class|ss	1
CO086-041----	county|CORK	1
CO086-041----	townland_ga|Baile an Mhígh	1
CO086-053----	class|ss	1
CO086-053----	county|CORK	1
CO086-053----	townland_ga|Baile an Réithigh Theas	1
CO086-089----	class|ss	1
CO086-089----	county|CORK	1
CO086-090----	class|ss	1
CO086-090----	county|CORK	1
CO086-091----	class|ss	1
CO086-091----	county|CORK	1
CO086-092----	class|ss	1
CO086-092----	county|CORK	1
CO086-110----	class|ss	1
CO086-110----	county|CORK	1
CO086-110----	townland_ga|Baile an Réithigh Theas	1
CO086-111----	class|ss	1
CO086-111----	county|CORK	1
CO086-111----	townland_ga|Baile an Réithigh	1
CO087-004----	class|ss	1
CO087-004----	county|CORK	1
CO087-004----	townland_ga|An tArd Mór	1
CO087-045----	class|ss	1
CO087-045----	county|CORK	1
CO087-045----	townland_ga|An Chúil Mhór	1
CO087-070----	class|ss	1
CO087-070----	county|CORK	1
CO087-070----	townland_ga|Baile Adhmaid	1
CO087-113----	class|ss	1
CO087-113----	county|CORK	1
CO087-113----	townland_ga|Baile Thoimicín	1
CO087-114----	class|ss	1
CO087-114----	county|CORK	1
CO087-114----	townland_ga|Baile Thoimicín	1
CO087-121----	class|ss	1
CO087-121----	county|CORK	1
CO088-017----	class|ss	1
CO088-017----	county|CORK	1
CO088-017----	townland_ga|Carraig an Chotaigh	1
CO088-116----	class|ss	1
CO088-116----	county|CORK	1
CO088-116----	townland_ga|Baile Thiobóid	1
CO089-028----	class|ss	1
CO089-028----	county|CORK	1
CO089-028----	townland_ga|Baile Dháibhí	1
CO090-002----	class|ss	1
CO090-002----	county|CORK	1
CO090-002----	townland_ga|Crosdoire Thoir	1
CO090-008001-	class|ss	1
CO090-008001-	county|CORK	1
CO090-008001-	townland_ga|An Rinn Mhín Thiar	1
CO090-023----	class|ss	1
CO090-023----	county|CORK	1
CO090-023----	townland_ga|Ceann Rúscach	1
CO090-034----	class|ss	1
CO090-034----	county|CORK	1
CO090-034----	townland_ga|Ceann Rúscach	1
CO091-007----	class|ss	1
CO091-007----	county|CORK	1
CO091-007----	townland_ga|Doire Dubh Mór	1
CO091-008----	class|ss	1
CO091-008----	county|CORK	1
CO091-008----	townland_ga|An Achaill Mhór	1
CO091-010009-	class|ss	1
CO091-010009-	county|CORK	1
CO091-010009-	townland_ga|Cuanán	1
CO091-020----	class|ss	1
CO091-020----	county|CORK	1
CO091-020----	townland_ga|An Fearann Fada	1
CO091-021----	class|ss	1
CO091-021----	county|CORK	1
CO091-021----	townland_ga|An Fearann Fada	1
CO091-065----	class|ss	1
CO091-065----	county|CORK	1
CO091-065----	townland_ga|An Currach Mór	1
CO092-002----	class|ss	1
CO092-002----	county|CORK	1
CO092-002----	townland_ga|An Macha	1
CO092-003----	class|ss	1
CO092-003----	county|CORK	1
CO092-003----	townland_ga|Cnocán Cos Dubh	1
CO092-008002-	class|ss	1
CO092-008002-	county|CORK	1
CO092-008002-	townland_ga|An Cheapach Bhuí Bheag	1
CO092-008004-	class|ss	1
CO092-008004-	county|CORK	1
CO092-008004-	townland_ga|An Cheapach Bhuí Bheag	1
CO092-009002-	class|ss	1
CO092-009002-	county|CORK	1
CO092-009002-	townland_ga|An Cheapach Bhuí Bheag	1
CO092-010----	class|ss	1
CO092-010----	county|CORK	1
CO092-010----	townland_ga|An Inse Rua	1
CO092-011----	class|ss	1
CO092-011----	county|CORK	1
CO092-011----	townland_ga|Na Dúiníní	1
CO092-017----	class|ss	1
CO092-017----	county|CORK	1
CO092-017----	townland_ga|Macha na Sailí	1
CO092-021----	class|ss	1
CO092-021----	county|CORK	1
CO092-021----	townland_ga|An Cheapach Bhuí Mhór	1
CO092-022----	class|ss	1
CO092-022----	county|CORK	1
CO092-022----	townland_ga|An Cheapach Bhuí Mhór	1
CO092-023002-	class|ss	1
CO092-023002-	county|CORK	1
CO092-023002-	townland_ga|An Cheapach Bhuí Mhór	1
CO092-024----	class|ss	1
CO092-024----	county|CORK	1
CO092-024----	townland_ga|An Cheapach Bhuí Mhór	1
CO092-036----	class|ss	1
CO092-036----	county|CORK	1
CO092-036----	townland_ga|Gort Luachra	1
CO092-037----	class|ss	1
CO092-037----	county|CORK	1
CO092-037----	townland_ga|Gort Luachra	1
CO092-048----	class|ss	1
CO092-048----	county|CORK	1
CO092-048----	townland_ga|Baile na mBocht	1
CO092-049----	class|ss	1
CO092-049----	county|CORK	1
CO092-049----	townland_ga|An Cuasán	1
CO092-050----	class|ss	1
CO092-050----	county|CORK	1
CO092-050----	townland_ga|An Cuasán	1
CO092-053002-	class|ss	1
CO092-053002-	county|CORK	1
CO092-053002-	townland_ga|An Cuasán	1
CO092-054----	class|ss	1
CO092-054----	county|CORK	1
CO092-054----	townland_ga|An Cuasán	1
CO092-077----	class|ss	1
CO092-077----	county|CORK	1
CO092-077----	townland_ga|An Cuasán	1
CO093-012----	class|ss	1
CO093-012----	county|CORK	1
CO093-012----	townland_ga|Cúil an Mhóinteáin	1
CO093-020----	class|ss	1
CO093-020----	county|CORK	1
CO093-020----	townland_ga|Doire Liath	1
CO093-026----	class|ss	1
CO093-026----	county|CORK	1
CO093-026----	townland_ga|An Tuairín	1
CO093-027001-	class|ss	1
CO093-027001-	county|CORK	1
CO093-027001-	townland_ga|An Tuairín	1
CO093-027003-	class|ss	1
CO093-027003-	county|CORK	1
CO093-027003-	townland_ga|An Tuairín	1
CO093-032----	class|ss	1
CO093-032----	county|CORK	1
CO093-032----	townland_ga|Seanchorrán Thoir	1
CO093-033----	class|ss	1
CO093-033----	county|CORK	1
CO093-033----	townland_ga|An Muine Réidh	1
CO093-038----	class|ss	1
CO093-038----	county|CORK	1
CO093-042----	class|ss	1
CO093-042----	county|CORK	1
CO093-042----	townland_ga|Fearann na hIníne	1
CO093-053----	class|ss	1
CO093-053----	county|CORK	1
CO093-053----	townland_ga|Inse an Choirce	1
CO093-055----	class|ss	1
CO093-055----	county|CORK	1
CO093-055----	townland_ga|Gleann Uí Chearnaigh	1
CO093-066001-	class|ss	1
CO093-066001-	county|CORK	1
CO093-067----	class|ss	1
CO093-067----	county|CORK	1
CO093-095----	class|ss	1
CO093-095----	county|CORK	1
CO093-095----	townland_ga|Seanchorrán Thoir	1
CO094-002002-	class|ss	1
CO094-002002-	county|CORK	1
CO094-002002-	townland_ga|Cill Sheanaigh	1
CO094-020----	class|ss	1
CO094-020----	county|CORK	1
CO094-020----	townland_ga|Clais an Bhriodáin	1
CO094-023----	class|ss	1
CO094-023----	county|CORK	1
CO094-023----	townland_ga|Sliabh Eoghain	1
CO094-027----	class|ss	1
CO094-027----	county|CORK	1
CO094-027----	townland_ga|Muine Dhaimh Thiar	1
CO094-041----	class|ss	1
CO094-041----	county|CORK	1
CO094-041----	townland_ga|Cill na dTor	1
CO094-048----	class|ss	1
CO094-048----	county|CORK	1
CO094-048----	townland_ga|Currach Draighneach	1
CO094-055----	class|ss	1
CO094-055----	county|CORK	1
CO094-055----	townland_ga|Áth na hArlaice	1
CO094-065----	class|ss	1
CO094-065----	county|CORK	1
CO094-065----	townland_ga|An Caipín Thoir	1
CO094-071003-	class|ss	1
CO094-071003-	county|CORK	1
CO094-071003-	townland_ga|Leaca na Sionnach	1
CO094-076----	class|ss	1
CO094-076----	county|CORK	1
CO094-076----	townland_ga|Ard Ceachan	1
CO094-081----	class|ss	1
CO094-081----	county|CORK	1
CO094-081----	townland_ga|Beithe an Ghalláin	1
CO094-091----	class|ss	1
CO094-091----	county|CORK	1
CO094-091----	townland_ga|Cinn Eich	1
CO094-095----	class|ss	1
CO094-095----	county|CORK	1
CO094-095----	townland_ga|Cinn Eich	1
CO094-096----	class|ss	1
CO094-096----	county|CORK	1
CO094-096----	townland_ga|Cinn Eich	1
CO094-106----	class|ss	1
CO094-106----	county|CORK	1
CO094-106----	townland_ga|Ard Cillín	1
CO095-015----	class|ss	1
CO095-015----	county|CORK	1
CO095-015----	townland_ga|An Garrán Riabhach	1
CO095-022----	class|ss	1
CO095-022----	county|CORK	1
CO095-022----	townland_ga|Binn Ghabhair Thiar	1
CO095-024----	class|ss	1
CO095-024----	county|CORK	1
CO095-024----	townland_ga|Binn Ghabhair Thiar	1
CO095-027002-	class|ss	1
CO095-027002-	county|CORK	1
CO095-027002-	townland_ga|Binn Ghabhair Thiar	1
CO095-032002-	class|ss	1
CO095-032002-	county|CORK	1
CO095-032002-	townland_ga|Binn Ghabhair Thoir	1
CO095-038----	class|ss	1
CO095-038----	county|CORK	1
CO095-038----	townland_ga|Muine na Croiche	1
CO095-047----	class|ss	1
CO095-047----	county|CORK	1
CO095-047----	townland_ga|An Bhiolrach Uachtarach	1
CO095-051----	class|ss	1
CO095-051----	county|CORK	1
CO095-051----	townland_ga|Fearann Mháirín	1
CO095-058----	class|ss	1
CO095-058----	county|CORK	1
CO095-058----	townland_ga|Láthair an Bhuailte	1
CO095-059----	class|ss	1
CO095-059----	county|CORK	1
CO095-059----	townland_ga|Láthair an Bhuailte	1
CO095-060----	class|ss	1
CO095-060----	county|CORK	1
CO095-060----	townland_ga|Láthair an Bhuailte	1
CO095-063----	class|ss	1
CO095-063----	county|CORK	1
CO095-063----	townland_ga|Coill an Aoire	1
CO095-068001-	class|ss	1
CO095-068001-	county|CORK	1
CO095-068001-	townland_ga|Cúil Eanach	1
CO095-078----	class|ss	1
CO095-078----	county|CORK	1
CO095-078----	townland_ga|Cluain Ó Mearaigh	1
CO095-082----	class|ss	1
CO095-082----	county|CORK	1
CO095-082----	townland_ga|Cill na gCanánach Thoir	1
CO095-083----	class|ss	1
CO095-083----	county|CORK	1
CO095-083----	townland_ga|Cill na gCanánach Thoir	1
CO095-084----	class|ss	1
CO095-084----	county|CORK	1
CO095-084----	townland_ga|Cill na gCanánach Thoir	1
CO095-085----	class|ss	1
CO095-085----	county|CORK	1
CO095-085----	townland_ga|An Cuar Liath	1
CO095-086----	class|ss	1
CO095-086----	county|CORK	1
CO095-086----	townland_ga|An Cuar Liath	1
CO095-087----	class|ss	1
CO095-087----	county|CORK	1
CO095-087----	townland_ga|Fearann Thomáis	1
CO095-105----	class|ss	1
CO095-105----	county|CORK	1
CO095-105----	townland_ga|Fearann an Locha	1
CO095-116----	class|ss	1
CO095-116----	county|CORK	1
CO095-116----	townland_ga|Cill na gCanánach Thoir	1
CO096-004----	class|ss	1
CO096-004----	county|CORK	1
CO096-004----	townland_ga|Cill Bharra	1
CO096-013----	class|ss	1
CO096-013----	county|CORK	1
CO096-013----	townland_ga|Caisleán na Leacht	1
CO096-022----	class|ss	1
CO096-022----	county|CORK	1
CO096-022----	townland_ga|Coill na gCneadach	1
CO096-024----	class|ss	1
CO096-024----	county|CORK	1
CO096-024----	townland_ga|Coill na gCneadach	1
CO096-066----	class|ss	1
CO096-066----	county|CORK	1
CO096-066----	townland_ga|Cnoc an Ruiséalaigh	1
CO096-077----	class|ss	1
CO096-077----	county|CORK	1
CO096-077----	townland_ga|Coill na gCneadach	1
CO097-045----	class|ss	1
CO097-045----	county|CORK	1
CO097-045----	townland_ga|Sceach Mhainchise	1
CO097-046----	class|ss	1
CO097-046----	county|CORK	1
CO097-046----	townland_ga|Sceach Mhainchise	1
CO097-064----	class|ss	1
CO097-064----	county|CORK	1
CO097-064----	townland_ga|An Bán Liath	1
CO098-008----	class|ss	1
CO098-008----	county|CORK	1
CO098-008----	townland_ga|Cúil Saileach	1
CO098-009----	class|ss	1
CO098-009----	county|CORK	1
CO098-009----	townland_ga|Cill Mhóna	1
CO098-010----	class|ss	1
CO098-010----	county|CORK	1
CO098-010----	townland_ga|Cill Mhóna	1
CO098-011----	class|ss	1
CO098-011----	county|CORK	1
CO098-011----	townland_ga|Cill Mhóna	1
CO098-012----	class|ss	1
CO098-012----	county|CORK	1
CO098-012----	townland_ga|Cill Mhóna	1
CO098-073----	class|ss	1
CO098-073----	county|CORK	1
CO098-073----	townland_ga|Bordaí	1
CO098-074----	class|ss	1
CO098-074----	county|CORK	1
CO098-074----	townland_ga|Bordaí	1
CO098-075----	class|ss	1
CO098-075----	county|CORK	1
CO098-075----	townland_ga|An Sliabh Rua	1
CO098-076----	class|ss	1
CO098-076----	county|CORK	1
CO098-076----	townland_ga|Bordaí	1
CO098-077----	class|ss	1
CO098-077----	county|CORK	1
CO098-077----	townland_ga|Bordaí	1
CO098-080----	class|ss	1
CO098-080----	county|CORK	1
CO098-080----	townland_ga|Gleann Aodha	1
CO099-012----	class|ss	1
CO099-012----	county|CORK	1
CO099-012----	townland_ga|Rinn an Bhrú	1
CO099-046001-	class|ss	1
CO099-046001-	county|CORK	1
CO099-046001-	townland_ga|Baile Uí Chrosáin	1
CO099-046002-	class|ss	1
CO099-046002-	county|CORK	1
CO099-046002-	townland_ga|Baile Uí Chrosáin	1
CO099-063----	class|ss	1
CO099-063----	county|CORK	1
CO099-063----	townland_ga|Achadh Mhártain	1
CO099-099----	class|ss	1
CO099-099----	county|CORK	1
CO099-099----	townland_ga|Bordaí	1
CO099-109----	class|ss	1
CO099-109----	county|CORK	1
CO099-109----	townland_ga|Bordaí	1
CO100-055----	class|ss	1
CO100-055----	county|CORK	1
CO100-055----	townland_ga|Baile Mhic Cróinín Thiar	1
CO101-003----	class|ss	1
CO101-003----	county|CORK	1
CO101-003----	townland_ga|Cill Chaitiairn	1
CO101-004----	class|ss	1
CO101-004----	county|CORK	1
CO101-004----	townland_ga|Cill Chaitiairn	1
CO102-003----	class|ss	1
CO102-003----	county|CORK	1
CO102-003----	townland_ga|Dhá Dhrom Amuigh	1
CO102-004008-	class|ss	1
CO102-004008-	county|CORK	1
CO102-004008-	townland_ga|Dhá Dhrom Amuigh	1
CO102-005007-	class|ss	1
CO102-005007-	county|CORK	1
CO102-005007-	townland_ga|Dhá Dhrom Amuigh	1
CO102-006002-	class|ss	1
CO102-006002-	county|CORK	1
CO102-006002-	townland_ga|Dhá Dhrom Amuigh	1
CO102-015----	class|ss	1
CO102-015----	county|CORK	1
CO102-015----	townland_ga|Na Barraí	1
CO102-020----	class|ss	1
CO102-020----	county|CORK	1
CO102-020----	townland_ga|Na hInsí	1
CO102-024001-	class|ss	1
CO102-024001-	county|CORK	1
CO102-024001-	townland_ga|Cill Mhic Eoghain	1
CO102-040001-	class|ss	1
CO102-040001-	county|CORK	1
CO102-040001-	townland_ga|Dhá Dhrom Amuigh	1
CO102-041008-	class|ss	1
CO102-041008-	county|CORK	1
CO102-041008-	townland_ga|Dhá Dhrom Amuigh	1
CO102-057----	class|ss	1
CO102-057----	county|CORK	1
CO103-004----	class|ss	1
CO103-004----	county|CORK	1
CO103-004----	townland_ga|Drom Garbháin	1
CO103-005----	class|ss	1
CO103-005----	county|CORK	1
CO103-005----	townland_ga|An Cheapach Liath Thuaidh	1
CO103-008----	class|ss	1
CO103-008----	county|CORK	1
CO103-008----	townland_ga|Coill Droma Limh	1
CO103-013----	class|ss	1
CO103-013----	county|CORK	1
CO103-013----	townland_ga|Liatroim Mór	1
CO104-006----	class|ss	1
CO104-006----	county|CORK	1
CO104-006----	townland_ga|Liatroim Beag	1
CO104-009----	class|ss	1
CO104-009----	county|CORK	1
CO104-009----	townland_ga|Cuileannach	1
CO104-011----	class|ss	1
CO104-011----	county|CORK	1
CO104-011----	townland_ga|Caol an Ghabhláin	1
CO104-012----	class|ss	1
CO104-012----	county|CORK	1
CO104-012----	townland_ga|Caol an Ghabhláin	1
CO104-029----	class|ss	1
CO104-029----	county|CORK	1
CO104-029----	townland_ga|Trá Chaisil	1
CO105-006----	class|ss	1
CO105-006----	county|CORK	1
CO105-006----	townland_ga|Cuar Uí Laoire	1
CO105-009----	class|ss	1
CO105-009----	county|CORK	1
CO105-009----	townland_ga|An Lisín	1
CO105-010----	class|ss	1
CO105-010----	county|CORK	1
CO105-010----	townland_ga|An Lisín	1
CO105-027----	class|ss	1
CO105-027----	county|CORK	1
CO105-027----	townland_ga|An Seandrom Beag	1
CO105-062001-	class|ss	1
CO105-062001-	county|CORK	1
CO105-062001-	townland_ga|An Gort Rua	1
CO105-063----	class|ss	1
CO105-063----	county|CORK	1
CO105-063----	townland_ga|Drom Bró	1
CO105-065----	class|ss	1
CO105-065----	county|CORK	1
CO105-065----	townland_ga|An Fearann Fada	1
CO105-066----	class|ss	1
CO105-066----	county|CORK	1
CO105-066----	townland_ga|An Fearann Fada	1
CO105-067----	class|ss	1
CO105-067----	county|CORK	1
CO105-067----	townland_ga|Caol an Eidhinn	1
CO105-068----	class|ss	1
CO105-068----	county|CORK	1
CO105-068----	townland_ga|Caol an Eidhinn	1
CO105-071----	class|ss	1
CO105-071----	county|CORK	1
CO105-071----	townland_ga|An Seandrom Beag	1
CO106-013----	class|ss	1
CO106-013----	county|CORK	1
CO106-013----	townland_ga|Macha na Cléibhe	1
CO106-014002-	class|ss	1
CO106-014002-	county|CORK	1
CO106-014002-	townland_ga|Macha na Cléibhe	1
CO106-017----	class|ss	1
CO106-017----	county|CORK	1
CO106-017----	townland_ga|An Cuasán	1
CO106-020002-	class|ss	1
CO106-020002-	county|CORK	1
CO106-020002-	townland_ga|Meall Uí Chaoimh	1
CO106-021----	class|ss	1
CO106-021----	county|CORK	1
CO106-021----	townland_ga|Meall Uí Chaoimh	1
CO106-023----	class|ss	1
CO106-023----	county|CORK	1
CO106-023----	townland_ga|Meall Uí Chaoimh	1
CO106-036----	class|ss	1
CO106-036----	county|CORK	1
CO106-036----	townland_ga|An Com Liath Thoir	1
CO106-037----	class|ss	1
CO106-037----	county|CORK	1
CO106-037----	townland_ga|An Com Liath Thoir	1
CO106-038----	class|ss	1
CO106-038----	county|CORK	1
CO106-038----	townland_ga|An Com Liath Thoir	1
CO106-040----	class|ss	1
CO106-040----	county|CORK	1
CO106-040----	townland_ga|Gabhal an Chuilinn	1
CO106-047----	class|ss	1
CO106-047----	county|CORK	1
CO106-047----	townland_ga|Cluain Uí Ghormáin	1
CO106-049----	class|ss	1
CO106-049----	county|CORK	1
CO106-049----	townland_ga|Cluain Uí Ghormáin	1
CO106-050----	class|ss	1
CO106-050----	county|CORK	1
CO106-050----	townland_ga|Gleann Banbha Uachtarach	1
CO106-057----	class|ss	1
CO106-057----	county|CORK	1
CO106-057----	townland_ga|Doire Uí Earcáin	1
CO106-058----	class|ss	1
CO106-058----	county|CORK	1
CO106-058----	townland_ga|An Garrán Thuaidh	1
CO106-059----	class|ss	1
CO106-059----	county|CORK	1
CO106-059----	townland_ga|Liataire Uachtarach	1
CO106-060----	class|ss	1
CO106-060----	county|CORK	1
CO106-060----	townland_ga|Liataire Uachtarach	1
CO106-065----	class|ss	1
CO106-065----	county|CORK	1
CO106-065----	townland_ga|Doirín an Chríonaigh Thoir	1
CO106-077002-	class|ss	1
CO106-077002-	county|CORK	1
CO106-077002-	townland_ga|Doire Uí Earcáin	1
CO106-092----	class|ss	1
CO106-092----	county|CORK	1
CO106-092----	townland_ga|Barr na nGabhlán Thoir	1
CO106-112----	class|ss	1
CO106-112----	county|CORK	1
CO106-112----	townland_ga|An Cuasán	1
CO106-114----	class|ss	1
CO106-114----	county|CORK	1
CO106-114----	townland_ga|Meall an Reithe	1
CO107-001----	class|ss	1
CO107-001----	county|CORK	1
CO107-001----	townland_ga|Gabhal an Chuilinn	1
CO107-006001-	class|ss	1
CO107-006001-	county|CORK	1
CO107-011003-	class|ss	1
CO107-011003-	county|CORK	1
CO107-011003-	townland_ga|Doirín na Cathrach	1
CO107-011004-	class|ss	1
CO107-011004-	county|CORK	1
CO107-011004-	townland_ga|Doirín na Cathrach	1
CO107-015----	class|ss	1
CO107-015----	county|CORK	1
CO107-015----	townland_ga|Doire na Sámhthach	1
CO107-016----	class|ss	1
CO107-016----	county|CORK	1
CO107-016----	townland_ga|Doire na Sámhthach	1
CO107-017----	class|ss	1
CO107-017----	county|CORK	1
CO107-017----	townland_ga|Doire na Sámhthach	1
CO107-018----	class|ss	1
CO107-018----	county|CORK	1
CO107-018----	townland_ga|Doire na Sámhthach	1
CO107-019----	class|ss	1
CO107-019----	county|CORK	1
CO107-019----	townland_ga|Doire na Sámhthach	1
CO107-027----	class|ss	1
CO107-027----	county|CORK	1
CO107-027----	townland_ga|Cúil Cheiliúir	1
CO107-032----	class|ss	1
CO107-032----	county|CORK	1
CO107-032----	townland_ga|Cluainte Uí Chuirc	1
CO107-034----	class|ss	1
CO107-034----	county|CORK	1
CO107-034----	townland_ga|Dún Mánmhaí Thuaidh	1
CO107-041----	class|ss	1
CO107-041----	county|CORK	1
CO107-041----	townland_ga|Sailcheartán	1
CO107-044----	class|ss	1
CO107-044----	county|CORK	1
CO107-063----	class|ss	1
CO107-063----	county|CORK	1
CO107-063----	townland_ga|Doirín na Cathrach	1
CO108-036----	class|ss	1
CO108-036----	county|CORK	1
CO108-036----	townland_ga|Cnoc an Éadain	1
CO108-037----	class|ss	1
CO108-037----	county|CORK	1
CO108-037----	townland_ga|Cnoc an Éadain	1
CO108-046----	class|ss	1
CO108-046----	county|CORK	1
CO108-046----	townland_ga|Inse Fionn	1
CO108-050----	class|ss	1
CO108-050----	county|CORK	1
CO108-050----	townland_ga|Inse Fionn	1
CO108-053----	class|ss	1
CO108-053----	county|CORK	1
CO108-053----	townland_ga|Bun an Iomaire	1
CO109-013----	class|ss	1
CO109-013----	county|CORK	1
CO109-013----	townland_ga|Drom an Mheáin	1
CO109-016002-	class|ss	1
CO109-016002-	county|CORK	1
CO109-016002-	townland_ga|Cill Eoghain	1
CO109-102----	class|ss	1
CO109-102----	county|CORK	1
CO109-102----	townland_ga|An Caiseal Mór	1
CO110-005----	class|ss	1
CO110-005----	county|CORK	1
CO110-005----	townland_ga|Cill Fhiontain	1
CO110-010----	class|ss	1
CO110-010----	county|CORK	1
CO110-010----	townland_ga|Cora Chloch	1
CO110-024----	class|ss	1
CO110-024----	county|CORK	1
CO110-024----	townland_ga|Cnoc Brógáin	1
CO110-026----	class|ss	1
CO110-026----	county|CORK	1
CO110-026----	townland_ga|Cloch Mhic Shíomoin	1
CO110-032----	class|ss	1
CO110-032----	county|CORK	1
CO110-032----	townland_ga|An Cnocán Riabhach	1
CO110-034----	class|ss	1
CO110-034----	county|CORK	1
CO110-034----	townland_ga|Cora Bhríde Thiar	1
CO110-036----	class|ss	1
CO110-036----	county|CORK	1
CO110-036----	townland_ga|Móin an Róin	1
CO110-062002-	class|ss	1
CO110-062002-	county|CORK	1
CO110-062002-	townland_ga|Tulaigh Fhaoláin	1
CO110-066----	class|ss	1
CO110-066----	county|CORK	1
CO110-066----	townland_ga|Na Móiníní	1
CO110-074----	class|ss	1
CO110-074----	county|CORK	1
CO110-074----	townland_ga|Ráth Sheathrúin Thoir	1
CO111-001----	class|ss	1
CO111-001----	county|CORK	1
CO111-013001-	class|ss	1
CO111-013001-	county|CORK	1
CO111-013001-	townland_ga|Sliabh Gallán	1
CO111-013002-	class|ss	1
CO111-013002-	county|CORK	1
CO111-013002-	townland_ga|Sliabh Gallán	1
CO111-014----	class|ss	1
CO111-014----	county|CORK	1
CO111-014----	townland_ga|Doire na gCaisí	1
CO111-023----	class|ss	1
CO111-023----	county|CORK	1
CO111-028----	class|ss	1
CO111-028----	county|CORK	1
CO111-028----	townland_ga|Cnoc an Smálaigh	1
CO111-032----	class|ss	1
CO111-032----	county|CORK	1
CO111-051----	class|ss	1
CO111-051----	county|CORK	1
CO111-051----	townland_ga|Ráth Drochta	1
CO112-009----	class|ss	1
CO112-009----	county|CORK	1
CO112-009----	townland_ga|Cnoc an Chabha Léith Beag	1
CO112-017----	class|ss	1
CO112-017----	county|CORK	1
CO112-017----	townland_ga|Baile an Mhistéalaigh Thoir	1
CO112-022----	class|ss	1
CO112-022----	county|CORK	1
CO112-022----	townland_ga|Cnoc an Chuilinn	1
CO112-028----	class|ss	1
CO112-028----	county|CORK	1
CO112-028----	townland_ga|Baile Uí Bhioráin Theas	1
CO114-001----	class|ss	1
CO114-001----	county|CORK	1
CO114-001----	townland_ga|Ard an Chloiginn	1
CO114-004001-	class|ss	1
CO114-004001-	county|CORK	1
CO114-004001-	townland_ga|An Chuailleach	1
CO114-004002-	class|ss	1
CO114-004002-	county|CORK	1
CO114-004002-	townland_ga|An Chuailleach	1
CO114-004003-	class|ss	1
CO114-004003-	county|CORK	1
CO114-004003-	townland_ga|An Chuailleach	1
CO114-005001-	class|ss	1
CO114-005001-	county|CORK	1
CO114-005001-	townland_ga|An Chuailleach	1
CO114-005002-	class|ss	1
CO114-005002-	county|CORK	1
CO114-005002-	townland_ga|An Chuailleach	1
CO114-006----	class|ss	1
CO114-006----	county|CORK	1
CO114-006----	townland_ga|An Chuailleach	1
CO114-009----	class|ss	1
CO114-009----	county|CORK	1
CO114-009----	townland_ga|Na hAoraí	1
CO114-015----	class|ss	1
CO114-015----	county|CORK	1
CO114-015----	townland_ga|Cathair Choinn	1
CO114-018----	class|ss	1
CO114-018----	county|CORK	1
CO114-018----	townland_ga|Cathair Choinn	1
CO114-019----	class|ss	1
CO114-019----	county|CORK	1
CO114-019----	townland_ga|Iorthan	1
CO114-031----	class|ss	1
CO114-031----	county|CORK	1
CO114-031----	townland_ga|An Chaológ	1
CO114-035001-	class|ss	1
CO114-035001-	county|CORK	1
CO114-035001-	townland_ga|Tír na hAidhleann	1
CO114-043----	class|ss	1
CO114-043----	county|CORK	1
CO114-043----	townland_ga|Iorthan	1
CO114-046002-	class|ss	1
CO114-046002-	county|CORK	1
CO114-046002-	townland_ga|Iorthan	1
CO114-049001-	class|ss	1
CO114-049001-	county|CORK	1
CO114-049001-	townland_ga|Cnoc Cumhra	1
CO114-063----	class|ss	1
CO114-063----	county|CORK	1
CO114-063----	townland_ga|Cnoc Cumhra	1
CO114-075001-	class|ss	1
CO114-075001-	county|CORK	1
CO114-075001-	townland_ga|Na hInsí	1
CO115-001----	class|ss	1
CO115-001----	county|CORK	1
CO115-001----	townland_ga|An Crompán	1
CO115-004----	class|ss	1
CO115-004----	county|CORK	1
CO115-004----	townland_ga|Cill Mhic Eoghain	1
CO115-005----	class|ss	1
CO115-005----	county|CORK	1
CO115-005----	townland_ga|Cill Mhic Eoghain	1
CO115-024001-	class|ss	1
CO115-024001-	county|CORK	1
CO115-024001-	townland_ga|Doire Mheithean Thiar	1
CO115-026003-	class|ss	1
CO115-026003-	county|CORK	1
CO115-026003-	townland_ga|Doire Mheithean Thiar	1
CO115-029----	class|ss	1
CO115-029----	county|CORK	1
CO115-029----	townland_ga|Doire Mheithean Thiar	1
CO115-031002-	class|ss	1
CO115-031002-	county|CORK	1
CO115-031002-	townland_ga|An Róidín	1
CO115-032----	class|ss	1
CO115-032----	county|CORK	1
CO115-032----	townland_ga|An Róidín	1
CO115-033----	class|ss	1
CO115-033----	county|CORK	1
CO115-033----	townland_ga|An Róidín	1
CO115-036----	class|ss	1
CO115-036----	county|CORK	1
CO115-036----	townland_ga|Doire Mheithean Thoir	1
CO115-038001-	class|ss	1
CO115-038001-	county|CORK	1
CO115-038001-	townland_ga|Ceapaigh an Mhuicí	1
CO115-039002-	class|ss	1
CO115-039002-	county|CORK	1
CO115-039002-	townland_ga|Ros Mhic Eoghain	1
CO115-039003-	class|ss	1
CO115-039003-	county|CORK	1
CO115-039003-	townland_ga|Ros Mhic Eoghain	1
CO115-039004-	class|ss	1
CO115-039004-	county|CORK	1
CO115-039004-	townland_ga|Cnoc an Chuilinn	1
CO115-040----	class|ss	1
CO115-040----	county|CORK	1
CO115-040----	townland_ga|An Currach Dubh	1
CO115-046----	class|ss	1
CO115-046----	county|CORK	1
CO115-046----	townland_ga|An Drom Thuaidh	1
CO115-047----	class|ss	1
CO115-047----	county|CORK	1
CO115-047----	townland_ga|Doirín an tSagairt Láir	1
CO115-048002-	class|ss	1
CO115-048002-	county|CORK	1
CO115-048002-	townland_ga|An Drom Thuaidh	1
CO115-052001-	class|ss	1
CO115-052001-	county|CORK	1
CO115-052001-	townland_ga|Doirín an tSagairt Láir	1
CO115-052002-	class|ss	1
CO115-052002-	county|CORK	1
CO115-052002-	townland_ga|Doirín an tSagairt Láir	1
CO115-053----	class|ss	1
CO115-053----	county|CORK	1
CO115-053----	townland_ga|Doirín an tSagairt Láir	1
CO115-065----	class|ss	1
CO115-065----	county|CORK	1
CO115-065----	townland_ga|An Róidín	1
CO115-068----	class|ss	1
CO115-068----	county|CORK	1
CO115-068----	townland_ga|An Failleán Láir	1
CO115-075----	class|ss	1
CO115-075----	county|CORK	1
CO115-075----	townland_ga|An Baile Ard	1
CO115-083002-	class|ss	1
CO115-083002-	county|CORK	1
CO115-083002-	townland_ga|An Crompán	1
CO115-088----	class|ss	1
CO115-088----	county|CORK	1
CO115-088----	townland_ga|An Róidín	1
CO115-089----	class|ss	1
CO115-089----	county|CORK	1
CO115-089----	townland_ga|An Róidín	1
CO115-095----	class|ss	1
CO115-095----	county|CORK	1
CO115-095----	townland_ga|Doire Mheithean Thiar	1
CO115-097----	class|ss	1
CO115-097----	county|CORK	1
CO115-097----	townland_ga|An Róidín	1
CO115-099----	class|ss	1
CO115-099----	county|CORK	1
CO115-099----	townland_ga|Doire Mheithean Thoir	1
CO115-113001-	class|ss	1
CO115-113001-	county|CORK	1
CO115-113001-	townland_ga|Moing an Duibh	1
CO115-117----	class|ss	1
CO115-117----	county|CORK	1
CO115-117----	townland_ga|Doirín an tSagairt Thoir	1
CO115-120----	class|ss	1
CO115-120----	county|CORK	1
CO115-120----	townland_ga|Doirín an tSagairt Thoir	1
CO115-125----	class|ss	1
CO115-125----	county|CORK	1
CO115-125----	townland_ga|Doire Mheithean Thiar	1
CO115-128----	class|ss	1
CO115-128----	county|CORK	1
CO115-128----	townland_ga|Doirín an tSagairt Láir	1
CO115-155----	class|ss	1
CO115-155----	county|CORK	1
CO115-155----	townland_ga|Cluain Troim	1
CO115-156----	class|ss	1
CO115-156----	county|CORK	1
CO115-156----	townland_ga|Cluain Troim	1
CO115-161----	class|ss	1
CO115-161----	county|CORK	1
CO115-161----	townland_ga|Doire Craoibhín	1
CO116-001----	class|ss	1
CO116-001----	county|CORK	1
CO116-001----	townland_ga|Com Ghadhra	1
CO116-003----	class|ss	1
CO116-003----	county|CORK	1
CO116-003----	townland_ga|Ceapach na Páirce Thoir	1
CO116-007002-	class|ss	1
CO116-007002-	county|CORK	1
CO116-007002-	townland_ga|An Cheapach Liath Thuaidh	1
CO116-016----	class|ss	1
CO116-016----	county|CORK	1
CO116-016----	townland_ga|An Ladhar	1
CO116-017----	class|ss	1
CO116-017----	county|CORK	1
CO116-017----	townland_ga|An Ladhar	1
CO116-020----	class|ss	1
CO116-020----	county|CORK	1
CO116-020----	townland_ga|Ros Mhic Eoghain	1
CO116-022----	class|ss	1
CO116-022----	county|CORK	1
CO116-022----	townland_ga|An Cheapach Liath Thuaidh	1
CO116-023----	class|ss	1
CO116-023----	county|CORK	1
CO116-023----	townland_ga|An Charraig	1
CO116-024----	class|ss	1
CO116-024----	county|CORK	1
CO116-024----	townland_ga|An Charraig	1
CO116-038----	class|ss	1
CO116-038----	county|CORK	1
CO116-038----	townland_ga|An Doirín Íochtarach	1
CO116-039----	class|ss	1
CO116-039----	county|CORK	1
CO116-039----	townland_ga|Drom Leamh	1
CO116-052----	class|ss	1
CO116-052----	county|CORK	1
CO116-052----	townland_ga|Ard Rátha Thoir	1
CO117-007----	class|ss	1
CO117-007----	county|CORK	1
CO117-007----	townland_ga|Coill Trasna	1
CO117-015----	class|ss	1
CO117-015----	county|CORK	1
CO117-015----	townland_ga|Rúscach Thoir	1
CO118-007002-	class|ss	1
CO118-007002-	county|CORK	1
CO118-007002-	townland_ga|An Ráithín Mór	1
CO118-008001-	class|ss	1
CO118-008001-	county|CORK	1
CO118-008001-	townland_ga|An Ráithín	1
CO118-008002-	class|ss	1
CO118-008002-	county|CORK	1
CO118-008002-	townland_ga|An Ráithín	1
CO118-009002-	class|ss	1
CO118-009002-	county|CORK	1
CO118-009002-	townland_ga|An Ráithín	1
CO118-010002-	class|ss	1
CO118-010002-	county|CORK	1
CO118-010002-	townland_ga|Doire Geanach Thoir	1
CO118-015----	class|ss	1
CO118-015----	county|CORK	1
CO118-015----	townland_ga|Drom Cloch	1
CO118-017----	class|ss	1
CO118-017----	county|CORK	1
CO118-017----	townland_ga|An Trá	1
CO118-023----	class|ss	1
CO118-023----	county|CORK	1
CO118-035----	class|ss	1
CO118-035----	county|CORK	1
CO118-035----	townland_ga|An Scairt Bhán	1
CO118-037002-	class|ss	1
CO118-037002-	county|CORK	1
CO118-037002-	townland_ga|An Scairt Bhán	1
CO118-041----	class|ss	1
CO118-041----	county|CORK	1
CO118-041----	townland_ga|Ard na Gaoithe Mór	1
CO118-045002-	class|ss	1
CO118-045002-	county|CORK	1
CO118-045002-	townland_ga|An Barr Gorm	1
CO118-047----	class|ss	1
CO118-047----	county|CORK	1
CO118-047----	townland_ga|Trá Líobáin	1
CO118-049----	class|ss	1
CO118-049----	county|CORK	1
CO118-049----	townland_ga|Trá Líobáin	1
CO118-051----	class|ss	1
CO118-051----	county|CORK	1
CO118-051----	townland_ga|Gort Tí Cluana	1
CO118-052----	class|ss	1
CO118-052----	county|CORK	1
CO118-052----	townland_ga|Gort Tí Cluana	1
CO118-055001-	class|ss	1
CO118-055001-	county|CORK	1
CO118-055001-	townland_ga|Coill na Scairte	1
CO118-055002-	class|ss	1
CO118-055002-	county|CORK	1
CO118-055002-	townland_ga|Coill na Scairte	1
CO118-057----	class|ss	1
CO118-057----	county|CORK	1
CO118-057----	townland_ga|Leitir Leice Meánach	1
CO118-058----	class|ss	1
CO118-058----	county|CORK	1
CO118-059----	class|ss	1
CO118-059----	county|CORK	1
CO118-062002-	class|ss	1
CO118-062002-	county|CORK	1
CO118-062002-	townland_ga|Cathair Ó gCoileáin	1
CO118-064001-	class|ss	1
CO118-064001-	county|CORK	1
CO118-064001-	townland_ga|Cill Cholmáin Thiar	1
CO118-065----	class|ss	1
CO118-065----	county|CORK	1
CO118-065----	townland_ga|Cill Cholmáin Thiar	1
CO118-066----	class|ss	1
CO118-066----	county|CORK	1
CO118-066----	townland_ga|Cill Cholmáin Thiar	1
CO118-068----	class|ss	1
CO118-068----	county|CORK	1
CO118-068----	townland_ga|Cill Cholmáin Thoir	1
CO118-070----	class|ss	1
CO118-070----	county|CORK	1
CO118-070----	townland_ga|Cill Cholmáin Thoir	1
CO118-073002-	class|ss	1
CO118-073002-	county|CORK	1
CO118-073002-	townland_ga|Cill Cholmáin Thoir	1
CO118-082----	class|ss	1
CO118-082----	county|CORK	1
CO118-082----	townland_ga|An Ráithín	1
CO118-083----	class|ss	1
CO118-083----	county|CORK	1
CO118-083----	townland_ga|Doirín Grianach	1
CO118-091----	class|ss	1
CO118-091----	county|CORK	1
CO118-091----	townland_ga|An Barr Gorm	1
CO118-091001-	class|ss	1
CO118-091001-	county|CORK	1
CO118-091001-	townland_ga|An Barr Gorm	1
CO118-094----	class|ss	1
CO118-094----	county|CORK	1
CO118-094----	townland_ga|Trá Líobáin	1
CO118-096----	class|ss	1
CO118-096----	county|CORK	1
CO118-097----	class|ss	1
CO118-097----	county|CORK	1
CO118-101----	class|ss	1
CO118-101----	county|CORK	1
CO118-101----	townland_ga|Cathair Dhonnaíle Thiar	1
CO118-103----	class|ss	1
CO118-103----	county|CORK	1
CO118-103----	townland_ga|Doire Íseal	1
CO119-001----	class|ss	1
CO119-001----	county|CORK	1
CO119-001----	townland_ga|An Ráithín	1
CO119-002----	class|ss	1
CO119-002----	county|CORK	1
CO119-002----	townland_ga|Gleann Banbha Uachtarach	1
CO119-008----	class|ss	1
CO119-008----	county|CORK	1
CO119-008----	townland_ga|Méanbhar	1
CO119-012----	class|ss	1
CO119-012----	county|CORK	1
CO119-012----	townland_ga|Gleann Dairte	1
CO119-015----	class|ss	1
CO119-015----	county|CORK	1
CO119-015----	townland_ga|Goirtín an Choir	1
CO119-018----	class|ss	1
CO119-018----	county|CORK	1
CO119-018----	townland_ga|An Garrán Thuaidh	1
CO119-027001-	class|ss	1
CO119-027001-	county|CORK	1
CO119-027001-	townland_ga|Ceann Coille	1
CO119-028----	class|ss	1
CO119-028----	county|CORK	1
CO119-028----	townland_ga|Ceann Coille	1
CO119-030----	class|ss	1
CO119-030----	county|CORK	1
CO119-030----	townland_ga|Doire Íseal	1
CO119-035----	class|ss	1
CO119-035----	county|CORK	1
CO119-039----	class|ss	1
CO119-039----	county|CORK	1
CO119-040----	class|ss	1
CO119-040----	county|CORK	1
CO119-040----	townland_ga|Gort na Scríne	1
CO119-041----	class|ss	1
CO119-041----	county|CORK	1
CO119-041----	townland_ga|Gort na Scríne	1
CO119-055----	class|ss	1
CO119-055----	county|CORK	1
CO119-055----	townland_ga|Maoiní Láir	1
CO119-057----	class|ss	1
CO119-057----	county|CORK	1
CO119-057----	townland_ga|Maoiní Íochtarach	1
CO119-058----	class|ss	1
CO119-058----	county|CORK	1
CO119-058----	townland_ga|Maoiní Íochtarach	1
CO119-066----	class|ss	1
CO119-066----	county|CORK	1
CO119-066----	townland_ga|Drom Dhá Liag	1
CO119-067----	class|ss	1
CO119-067----	county|CORK	1
CO119-067----	townland_ga|Drom Dhá Liag	1
CO119-087----	class|ss	1
CO119-087----	county|CORK	1
CO119-087----	townland_ga|Ceann Coille	1
CO119-088----	class|ss	1
CO119-088----	county|CORK	1
CO119-088----	townland_ga|An Garrán Theas	1
CO119-103----	class|ss	1
CO119-103----	county|CORK	1
CO119-103----	townland_ga|Méanbhar	1
CO119-103002-	class|ss	1
CO119-103002-	county|CORK	1
CO119-103002-	townland_ga|Méanbhar	1
CO119-110----	class|ss	1
CO119-110----	county|CORK	1
CO119-110----	townland_ga|An Barr Garbh	1
CO119-113----	class|ss	1
CO119-113----	county|CORK	1
CO119-113----	townland_ga|Tuath Ráithín	1
CO119-114----	class|ss	1
CO119-114----	county|CORK	1
CO119-114----	townland_ga|Maoiní Uachtarach	1
CO119-115----	class|ss	1
CO119-115----	county|CORK	1
CO119-115----	townland_ga|Maoiní Thoir	1
CO119-116----	class|ss	1
CO119-116----	county|CORK	1
CO119-116----	townland_ga|Méanbhar	1
CO119-120----	class|ss	1
CO119-120----	county|CORK	1
CO119-120----	townland_ga|Gleann Dairte	1
CO119-126----	class|ss	1
CO119-126----	county|CORK	1
CO119-129----	class|ss	1
CO119-129----	county|CORK	1
CO119-129----	townland_ga|Drom Bhoirnín	1
CO120-002----	class|ss	1
CO120-002----	county|CORK	1
CO120-002----	townland_ga|An Cladach	1
CO120-004----	class|ss	1
CO120-004----	county|CORK	1
CO120-004----	townland_ga|An Cladach	1
CO120-056001-	class|ss	1
CO120-056001-	county|CORK	1
CO120-056001-	townland_ga|An Tuath Bhán	1
CO120-057002-	class|ss	1
CO120-057002-	county|CORK	1
CO120-057002-	townland_ga|Ré Bhaldair	1
CO120-061001-	class|ss	1
CO120-061001-	county|CORK	1
CO120-061001-	townland_ga|Currach na Luachra	1
CO121-017001-	class|ss	1
CO121-017001-	county|CORK	1
CO121-018003-	class|ss	1
CO121-018003-	county|CORK	1
CO121-018003-	townland_ga|Cathair Chirce	1
CO121-033001-	class|ss	1
CO121-033001-	county|CORK	1
CO121-033001-	townland_ga|Leitir Gormáin	1
CO121-039----	class|ss	1
CO121-039----	county|CORK	1
CO121-039----	townland_ga|Millín na gCon	1
CO121-043----	class|ss	1
CO121-043----	county|CORK	1
CO121-044----	class|ss	1
CO121-044----	county|CORK	1
CO121-045----	class|ss	1
CO121-045----	county|CORK	1
CO121-046001-	class|ss	1
CO121-046001-	county|CORK	1
CO121-046002-	class|ss	1
CO121-046002-	county|CORK	1
CO121-060----	class|ss	1
CO121-060----	county|CORK	1
CO121-060----	townland_ga|Inse an Aitinn	1
CO121-061----	class|ss	1
CO121-061----	county|CORK	1
CO121-061----	townland_ga|Inse an Aitinn	1
CO121-062----	class|ss	1
CO121-062----	county|CORK	1
CO121-068----	class|ss	1
CO121-068----	county|CORK	1
CO121-104001-	class|ss	1
CO121-104001-	county|CORK	1
CO121-108----	class|ss	1
CO121-108----	county|CORK	1
CO121-110----	class|ss	1
CO121-110----	county|CORK	1
CO121-110----	townland_ga|Clais an Roisín	1
CO122-024----	class|ss	1
CO122-024----	county|CORK	1
CO122-024----	townland_ga|Lios na Coinne	1
CO122-065----	class|ss	1
CO122-065----	county|CORK	1
CO122-066001-	class|ss	1
CO122-066001-	county|CORK	1
CO122-066001-	townland_ga|Caiseal Loiscthe	1
CO122-066002-	class|ss	1
CO122-066002-	county|CORK	1
CO122-066002-	townland_ga|Caiseal Loiscthe	1
CO122-113----	class|ss	1
CO122-113----	county|CORK	1
CO122-113----	townland_ga|Caiseal Loiscthe	1
CO123-010----	class|ss	1
CO123-010----	county|CORK	1
CO123-010----	townland_ga|Scéimh Thoir	1
CO123-028----	class|ss	1
CO123-028----	county|CORK	1
CO123-028----	townland_ga|Barrán	1
CO123-070----	class|ss	1
CO123-070----	county|CORK	1
CO123-070----	townland_ga|Gort na hEorna	1
CO125-011----	class|ss	1
CO125-011----	county|CORK	1
CO125-011----	townland_ga|Cluain Liath	1
CO125-012----	class|ss	1
CO125-012----	county|CORK	1
CO125-012----	townland_ga|Cluain Liath	1
CO125-025----	class|ss	1
CO125-025----	county|CORK	1
CO125-025----	townland_ga|Cluain Liath	1
CO126-006----	class|ss	1
CO126-006----	county|CORK	1
CO126-006----	townland_ga|Cill Mhichíl	1
CO126-010002-	class|ss	1
CO126-010002-	county|CORK	1
CO126-010002-	townland_ga|Baile an Chalaidh	1
CO126-033003-	class|ss	1
CO126-033003-	county|CORK	1
CO126-033003-	townland_ga|An Lochán Mór	1
CO126-046----	class|ss	1
CO126-046----	county|CORK	1
CO126-046----	townland_ga|Tigh Leic na Finne	1
CO127-016----	class|ss	1
CO127-016----	county|CORK	1
CO127-016----	townland_ga|An Cnoc Rua Láir	1
CO127-017----	class|ss	1
CO127-017----	county|CORK	1
CO127-017----	townland_ga|An Cnoc Rua Láir	1
CO127-018----	class|ss	1
CO127-018----	county|CORK	1
CO127-018----	townland_ga|An Cnoc Rua Thoir	1
CO127-029001-	class|ss	1
CO127-029001-	county|CORK	1
CO127-029001-	townland_ga|Ceann Locha	1
CO127-029002-	class|ss	1
CO127-029002-	county|CORK	1
CO127-029002-	townland_ga|Ceann Locha	1
CO127-035002-	class|ss	1
CO127-035002-	county|CORK	1
CO127-035002-	townland_ga|Cill Choinchinn Thiar	1
CO127-055----	class|ss	1
CO127-055----	county|CORK	1
CO127-055----	townland_ga|An Clochán Íochtarach	1
CO127-058----	class|ss	1
CO127-058----	county|CORK	1
CO127-058----	townland_ga|An Chloch Fhionn	1
CO127-060002-	class|ss	1
CO127-060002-	county|CORK	1
CO127-060002-	townland_ga|Gamhair	1
CO127-061----	class|ss	1
CO127-061----	county|CORK	1
CO127-061----	townland_ga|Gamhair	1
CO128-004----	class|ss	1
CO128-004----	county|CORK	1
CO128-004----	townland_ga|Baile na Cille	1
CO128-007----	class|ss	1
CO128-007----	county|CORK	1
CO128-007----	townland_ga|An Grianán	1
CO128-043002-	class|ss	1
CO128-043002-	county|CORK	1
CO128-043002-	townland_ga|Doire Craoibhín	1
CO128-053----	class|ss	1
CO128-053----	county|CORK	1
CO128-053----	townland_ga|An Fhoithir	1
CO129-019----	class|ss	1
CO129-019----	county|CORK	1
CO129-019----	townland_ga|An Fearann Meánach	1
CO129-027----	class|ss	1
CO129-027----	county|CORK	1
CO130-013----	class|ss	1
CO130-013----	county|CORK	1
CO130-013----	townland_ga|An Mhuiríoch	1
CO130-023----	class|ss	1
CO130-023----	county|CORK	1
CO130-023----	townland_ga|Na Caolta	1
CO130-032001-	class|ss	1
CO130-032001-	county|CORK	1
CO130-032001-	townland_ga|Cuar Chuallachta	1
CO131-051001-	class|ss	1
CO131-051001-	county|CORK	1
CO131-051002-	class|ss	1
CO131-051002-	county|CORK	1
CO131-054----	class|ss	1
CO131-054----	county|CORK	1
CO131-054----	townland_ga|Gleann Salach	1
CO131-057----	class|ss	1
CO131-057----	county|CORK	1
CO131-058----	class|ss	1
CO131-058----	county|CORK	1
CO131-058----	townland_ga|Crotaigh	1
CO131-064----	class|ss	1
CO131-064----	county|CORK	1
CO132-004----	class|ss	1
CO132-004----	county|CORK	1
CO132-004----	townland_ga|Gleann an Phúca	1
CO132-019----	class|ss	1
CO132-019----	county|CORK	1
CO132-019----	townland_ga|Bealach an Dúin Theas	1
CO132-020----	class|ss	1
CO132-020----	county|CORK	1
CO132-020----	townland_ga|Bealach an Dúin Theas	1
CO132-024----	class|ss	1
CO132-024----	county|CORK	1
CO132-029006-	class|ss	1
CO132-029006-	county|CORK	1
CO132-044002-	class|ss	1
CO132-044002-	county|CORK	1
CO132-044002-	townland_ga|Lios Aingil	1
CO132-059----	class|ss	1
CO132-059----	county|CORK	1
CO132-059----	townland_ga|An Bán Íseal	1
CO133-008----	class|ss	1
CO133-008----	county|CORK	1
CO133-008----	townland_ga|Bóthar na mBréadach	1
CO133-031----	class|ss	1
CO133-031----	county|CORK	1
CO133-031----	townland_ga|Millín an Mhuilinn	1
CO133-046----	class|ss	1
CO133-046----	county|CORK	1
CO133-046----	townland_ga|Eadargóil	1
CO133-059002-	class|ss	1
CO133-059002-	county|CORK	1
CO133-059002-	townland_ga|Goirtín an Dúigh	1
CO133-088----	class|ss	1
CO133-088----	county|CORK	1
CO133-088----	townland_ga|Drom Inide Theas	1
CO134-003----	class|ss	1
CO134-003----	county|CORK	1
CO134-052001-	class|ss	1
CO134-052001-	county|CORK	1
CO134-052001-	townland_ga|Cúil Chraithín	1
CO134-056----	class|ss	1
CO134-056----	county|CORK	1
CO134-056----	townland_ga|Doire Dubh	1
CO134-073----	class|ss	1
CO134-073----	county|CORK	1
CO134-073----	townland_ga|Bothanach	1
CO134-101----	class|ss	1
CO134-101----	county|CORK	1
CO134-101----	townland_ga|An Fraochán	1
CO134-109----	class|ss	1
CO134-109----	county|CORK	1
CO134-109----	townland_ga|Bothanach	1
CO134-110----	class|ss	1
CO134-110----	county|CORK	1
CO135-024002-	class|ss	1
CO135-024002-	county|CORK	1
CO135-024002-	townland_ga|An Gallán	1
CO135-030003-	class|ss	1
CO135-030003-	county|CORK	1
CO135-030003-	townland_ga|Dairbhre	1
CO135-044----	class|ss	1
CO135-044----	county|CORK	1
CO135-044----	townland_ga|Baile Uí Dhubháin	1
CO135-048----	class|ss	1
CO135-048----	county|CORK	1
CO135-048----	townland_ga|An Cheathrú	1
CO135-079----	class|ss	1
CO135-079----	county|CORK	1
CO135-079----	townland_ga|An Cuar Liath Theas	1
CO135-106----	class|ss	1
CO135-106----	county|CORK	1
CO135-106----	townland_ga|Achadh Dalláin	1
CO135-110----	class|ss	1
CO135-110----	county|CORK	1
CO135-110----	townland_ga|An Leacain Dubh	1
CO135-114001-	class|ss	1
CO135-114001-	county|CORK	1
CO135-114001-	townland_ga|An Leacain Dubh	1
CO135-114002-	class|ss	1
CO135-114002-	county|CORK	1
CO135-114002-	townland_ga|An Leacain Dubh	1
CO135-114003-	class|ss	1
CO135-114003-	county|CORK	1
CO135-114003-	townland_ga|An Leacain Dubh	1
CO135-115----	class|ss	1
CO135-115----	county|CORK	1
CO135-115----	townland_ga|An Leacain Dubh	1
CO135-116----	class|ss	1
CO135-116----	county|CORK	1
CO135-116----	townland_ga|Baile Mhic Liam Theas	1
CO135-128----	class|ss	1
CO135-128----	county|CORK	1
CO135-128----	townland_ga|Leaca na nGobadán	1
CO135-129----	class|ss	1
CO135-129----	county|CORK	1
CO135-129----	townland_ga|Baile an Bhacaigh	1
CO135-131----	class|ss	1
CO135-131----	county|CORK	1
CO135-131----	townland_ga|An Tamhnaigh Íochtaraigh	1
CO136-119----	class|ss	1
CO136-119----	county|CORK	1
CO136-119----	townland_ga|Cloch Ghrífín	1
CO138-029002-	class|ss	1
CO138-029002-	county|CORK	1
CO138-029002-	townland_ga|Eisc Rátha	1
CO139-016----	class|ss	1
CO139-016----	county|CORK	1
CO139-016----	townland_ga|Dún Mánais Thoir	1
CO139-028----	class|ss	1
CO139-028----	county|CORK	1
CO139-028----	townland_ga|Ard Doire Mhuine	1
CO139-031----	class|ss	1
CO139-031----	county|CORK	1
CO139-031----	townland_ga|Lios an Chatha	1
CO139-032----	class|ss	1
CO139-032----	county|CORK	1
CO139-036----	class|ss	1
CO139-036----	county|CORK	1
CO139-036----	townland_ga|Cuar Uí Dheargáin	1
CO139-069----	class|ss	1
CO139-069----	county|CORK	1
CO139-071----	class|ss	1
CO139-071----	county|CORK	1
CO139-071----	townland_ga|Ard Meana	1
CO140-004----	class|ss	1
CO140-004----	county|CORK	1
CO140-004----	townland_ga|Ráth Dhreóin Bheag	1
CO140-048----	class|ss	1
CO140-048----	county|CORK	1
CO140-048----	townland_ga|Baile Chumaisc	1
CO140-062----	class|ss	1
CO140-062----	county|CORK	1
CO140-062----	townland_ga|Maigh Raithin Thuaidh	1
CO140-063----	class|ss	1
CO140-063----	county|CORK	1
CO140-064----	class|ss	1
CO140-064----	county|CORK	1
CO140-064----	townland_ga|Maigh Raithin Thuaidh	1
CO140-068----	class|ss	1
CO140-068----	county|CORK	1
CO140-068----	townland_ga|Ros Brain	1
CO141-005----	class|ss	1
CO141-005----	county|CORK	1
CO141-005----	townland_ga|Fotharlach	1
CO141-006----	class|ss	1
CO141-006----	county|CORK	1
CO141-024----	class|ss	1
CO141-024----	county|CORK	1
CO141-026----	class|ss	1
CO141-026----	county|CORK	1
CO141-026----	townland_ga|Dromaigh	1
CO141-043----	class|ss	1
CO141-043----	county|CORK	1
CO141-043----	townland_ga|Cúil na nGarrán	1
CO141-044----	class|ss	1
CO141-044----	county|CORK	1
CO141-044----	townland_ga|Cúil na nGarrán	1
CO141-057----	class|ss	1
CO141-057----	county|CORK	1
CO141-060001-	class|ss	1
CO141-060001-	county|CORK	1
CO141-060001-	townland_ga|An Mónán	1
CO141-060002-	class|ss	1
CO141-060002-	county|CORK	1
CO141-060002-	townland_ga|An Mónán	1
CO141-062001-	class|ss	1
CO141-062001-	county|CORK	1
CO141-062001-	townland_ga|An Mónán	1
CO141-062002-	class|ss	1
CO141-062002-	county|CORK	1
CO141-062002-	townland_ga|An Mónán	1
CO141-069----	class|ss	1
CO141-069----	county|CORK	1
CO141-069----	townland_ga|Leitir Scanláin	1
CO141-080----	class|ss	1
CO141-080----	county|CORK	1
CO141-080----	townland_ga|Mainistir na Sruthrach	1
CO141-087----	class|ss	1
CO141-087----	county|CORK	1
CO141-087----	townland_ga|Mainistir na Sruthrach	1
CO141-150----	class|ss	1
CO141-150----	county|CORK	1
CO141-150----	townland_ga|Lios an Chláraigh Thiar	1
CO141-153----	class|ss	1
CO141-153----	county|CORK	1
CO141-153----	townland_ga|An Bán Gearr	1
CO141-154----	class|ss	1
CO141-154----	county|CORK	1
CO141-154----	townland_ga|Cora an Fhéich	1
CO141-155----	class|ss	1
CO141-155----	county|CORK	1
CO142-001003-	class|ss	1
CO142-001003-	county|CORK	1
CO142-001003-	townland_ga|Tuairín na Saileán	1
CO142-075----	class|ss	1
CO142-075----	county|CORK	1
CO143-002002-	class|ss	1
CO143-002002-	county|CORK	1
CO143-003002-	class|ss	1
CO143-003002-	county|CORK	1
CO143-009002-	class|ss	1
CO143-009002-	county|CORK	1
CO143-009002-	townland_ga|Gleann na Ruaraí	1
CO143-018----	class|ss	1
CO143-018----	county|CORK	1
CO143-018----	townland_ga|Ardach Thiar	1
CO143-025----	class|ss	1
CO143-025----	county|CORK	1
CO143-025----	townland_ga|An Bhuirgéiseach	1
CO143-027----	class|ss	1
CO143-027----	county|CORK	1
CO143-027----	townland_ga|An Bhuirgéiseach	1
CO143-033----	class|ss	1
CO143-033----	county|CORK	1
CO143-033----	townland_ga|Bothanach	1
CO143-035002-	class|ss	1
CO143-035002-	county|CORK	1
CO143-035002-	townland_ga|Cnoc na gCapall	1
CO143-045----	class|ss	1
CO143-045----	county|CORK	1
CO143-045----	townland_ga|Cill an Chuasáin	1
CO143-058001-	class|ss	1
CO143-058001-	county|CORK	1
CO143-058001-	townland_ga|Baile na Cloiche	1
CO143-062----	class|ss	1
CO143-062----	county|CORK	1
CO144-008----	class|ss	1
CO144-008----	county|CORK	1
CO144-008----	townland_ga|An Corrbhaile	1
CO144-011----	class|ss	1
CO144-011----	county|CORK	1
CO144-011----	townland_ga|An Bailtín Breac	1
CO144-039002-	class|ss	1
CO144-039002-	county|CORK	1
CO144-039002-	townland_ga|Dún dTéide	1
CO145-013----	class|ss	1
CO145-013----	county|CORK	1
CO145-013----	townland_ga|Baile Mhic Sheoinín	1
CO146-013----	class|ss	1
CO146-013----	county|CORK	1
CO146-013----	townland_ga|Ucht Muine	1
CO147-006006-	class|ss	1
CO147-006006-	county|CORK	1
CO147-006006-	townland_ga|Cuar Leaca	1
CO147-021----	class|ss	1
CO147-021----	county|CORK	1
CO147-021----	townland_ga|Lios Uí Ghrífín	1
CO147-025002-	class|ss	1
CO147-025002-	county|CORK	1
CO147-025002-	townland_ga|Lios Uí Ghrífín	1
CO147-025004-	class|ss	1
CO147-025004-	county|CORK	1
CO147-025004-	townland_ga|Lios Uí Ghrífín	1
CO147-026----	class|ss	1
CO147-026----	county|CORK	1
CO147-026----	townland_ga|Baile Uí Bhuaigh Mór	1
CO147-028----	class|ss	1
CO147-028----	county|CORK	1
CO147-028----	townland_ga|Baile Uí Bhuaigh Mór	1
CO147-029002-	class|ss	1
CO147-029002-	county|CORK	1
CO147-029002-	townland_ga|Clochán an Choillín	1
CO147-040----	class|ss	1
CO147-040----	county|CORK	1
CO147-040----	townland_ga|An Dumhach	1
CO147-074----	class|ss	1
CO147-074----	county|CORK	1
CO147-074----	townland_ga|Ard na Saileach	1
CO147-084----	class|ss	1
CO147-084----	county|CORK	1
CO147-084----	townland_ga|Lios Uí Ghrífín	1
CO148-023----	class|ss	1
CO148-023----	county|CORK	1
CO148-023----	townland_ga|An Béicín	1
CO148-028----	class|ss	1
CO148-028----	county|CORK	1
CO148-028----	townland_ga|An Rinn Ard	1
CO148-039----	class|ss	1
CO148-039----	county|CORK	1
CO148-039----	townland_ga|An Chruach	1
CO150-028002-	class|ss	1
CO150-028002-	county|CORK	1
CO150-028002-	townland_ga|Bearna na Bá	1
CO150-060----	class|ss	1
CO150-060----	county|CORK	1
CO150-060----	townland_ga|Leathfhearann an Tí	1
CO150-063----	class|ss	1
CO150-063----	county|CORK	1
CO150-063----	townland_ga|An Baile Uachtarach	1
CO150-066----	class|ss	1
CO150-066----	county|CORK	1
CO150-066----	townland_ga|Baile an Oileáin	1
CO150-068----	class|ss	1
CO150-068----	county|CORK	1
CO150-068----	townland_ga|Baile Mhic Eiriúin	1
CO151-017----	class|ss	1
CO151-017----	county|CORK	1
CO151-022----	class|ss	1
CO151-022----	county|CORK	1
CO151-033----	class|ss	1
CO151-033----	county|CORK	1
CO151-033----	townland_ga|Gleann Bearcháin	1
CO153-001002-	class|ss	1
CO153-001002-	county|CORK	1
CO153-020----	class|ss	1
CO153-020----	county|CORK	1
CO153-021----	class|ss	1
CO153-021----	county|CORK	1
CV004-019----	class|ss	1
CV004-019----	county|CAVAN	1
CV004-019----	townland_ga|An Mullach Buí	1
CV004-032----	class|ss	1
CV004-032----	county|CAVAN	1
CV004-032----	townland_ga|Garbhachadh	1
CV004-033----	class|ss	1
CV004-033----	county|CAVAN	1
CV004-033----	townland_ga|Garbhachadh	1
CV004-034----	class|ss	1
CV004-034----	county|CAVAN	1
CV004-034----	townland_ga| 	1
CV013-007----	class|ss	1
CV013-007----	county|CAVAN	1
CV013-007----	townland_ga| 	1
CV013-035----	class|ss	1
CV013-035----	county|CAVAN	1
CV013-035----	townland_ga| 	1
CV013-037002-	class|ss	1
CV013-037002-	county|CAVAN	1
CV013-037002-	townland_ga| 	1
CV013-038----	class|ss	1
CV013-038----	county|CAVAN	1
CV013-038----	townland_ga| 	1
CV013-058----	class|ss	1
CV013-058----	county|CAVAN	1
CV013-058----	townland_ga| 	1
CV013-060----	class|ss	1
CV013-060----	county|CAVAN	1
CV013-060----	townland_ga| 	1
CV015-027----	class|ss	1
CV015-027----	county|CAVAN	1
CV015-027----	townland_ga|Droim Bracháin	1
CV015-035----	class|ss	1
CV015-035----	county|CAVAN	1
CV015-035----	townland_ga| 	1
CV015-072----	class|ss	1
CV015-072----	county|CAVAN	1
CV015-072----	townland_ga| 	1
CV016-026----	class|ss	1
CV016-026----	county|CAVAN	1
CV016-026----	townland_ga| 	1
CV017-043----	class|ss	1
CV017-043----	county|CAVAN	1
CV017-043----	townland_ga| 	1
CV017-044----	class|ss	1
CV017-044----	county|CAVAN	1
CV018-011----	class|ss	1
CV018-011----	county|CAVAN	1
CV018-011----	townland_ga| 	1
CV022-021002-	class|ss	1
CV022-021002-	county|CAVAN	1
CV022-021002-	townland_ga| 	1
CV024-001----	class|ss	1
CV024-001----	county|CAVAN	1
CV024-001----	townland_ga| 	1
CV024-013----	class|ss	1
CV024-013----	county|CAVAN	1
CV024-013----	townland_ga| 	1
CV024-073----	class|ss	1
CV024-073----	county|CAVAN	1
CV024-073----	townland_ga| 	1
CV025-102----	class|ss	1
CV025-102----	county|CAVAN	1
CV025-102----	townland_ga| 	1
CV026-016----	class|ss	1
CV026-016----	county|CAVAN	1
CV026-016----	townland_ga|An Chorr Mhín	1
CV026-056----	class|ss	1
CV026-056----	county|CAVAN	1
CV026-056----	townland_ga| 	1
CV034-014----	class|ss	1
CV034-014----	county|CAVAN	1
CV034-014----	townland_ga| 	1
CV037-007----	class|ss	1
CV037-007----	county|CAVAN	1
CV037-007----	townland_ga|Ard Léana	1
CV042-007----	class|ss	1
CV042-007----	county|CAVAN	1
CV042-007----	townland_ga|Cluain Chaochmhaí	1
CV042-009----	class|ss	1
CV042-009----	county|CAVAN	1
CV042-009----	townland_ga|Cluain Chaochmhaí	1
CW004-001001-	class|ss	1
CW004-001001-	county|CARLOW	1
CW004-001001-	townland_ga|Baile an Bhrufálaigh	1
CW004-024001-	class|ss	1
CW004-024001-	county|CARLOW	1
CW004-024001-	townland_ga|Tom Beithe	1
CW004-031----	class|ss	1
CW004-031----	county|CARLOW	1
CW004-031----	townland_ga|Baile Liam	1
CW008-011----	class|ss	1
CW008-011----	county|CARLOW	1
CW008-011----	townland_ga|Gráinseach Uait	1
CW008-015----	class|ss	1
CW008-015----	county|CARLOW	1
CW008-015----	townland_ga|Baile Thancaird	1
CW008-016001-	class|ss	1
CW008-016001-	county|CARLOW	1
CW008-016001-	townland_ga|Gleann Óg	1
CW009-003----	class|ss	1
CW009-003----	county|CARLOW	1
CW009-003----	townland_ga|Baile Tóibín	1
CW009-041----	class|ss	1
CW009-041----	county|CARLOW	1
CW009-041----	townland_ga|Gráinseach an Bhuitléaraigh	1
CW012-086----	class|ss	1
CW012-086----	county|CARLOW	1
CW012-086----	townland_ga|Leithghlinn an Droichid	1
CW013-012----	class|ss	1
CW013-012----	county|CARLOW	1
CW013-012----	townland_ga|Ard Breistin	1
CW013-013----	class|ss	1
CW013-013----	county|CARLOW	1
CW013-013----	townland_ga|Ard Breistin	1
CW013-033----	class|ss	1
CW013-033----	county|CARLOW	1
CW013-033----	townland_ga|Áth Fhád	1
CW013-035----	class|ss	1
CW013-035----	county|CARLOW	1
CW013-035----	townland_ga|Caisleán an Ghrásaigh	1
CW013-040----	class|ss	1
CW013-040----	county|CARLOW	1
CW013-040----	townland_ga|Cnoc na Tiobraide	1
CW013-062----	class|ss	1
CW013-062----	county|CARLOW	1
CW013-062----	townland_ga|An Baile Nua	1
CW014-005----	class|ss	1
CW014-005----	county|CARLOW	1
CW014-005----	townland_ga|Greamháin	1
CW016-060----	class|ss	1
CW016-060----	county|CARLOW	1
CW016-060----	townland_ga|Baile Liam Rua	1
CW016-156----	class|ss	1
CW016-156----	county|CARLOW	1
CW019-066001-	class|ss	1
CW019-066001-	county|CARLOW	1
CW019-066001-	townland_ga|Cnoc Scoir	1
CW019-066002-	class|ss	1
CW019-066002-	county|CARLOW	1
CW019-066002-	townland_ga|Cnoc Scoir	1
CW019-074----	class|ss	1
CW019-074----	county|CARLOW	1
CW019-074----	townland_ga|Cill Fhoirtchearnáin	1
CW019-084----	class|ss	1
CW019-084----	county|CARLOW	1
CW019-084----	townland_ga|Baile Eilín agus Tom Darach	1
CW020-022----	class|ss	1
CW020-022----	county|CARLOW	1
CW020-022----	townland_ga|Cill Bhreatnais Thuaidh	1
CW023-006001-	class|ss	1
CW023-006001-	county|CARLOW	1
CW023-006001-	townland_ga|An Chrannach	1
CW023-023----	class|ss	1
CW023-023----	county|CARLOW	1
CW023-023----	townland_ga|Ráth Ghéirín	1
CW023-025----	class|ss	1
CW023-025----	county|CARLOW	1
CW023-025----	townland_ga|Ráth Ghéirín	1
CW023-029----	class|ss	1
CW023-029----	county|CARLOW	1
CW023-029----	townland_ga|Ráth Ghéirín	1
CW025-005----	class|ss	1
CW025-005----	county|CARLOW	1
CW025-005----	townland_ga|Cnoc Uí Mhaolgharaidh	1
CW026-025----	class|ss	1
CW026-025----	county|CARLOW	1
CW026-025----	townland_ga|Doireánach	1
CW026-026----	class|ss	1
CW026-026----	county|CARLOW	1
CW026-026----	townland_ga|Doireánach	1
CW026-094----	class|ss	1
CW026-094----	county|CARLOW	1
CW026-094----	townland_ga|Doireánach	1
CW026-095----	class|ss	1
CW026-095----	county|CARLOW	1
CW026-095----	townland_ga|Doireánach	1
DG001-002002-	class|ss	1
DG001-002002-	county|DONEGAL	1
DG001-002002-	townland_ga|Ard Mhálanna	1
DG003-004----	class|ss	1
DG003-004----	county|DONEGAL	1
DG003-004----	townland_ga| 	1
DG003-009----	class|ss	1
DG003-009----	county|DONEGAL	1
DG003-009----	townland_ga| 	1
DG003-015001-	class|ss	1
DG003-015001-	county|DONEGAL	1
DG003-015001-	townland_ga| 	1
DG003-019----	class|ss	1
DG003-019----	county|DONEGAL	1
DG003-019----	townland_ga| 	1
DG003-020----	class|ss	1
DG003-020----	county|DONEGAL	1
DG003-020----	townland_ga| 	1
DG004-014----	class|ss	1
DG004-014----	county|DONEGAL	1
DG004-014----	townland_ga|An Cheathrú Mhór	1
DG004-015----	class|ss	1
DG004-015----	county|DONEGAL	1
DG004-015----	townland_ga| 	1
DG004-021----	class|ss	1
DG004-021----	county|DONEGAL	1
DG004-021----	townland_ga| 	1
DG004-026001-	class|ss	1
DG004-026001-	county|DONEGAL	1
DG004-026001-	townland_ga| 	1
DG004-027----	class|ss	1
DG004-027----	county|DONEGAL	1
DG004-027----	townland_ga| 	1
DG004-029----	class|ss	1
DG004-029----	county|DONEGAL	1
DG004-029----	townland_ga| 	1
DG004-037----	class|ss	1
DG004-037----	county|DONEGAL	1
DG004-037----	townland_ga| 	1
DG004-042----	class|ss	1
DG004-042----	county|DONEGAL	1
DG004-042----	townland_ga| 	1
DG004-043----	class|ss	1
DG004-043----	county|DONEGAL	1
DG004-043----	townland_ga| 	1
DG004-047----	class|ss	1
DG004-047----	county|DONEGAL	1
DG004-047----	townland_ga| 	1
DG004-049----	class|ss	1
DG004-049----	county|DONEGAL	1
DG004-049----	townland_ga| 	1
DG004-050----	class|ss	1
DG004-050----	county|DONEGAL	1
DG004-050----	townland_ga| 	1
DG005-022----	class|ss	1
DG005-022----	county|DONEGAL	1
DG005-022----	townland_ga|Tír Mhic Ruairí	1
DG005-023----	class|ss	1
DG005-023----	county|DONEGAL	1
DG005-023----	townland_ga|Tír Mhic Ruairí	1
DG005-024----	class|ss	1
DG005-024----	county|DONEGAL	1
DG005-024----	townland_ga|Tír Mhic Ruairí	1
DG008-001001-	class|ss	1
DG008-001001-	county|DONEGAL	1
DG008-001002-	class|ss	1
DG008-001002-	county|DONEGAL	1
DG008-001003-	class|ss	1
DG008-001003-	county|DONEGAL	1
DG008-001004-	class|ss	1
DG008-001004-	county|DONEGAL	1
DG008-005----	class|ss	1
DG008-005----	county|DONEGAL	1
DG008-010001-	class|ss	1
DG008-010001-	county|DONEGAL	1
DG008-010002-	class|ss	1
DG008-010002-	county|DONEGAL	1
DG008-019----	class|ss	1
DG008-019----	county|DONEGAL	1
DG008-024----	class|ss	1
DG008-024----	county|DONEGAL	1
DG010-015001-	class|ss	1
DG010-015001-	county|DONEGAL	1
DG010-015001-	townland_ga| 	1
DG010-015002-	class|ss	1
DG010-015002-	county|DONEGAL	1
DG010-015002-	townland_ga| 	1
DG010-028----	class|ss	1
DG010-028----	county|DONEGAL	1
DG010-028----	townland_ga|Rúscaigh	1
DG010-032----	class|ss	1
DG010-032----	county|DONEGAL	1
DG010-032----	townland_ga|An tSráid	1
DG010-035001-	class|ss	1
DG010-035001-	county|DONEGAL	1
DG010-035001-	townland_ga| 	1
DG011-002----	class|ss	1
DG011-002----	county|DONEGAL	1
DG011-002----	townland_ga| 	1
DG011-003----	class|ss	1
DG011-003----	county|DONEGAL	1
DG011-003----	townland_ga| 	1
DG011-009----	class|ss	1
DG011-009----	county|DONEGAL	1
DG011-009----	townland_ga| 	1
DG011-011001-	class|ss	1
DG011-011001-	county|DONEGAL	1
DG011-011001-	townland_ga| 	1
DG011-011002-	class|ss	1
DG011-011002-	county|DONEGAL	1
DG011-011002-	townland_ga| 	1
DG011-014----	class|ss	1
DG011-014----	county|DONEGAL	1
DG011-014----	townland_ga| 	1
DG011-016----	class|ss	1
DG011-016----	county|DONEGAL	1
DG011-016----	townland_ga| 	1
DG011-022----	class|ss	1
DG011-022----	county|DONEGAL	1
DG011-022----	townland_ga| 	1
DG011-024----	class|ss	1
DG011-024----	county|DONEGAL	1
DG011-024----	townland_ga| 	1
DG011-030----	class|ss	1
DG011-030----	county|DONEGAL	1
DG011-030----	townland_ga| 	1
DG011-033----	class|ss	1
DG011-033----	county|DONEGAL	1
DG011-033----	townland_ga| 	1
DG011-039----	class|ss	1
DG011-039----	county|DONEGAL	1
DG011-039----	townland_ga| 	1
DG011-053----	class|ss	1
DG011-053----	county|DONEGAL	1
DG011-053----	townland_ga| 	1
DG011-054----	class|ss	1
DG011-054----	county|DONEGAL	1
DG011-054----	townland_ga| 	1
DG012-001001-	class|ss	1
DG012-001001-	county|DONEGAL	1
DG012-001001-	townland_ga|Cluain Catha	1
DG012-007004-	class|ss	1
DG012-007004-	county|DONEGAL	1
DG012-007004-	townland_ga| 	1
DG012-011----	class|ss	1
DG012-011----	county|DONEGAL	1
DG012-011----	townland_ga| 	1
DG012-012----	class|ss	1
DG012-012----	county|DONEGAL	1
DG012-012----	townland_ga| 	1
DG012-013----	class|ss	1
DG012-013----	county|DONEGAL	1
DG012-013----	townland_ga| 	1
DG012-019----	class|ss	1
DG012-019----	county|DONEGAL	1
DG012-019----	townland_ga|Baile Mhic Fhearachaigh	1
DG012-020----	class|ss	1
DG012-020----	county|DONEGAL	1
DG012-020----	townland_ga| 	1
DG012-043----	class|ss	1
DG012-043----	county|DONEGAL	1
DG012-043----	townland_ga|Ceathrú Meánach	1
DG016-004003-	class|ss	1
DG016-004003-	county|DONEGAL	1
DG016-012----	class|ss	1
DG016-012----	county|DONEGAL	1
DG017-007----	class|ss	1
DG017-007----	county|DONEGAL	1
DG017-007----	townland_ga| 	1
DG017-017----	class|ss	1
DG017-017----	county|DONEGAL	1
DG017-017----	townland_ga| 	1
DG017-029----	class|ss	1
DG017-029----	county|DONEGAL	1
DG017-029----	townland_ga| 	1
DG018-015----	class|ss	1
DG018-015----	county|DONEGAL	1
DG018-015----	townland_ga|An Mhuineach	1
DG018-017----	class|ss	1
DG018-017----	county|DONEGAL	1
DG018-017----	townland_ga| 	1
DG018-026----	class|ss	1
DG018-026----	county|DONEGAL	1
DG018-026----	townland_ga| 	1
DG019-004----	class|ss	1
DG019-004----	county|DONEGAL	1
DG019-004----	townland_ga| 	1
DG019-006----	class|ss	1
DG019-006----	county|DONEGAL	1
DG019-006----	townland_ga| 	1
DG019-007----	class|ss	1
DG019-007----	county|DONEGAL	1
DG019-007----	townland_ga| 	1
DG019-009----	class|ss	1
DG019-009----	county|DONEGAL	1
DG019-009----	townland_ga| 	1
DG019-010----	class|ss	1
DG019-010----	county|DONEGAL	1
DG019-010----	townland_ga| 	1
DG019-011----	class|ss	1
DG019-011----	county|DONEGAL	1
DG019-011----	townland_ga| 	1
DG019-015----	class|ss	1
DG019-015----	county|DONEGAL	1
DG019-015----	townland_ga| 	1
DG019-016----	class|ss	1
DG019-016----	county|DONEGAL	1
DG019-016----	townland_ga| 	1
DG019-018----	class|ss	1
DG019-018----	county|DONEGAL	1
DG019-018----	townland_ga| 	1
DG019-020----	class|ss	1
DG019-020----	county|DONEGAL	1
DG019-020----	townland_ga| 	1
DG019-024001-	class|ss	1
DG019-024001-	county|DONEGAL	1
DG019-024001-	townland_ga| 	1
DG019-024002-	class|ss	1
DG019-024002-	county|DONEGAL	1
DG019-024002-	townland_ga| 	1
DG021-006----	class|ss	1
DG021-006----	county|DONEGAL	1
DG021-006----	townland_ga| 	1
DG021-007----	class|ss	1
DG021-007----	county|DONEGAL	1
DG021-007----	townland_ga| 	1
DG022-005----	class|ss	1
DG022-005----	county|DONEGAL	1
DG022-005----	townland_ga| 	1
DG025-022----	class|ss	1
DG025-022----	county|DONEGAL	1
DG025-022----	townland_ga| 	1
DG025-029002-	class|ss	1
DG025-029002-	county|DONEGAL	1
DG026-021----	class|ss	1
DG026-021----	county|DONEGAL	1
DG026-021----	townland_ga| 	1
DG027-024----	class|ss	1
DG027-024----	county|DONEGAL	1
DG027-024----	townland_ga| 	1
DG029-002----	class|ss	1
DG029-002----	county|DONEGAL	1
DG029-002----	townland_ga| 	1
DG029-004----	class|ss	1
DG029-004----	county|DONEGAL	1
DG029-004----	townland_ga| 	1
DG029-010----	class|ss	1
DG029-010----	county|DONEGAL	1
DG029-010----	townland_ga|Cionn an Ghabha	1
DG029-022----	class|ss	1
DG029-022----	county|DONEGAL	1
DG029-022----	townland_ga| 	1
DG029-031----	class|ss	1
DG029-031----	county|DONEGAL	1
DG029-031----	townland_ga|Ard Rámhann	1
DG029-035----	class|ss	1
DG029-035----	county|DONEGAL	1
DG029-035----	townland_ga| 	1
DG029-037001-	class|ss	1
DG029-037001-	county|DONEGAL	1
DG029-037001-	townland_ga| 	1
DG029-037002-	class|ss	1
DG029-037002-	county|DONEGAL	1
DG029-037002-	townland_ga| 	1
DG029-038001-	class|ss	1
DG029-038001-	county|DONEGAL	1
DG029-038001-	townland_ga| 	1
DG029-038002-	class|ss	1
DG029-038002-	county|DONEGAL	1
DG029-038002-	townland_ga| 	1
DG029-039001-	class|ss	1
DG029-039001-	county|DONEGAL	1
DG029-039001-	townland_ga| 	1
DG029-039002-	class|ss	1
DG029-039002-	county|DONEGAL	1
DG029-039002-	townland_ga| 	1
DG030-005----	class|ss	1
DG030-005----	county|DONEGAL	1
DG030-005----	townland_ga|Críoch Fhionáin	1
DG030-006----	class|ss	1
DG030-006----	county|DONEGAL	1
DG030-006----	townland_ga| 	1
DG030-007----	class|ss	1
DG030-007----	county|DONEGAL	1
DG030-007----	townland_ga| 	1
DG031-002----	class|ss	1
DG031-002----	county|DONEGAL	1
DG031-002----	townland_ga| 	1
DG031-009----	class|ss	1
DG031-009----	county|DONEGAL	1
DG031-009----	townland_ga| 	1
DG033-005----	class|ss	1
DG033-005----	county|DONEGAL	1
DG035-010----	class|ss	1
DG035-010----	county|DONEGAL	1
DG035-016----	class|ss	1
DG035-016----	county|DONEGAL	1
DG035-016----	townland_ga|Mín Bhun Abhann	1
DG036-006----	class|ss	1
DG036-006----	county|DONEGAL	1
DG036-006----	townland_ga|Baile na nGallóglach	1
DG036-013----	class|ss	1
DG036-013----	county|DONEGAL	1
DG036-013----	townland_ga| 	1
DG037-002----	class|ss	1
DG037-002----	county|DONEGAL	1
DG037-002----	townland_ga| 	1
DG037-004----	class|ss	1
DG037-004----	county|DONEGAL	1
DG037-004----	townland_ga|Gleann Eala	1
DG037-005----	class|ss	1
DG037-005----	county|DONEGAL	1
DG037-005----	townland_ga|Gleann Eala	1
DG037-011----	class|ss	1
DG037-011----	county|DONEGAL	1
DG037-011----	townland_ga| 	1
DG037-012----	class|ss	1
DG037-012----	county|DONEGAL	1
DG037-012----	townland_ga| 	1
DG038-003----	class|ss	1
DG038-003----	county|DONEGAL	1
DG038-003----	townland_ga| 	1
DG038-008----	class|ss	1
DG038-008----	county|DONEGAL	1
DG038-008----	townland_ga| 	1
DG038-014----	class|ss	1
DG038-014----	county|DONEGAL	1
DG038-015----	class|ss	1
DG038-015----	county|DONEGAL	1
DG038-015----	townland_ga| 	1
DG038-017----	class|ss	1
DG038-017----	county|DONEGAL	1
DG038-018----	class|ss	1
DG038-018----	county|DONEGAL	1
DG038-018----	townland_ga| 	1
DG038-044001-	class|ss	1
DG038-044001-	county|DONEGAL	1
DG038-044001-	townland_ga|Béalad	1
DG038-046----	class|ss	1
DG038-046----	county|DONEGAL	1
DG038-046----	townland_ga|Baile idir Dhá Abhainn	1
DG039-001----	class|ss	1
DG039-001----	county|DONEGAL	1
DG039-001----	townland_ga| 	1
DG039-002----	class|ss	1
DG039-002----	county|DONEGAL	1
DG039-002----	townland_ga|Uisce Chaoin	1
DG039-004----	class|ss	1
DG039-004----	county|DONEGAL	1
DG039-004----	townland_ga|Uisce Chaoin	1
DG039-009----	class|ss	1
DG039-009----	county|DONEGAL	1
DG039-009----	townland_ga| 	1
DG039-010----	class|ss	1
DG039-010----	county|DONEGAL	1
DG039-010----	townland_ga| 	1
DG039-011----	class|ss	1
DG039-011----	county|DONEGAL	1
DG039-011----	townland_ga| 	1
DG039-013----	class|ss	1
DG039-013----	county|DONEGAL	1
DG039-013----	townland_ga|Doire Mheathán	1
DG041-003----	class|ss	1
DG041-003----	county|DONEGAL	1
DG041-004----	class|ss	1
DG041-004----	county|DONEGAL	1
DG045-005----	class|ss	1
DG045-005----	county|DONEGAL	1
DG045-005----	townland_ga| 	1
DG045-013----	class|ss	1
DG045-013----	county|DONEGAL	1
DG045-013----	townland_ga| 	1
DG045-019----	class|ss	1
DG045-019----	county|DONEGAL	1
DG045-019----	townland_ga|Gort na bhFearn	1
DG045-021----	class|ss	1
DG045-021----	county|DONEGAL	1
DG045-021----	townland_ga| 	1
DG045-026----	class|ss	1
DG045-026----	county|DONEGAL	1
DG045-026----	townland_ga| 	1
DG045-037----	class|ss	1
DG045-037----	county|DONEGAL	1
DG045-037----	townland_ga| 	1
DG046-009----	class|ss	1
DG046-009----	county|DONEGAL	1
DG046-009----	townland_ga|Baile Móna	1
DG046-010----	class|ss	1
DG046-010----	county|DONEGAL	1
DG046-010----	townland_ga| 	1
DG046-018----	class|ss	1
DG046-018----	county|DONEGAL	1
DG046-018----	townland_ga| 	1
DG047-006----	class|ss	1
DG047-006----	county|DONEGAL	1
DG047-006----	townland_ga|Bun na Maighne	1
DG047-010----	class|ss	1
DG047-010----	county|DONEGAL	1
DG047-010----	townland_ga|Spíonóg	1
DG047-011----	class|ss	1
DG047-011----	county|DONEGAL	1
DG047-011----	townland_ga|Spíonóg	1
DG052-008----	class|ss	1
DG052-008----	county|DONEGAL	1
DG052-008----	townland_ga|Cnoc Rátha	1
DG052-011----	class|ss	1
DG052-011----	county|DONEGAL	1
DG052-011----	townland_ga| 	1
DG052-030----	class|ss	1
DG052-030----	county|DONEGAL	1
DG052-030----	townland_ga| 	1
DG052-032----	class|ss	1
DG052-032----	county|DONEGAL	1
DG052-032----	townland_ga| 	1
DG053-001----	class|ss	1
DG053-001----	county|DONEGAL	1
DG053-001----	townland_ga| 	1
DG053-002----	class|ss	1
DG053-002----	county|DONEGAL	1
DG053-002----	townland_ga|Éadan an Charnáin Theas	1
DG053-004----	class|ss	1
DG053-004----	county|DONEGAL	1
DG053-004----	townland_ga| 	1
DG053-005----	class|ss	1
DG053-005----	county|DONEGAL	1
DG053-005----	townland_ga| 	1
DG053-013----	class|ss	1
DG053-013----	county|DONEGAL	1
DG053-013----	townland_ga|Baile Uí Mhaolaíola	1
DG053-014----	class|ss	1
DG053-014----	county|DONEGAL	1
DG053-014----	townland_ga|Cill Chloig	1
DG053-025----	class|ss	1
DG053-025----	county|DONEGAL	1
DG053-025----	townland_ga| 	1
DG053-032----	class|ss	1
DG053-032----	county|DONEGAL	1
DG053-032----	townland_ga|An Seanbhaile	1
DG053-037----	class|ss	1
DG053-037----	county|DONEGAL	1
DG053-037----	townland_ga| 	1
DG053-038----	class|ss	1
DG053-038----	county|DONEGAL	1
DG053-038----	townland_ga| 	1
DG053-053----	class|ss	1
DG053-053----	county|DONEGAL	1
DG053-053----	townland_ga|Ceathrú na mBogach Íochtarach	1
DG054-001----	class|ss	1
DG054-001----	county|DONEGAL	1
DG054-001----	townland_ga| 	1
DG054-002----	class|ss	1
DG054-002----	county|DONEGAL	1
DG054-002----	townland_ga| 	1
DG054-009----	class|ss	1
DG054-009----	county|DONEGAL	1
DG054-009----	townland_ga|An Bheitheach	1
DG054-010----	class|ss	1
DG054-010----	county|DONEGAL	1
DG054-010----	townland_ga|An Bheitheach	1
DG054-015----	class|ss	1
DG054-015----	county|DONEGAL	1
DG054-015----	townland_ga| 	1
DG054-016----	class|ss	1
DG054-016----	county|DONEGAL	1
DG054-016----	townland_ga| 	1
DG054-020----	class|ss	1
DG054-020----	county|DONEGAL	1
DG054-020----	townland_ga|Caisleán Bláthach	1
DG054-022----	class|ss	1
DG054-022----	county|DONEGAL	1
DG054-022----	townland_ga| 	1
DG054-024----	class|ss	1
DG054-024----	county|DONEGAL	1
DG054-024----	townland_ga|An Dubhais	1
DG054-025----	class|ss	1
DG054-025----	county|DONEGAL	1
DG054-025----	townland_ga|Mainéar Uí Chuinneagáin	1
DG054-026----	class|ss	1
DG054-026----	county|DONEGAL	1
DG054-026----	townland_ga|Sruth na Saileach	1
DG054-027----	class|ss	1
DG054-027----	county|DONEGAL	1
DG054-027----	townland_ga|Sruth na Saileach	1
DG054-028----	class|ss	1
DG054-028----	county|DONEGAL	1
DG054-028----	townland_ga| 	1
DG054-030----	class|ss	1
DG054-030----	county|DONEGAL	1
DG054-030----	townland_ga| 	1
DG054-031----	class|ss	1
DG054-031----	county|DONEGAL	1
DG054-031----	townland_ga| 	1
DG054-034----	class|ss	1
DG054-034----	county|DONEGAL	1
DG054-034----	townland_ga| 	1
DG054-035----	class|ss	1
DG054-035----	county|DONEGAL	1
DG054-035----	townland_ga| 	1
DG054-036----	class|ss	1
DG054-036----	county|DONEGAL	1
DG054-036----	townland_ga| 	1
DG054-037----	class|ss	1
DG054-037----	county|DONEGAL	1
DG054-037----	townland_ga| 	1
DG054-038----	class|ss	1
DG054-038----	county|DONEGAL	1
DG054-038----	townland_ga|Pluc	1
DG054-042001-	class|ss	1
DG054-042001-	county|DONEGAL	1
DG054-042002-	class|ss	1
DG054-042002-	county|DONEGAL	1
DG054-042002-	townland_ga| 	1
DG054-044----	class|ss	1
DG054-044----	county|DONEGAL	1
DG054-044----	townland_ga| 	1
DG054-045----	class|ss	1
DG054-045----	county|DONEGAL	1
DG054-045----	townland_ga| 	1
DG054-050----	class|ss	1
DG054-050----	county|DONEGAL	1
DG054-050----	townland_ga| 	1
DG055-003----	class|ss	1
DG055-003----	county|DONEGAL	1
DG055-003----	townland_ga| 	1
DG055-014----	class|ss	1
DG055-014----	county|DONEGAL	1
DG055-014----	townland_ga| 	1
DG055-017----	class|ss	1
DG055-017----	county|DONEGAL	1
DG055-017----	townland_ga| 	1
DG055-020----	class|ss	1
DG055-020----	county|DONEGAL	1
DG055-020----	townland_ga| 	1
DG055-021----	class|ss	1
DG055-021----	county|DONEGAL	1
DG055-021----	townland_ga| 	1
DG055-023001-	class|ss	1
DG055-023001-	county|DONEGAL	1
DG055-023001-	townland_ga| 	1
DG055-023002-	class|ss	1
DG055-023002-	county|DONEGAL	1
DG055-023002-	townland_ga| 	1
DG055-027----	class|ss	1
DG055-027----	county|DONEGAL	1
DG055-027----	townland_ga| 	1
DG060-005----	class|ss	1
DG060-005----	county|DONEGAL	1
DG060-005----	townland_ga|Droim na hUamha	1
DG060-008----	class|ss	1
DG060-008----	county|DONEGAL	1
DG060-008----	townland_ga|Droim an Uchta	1
DG060-009----	class|ss	1
DG060-009----	county|DONEGAL	1
DG060-009----	townland_ga|Droim an Uchta	1
DG060-015----	class|ss	1
DG060-015----	county|DONEGAL	1
DG060-015----	townland_ga|An Trian Caol	1
DG061-003----	class|ss	1
DG061-003----	county|DONEGAL	1
DG061-003----	townland_ga| 	1
DG061-004----	class|ss	1
DG061-004----	county|DONEGAL	1
DG061-007----	class|ss	1
DG061-007----	county|DONEGAL	1
DG061-007----	townland_ga| 	1
DG061-011----	class|ss	1
DG061-011----	county|DONEGAL	1
DG061-011----	townland_ga| 	1
DG061-016----	class|ss	1
DG061-016----	county|DONEGAL	1
DG061-016----	townland_ga|Gleann Mhic Coinn Íochtarach	1
DG061-017----	class|ss	1
DG061-017----	county|DONEGAL	1
DG061-017----	townland_ga|Gleann Mhic Coinn Íochtarach	1
DG061-018----	class|ss	1
DG061-018----	county|DONEGAL	1
DG061-018----	townland_ga|Gleann Mhic Coinn Íochtarach	1
DG062-002----	class|ss	1
DG062-002----	county|DONEGAL	1
DG062-002----	townland_ga| 	1
DG062-006----	class|ss	1
DG062-006----	county|DONEGAL	1
DG062-011----	class|ss	1
DG062-011----	county|DONEGAL	1
DG062-011----	townland_ga| 	1
DG062-015----	class|ss	1
DG062-015----	county|DONEGAL	1
DG062-015----	townland_ga|Baile Uí Thuatháile Thuaidh	1
DG062-016----	class|ss	1
DG062-016----	county|DONEGAL	1
DG062-016----	townland_ga|Baile Uí Thuatháile Thuaidh	1
DG062-018----	class|ss	1
DG062-018----	county|DONEGAL	1
DG062-018----	townland_ga|Móin Ghofraidh	1
DG062-032----	class|ss	1
DG062-032----	county|DONEGAL	1
DG062-032----	townland_ga| 	1
DG062-039----	class|ss	1
DG062-039----	county|DONEGAL	1
DG062-039----	townland_ga| 	1
DG063-002----	class|ss	1
DG063-002----	county|DONEGAL	1
DG063-002----	townland_ga| 	1
DG064-008----	class|ss	1
DG064-008----	county|DONEGAL	1
DG064-008----	townland_ga|An Chluanaidh	1
DG065-003001-	class|ss	1
DG065-003001-	county|DONEGAL	1
DG068-003----	class|ss	1
DG068-003----	county|DONEGAL	1
DG068-018----	class|ss	1
DG068-018----	county|DONEGAL	1
DG068-018----	townland_ga|Baile Bó an Teampaill	1
DG068-021----	class|ss	1
DG068-021----	county|DONEGAL	1
DG068-021----	townland_ga|An Chorr Leacaigh	1
DG069-006----	class|ss	1
DG069-006----	county|DONEGAL	1
DG069-006----	townland_ga|Leitir Móir	1
DG069-012----	class|ss	1
DG069-012----	county|DONEGAL	1
DG069-012----	townland_ga| 	1
DG069-013----	class|ss	1
DG069-013----	county|DONEGAL	1
DG069-013----	townland_ga| 	1
DG069-014----	class|ss	1
DG069-014----	county|DONEGAL	1
DG069-014----	townland_ga| 	1
DG069-015----	class|ss	1
DG069-015----	county|DONEGAL	1
DG069-015----	townland_ga| 	1
DG069-016----	class|ss	1
DG069-016----	county|DONEGAL	1
DG069-016----	townland_ga| 	1
DG069-027----	class|ss	1
DG069-027----	county|DONEGAL	1
DG069-027----	townland_ga| 	1
DG069-032----	class|ss	1
DG069-032----	county|DONEGAL	1
DG069-032----	townland_ga|Rúscaigh Íochtarach	1
DG069-033----	class|ss	1
DG069-033----	county|DONEGAL	1
DG069-033----	townland_ga|Rúscaigh Uachtarach	1
DG069-034----	class|ss	1
DG069-034----	county|DONEGAL	1
DG069-034----	townland_ga|Rúscaigh Uachtarach	1
DG069-037----	class|ss	1
DG069-037----	county|DONEGAL	1
DG069-037----	townland_ga| 	1
DG070-001----	class|ss	1
DG070-001----	county|DONEGAL	1
DG070-001----	townland_ga| 	1
DG070-002----	class|ss	1
DG070-002----	county|DONEGAL	1
DG070-005----	class|ss	1
DG070-005----	county|DONEGAL	1
DG070-005----	townland_ga| 	1
DG070-006----	class|ss	1
DG070-006----	county|DONEGAL	1
DG070-007----	class|ss	1
DG070-007----	county|DONEGAL	1
DG070-007----	townland_ga| 	1
DG070-008----	class|ss	1
DG070-008----	county|DONEGAL	1
DG070-008----	townland_ga| 	1
DG070-009----	class|ss	1
DG070-009----	county|DONEGAL	1
DG070-010----	class|ss	1
DG070-010----	county|DONEGAL	1
DG070-011----	class|ss	1
DG070-011----	county|DONEGAL	1
DG070-011----	townland_ga| 	1
DG070-012----	class|ss	1
DG070-012----	county|DONEGAL	1
DG070-012----	townland_ga| 	1
DG070-013----	class|ss	1
DG070-013----	county|DONEGAL	1
DG070-013----	townland_ga| 	1
DG070-014----	class|ss	1
DG070-014----	county|DONEGAL	1
DG070-014----	townland_ga| 	1
DG070-015----	class|ss	1
DG070-015----	county|DONEGAL	1
DG070-015----	townland_ga|Fiogart	1
DG070-016----	class|ss	1
DG070-016----	county|DONEGAL	1
DG070-016----	townland_ga|Fiogart	1
DG070-021----	class|ss	1
DG070-021----	county|DONEGAL	1
DG070-021----	townland_ga| 	1
DG070-022----	class|ss	1
DG070-022----	county|DONEGAL	1
DG070-022----	townland_ga| 	1
DG070-023----	class|ss	1
DG070-023----	county|DONEGAL	1
DG070-023----	townland_ga| 	1
DG070-024----	class|ss	1
DG070-024----	county|DONEGAL	1
DG070-024----	townland_ga| 	1
DG070-026002-	class|ss	1
DG070-026002-	county|DONEGAL	1
DG070-026002-	townland_ga| 	1
DG070-031----	class|ss	1
DG070-031----	county|DONEGAL	1
DG070-032----	class|ss	1
DG070-032----	county|DONEGAL	1
DG070-032----	townland_ga|An Goirtín Thuaidh	1
DG070-033----	class|ss	1
DG070-033----	county|DONEGAL	1
DG070-033----	townland_ga|An Goirtín Thuaidh	1
DG070-034----	class|ss	1
DG070-034----	county|DONEGAL	1
DG070-034----	townland_ga|Ros Géar	1
DG070-036----	class|ss	1
DG070-036----	county|DONEGAL	1
DG070-036----	townland_ga|Carn Eoghain	1
DG070-039----	class|ss	1
DG070-039----	county|DONEGAL	1
DG070-039----	townland_ga|An Bhealtaine	1
DG070-042----	class|ss	1
DG070-042----	county|DONEGAL	1
DG070-042----	townland_ga| 	1
DG070-047----	class|ss	1
DG070-047----	county|DONEGAL	1
DG070-047----	townland_ga|Ros Géar	1
DG070-048----	class|ss	1
DG070-048----	county|DONEGAL	1
DG070-048----	townland_ga| 	1
DG070-049----	class|ss	1
DG070-049----	county|DONEGAL	1
DG070-049----	townland_ga| 	1
DG070-050----	class|ss	1
DG070-050----	county|DONEGAL	1
DG070-050----	townland_ga| 	1
DG070-051----	class|ss	1
DG070-051----	county|DONEGAL	1
DG070-051----	townland_ga|Carn Eoghain	1
DG070-052----	class|ss	1
DG070-052----	county|DONEGAL	1
DG070-052----	townland_ga|Carn Eoghain	1
DG070-053----	class|ss	1
DG070-053----	county|DONEGAL	1
DG070-053----	townland_ga|Carn Eoghain	1
DG070-054----	class|ss	1
DG070-054----	county|DONEGAL	1
DG070-054----	townland_ga|Carn Eoghain	1
DG070-055----	class|ss	1
DG070-055----	county|DONEGAL	1
DG070-055----	townland_ga| 	1
DG070-057----	class|ss	1
DG070-057----	county|DONEGAL	1
DG070-057----	townland_ga|Carn Eoghain	1
DG070-058----	class|ss	1
DG070-058----	county|DONEGAL	1
DG070-058----	townland_ga|Carn Eoghain	1
DG070-059----	class|ss	1
DG070-059----	county|DONEGAL	1
DG070-059----	townland_ga|Carn Eoghain	1
DG070-061----	class|ss	1
DG070-061----	county|DONEGAL	1
DG070-061----	townland_ga| 	1
DG070-062----	class|ss	1
DG070-062----	county|DONEGAL	1
DG070-062----	townland_ga| 	1
DG070-063001-	class|ss	1
DG070-063001-	county|DONEGAL	1
DG070-063001-	townland_ga| 	1
DG070-072----	class|ss	1
DG070-072----	county|DONEGAL	1
DG070-072----	townland_ga|Cruachán	1
DG071-003001-	class|ss	1
DG071-003001-	county|DONEGAL	1
DG071-003001-	townland_ga| 	1
DG071-003002-	class|ss	1
DG071-003002-	county|DONEGAL	1
DG071-003002-	townland_ga| 	1
DG071-004----	class|ss	1
DG071-004----	county|DONEGAL	1
DG071-004----	townland_ga| 	1
DG071-005----	class|ss	1
DG071-005----	county|DONEGAL	1
DG071-005----	townland_ga|Leifear	1
DG071-006----	class|ss	1
DG071-006----	county|DONEGAL	1
DG071-006----	townland_ga|Leifear	1
DG071-007----	class|ss	1
DG071-007----	county|DONEGAL	1
DG071-007----	townland_ga| 	1
DG071-009----	class|ss	1
DG071-009----	county|DONEGAL	1
DG071-009----	townland_ga| 	1
DG073-016----	class|ss	1
DG073-016----	county|DONEGAL	1
DG073-016----	townland_ga| 	1
DG073-025----	class|ss	1
DG073-025----	county|DONEGAL	1
DG073-025----	townland_ga|Ard an Rátha	1
DG073-053----	class|ss	1
DG073-053----	county|DONEGAL	1
DG073-053----	townland_ga| 	1
DG074-004----	class|ss	1
DG074-004----	county|DONEGAL	1
DG074-004----	townland_ga|Droim na Saileach	1
DG076-001----	class|ss	1
DG076-001----	county|DONEGAL	1
DG076-002----	class|ss	1
DG076-002----	county|DONEGAL	1
DG077-005----	class|ss	1
DG077-005----	county|DONEGAL	1
DG077-005----	townland_ga|Achadh Bheithe	1
DG077-017----	class|ss	1
DG077-017----	county|DONEGAL	1
DG077-017----	townland_ga|An Creagán	1
DG077-026----	class|ss	1
DG077-026----	county|DONEGAL	1
DG077-026----	townland_ga|An Gabhlán	1
DG077-027----	class|ss	1
DG077-027----	county|DONEGAL	1
DG077-027----	townland_ga|An Dubhais	1
DG077-028----	class|ss	1
DG077-028----	county|DONEGAL	1
DG077-028----	townland_ga|An Mhín Bhog	1
DG077-030----	class|ss	1
DG077-030----	county|DONEGAL	1
DG077-030----	townland_ga|Corr Ritheáin	1
DG078-024----	class|ss	1
DG078-024----	county|DONEGAL	1
DG078-024----	townland_ga|Cúil na gCuirridín	1
DG078-025----	class|ss	1
DG078-025----	county|DONEGAL	1
DG078-025----	townland_ga|Cúil na gCuirridín	1
DG078-026----	class|ss	1
DG078-026----	county|DONEGAL	1
DG078-026----	townland_ga|Cúil na gCuirridín	1
DG078-027----	class|ss	1
DG078-027----	county|DONEGAL	1
DG078-027----	townland_ga|An Carn	1
DG078-040----	class|ss	1
DG078-040----	county|DONEGAL	1
DG078-040----	townland_ga|An Carn	1
DG079-010----	class|ss	1
DG079-010----	county|DONEGAL	1
DG079-010----	townland_ga| 	1
DG079-011----	class|ss	1
DG079-011----	county|DONEGAL	1
DG079-011----	townland_ga| 	1
DG079-014----	class|ss	1
DG079-014----	county|DONEGAL	1
DG079-014----	townland_ga| 	1
DG079-018----	class|ss	1
DG079-018----	county|DONEGAL	1
DG079-018----	townland_ga|Corr Chuilinn	1
DG079-019----	class|ss	1
DG079-019----	county|DONEGAL	1
DG079-019----	townland_ga|An Tamhnach Chrom	1
DG079-020----	class|ss	1
DG079-020----	county|DONEGAL	1
DG079-020----	townland_ga| 	1
DG079-021----	class|ss	1
DG079-021----	county|DONEGAL	1
DG079-021----	townland_ga| 	1
DG079-024----	class|ss	1
DG079-024----	county|DONEGAL	1
DG079-024----	townland_ga|An Diméin	1
DG079-026----	class|ss	1
DG079-026----	county|DONEGAL	1
DG079-026----	townland_ga|Dún Gormáin	1
DG079-027----	class|ss	1
DG079-027----	county|DONEGAL	1
DG079-027----	townland_ga|Dún Gormáin	1
DG079-031----	class|ss	1
DG079-031----	county|DONEGAL	1
DG079-031----	townland_ga|Cúil na Slinne	1
DG079-032----	class|ss	1
DG079-032----	county|DONEGAL	1
DG079-032----	townland_ga| 	1
DG079-034----	class|ss	1
DG079-034----	county|DONEGAL	1
DG079-034----	townland_ga| 	1
DG079-037----	class|ss	1
DG079-037----	county|DONEGAL	1
DG079-037----	townland_ga| 	1
DG080-024005-	class|ss	1
DG080-024005-	county|DONEGAL	1
DG080-037----	class|ss	1
DG080-037----	county|DONEGAL	1
DG082-001001-	class|ss	1
DG082-001001-	county|DONEGAL	1
DG082-001001-	townland_ga|Cionn Uchtaigh	1
DG082-001002-	class|ss	1
DG082-001002-	county|DONEGAL	1
DG082-001002-	townland_ga|Cionn Uchtaigh	1
DG086-002002-	class|ss	1
DG086-002002-	county|DONEGAL	1
DG086-002002-	townland_ga|Cruach Eoghanach	1
DG087-001----	class|ss	1
DG087-001----	county|DONEGAL	1
DG087-001----	townland_ga| 	1
DG087-006----	class|ss	1
DG087-006----	county|DONEGAL	1
DG087-006----	townland_ga|Cruach na Locha	1
DG088-002----	class|ss	1
DG088-002----	county|DONEGAL	1
DG088-002----	townland_ga| 	1
DG088-004----	class|ss	1
DG088-004----	county|DONEGAL	1
DG088-004----	townland_ga|Fearna	1
DG089-006002-	class|ss	1
DG089-006002-	county|DONEGAL	1
DG089-006003-	class|ss	1
DG089-006003-	county|DONEGAL	1
DG089-007001-	class|ss	1
DG089-007001-	county|DONEGAL	1
DG089-016----	class|ss	1
DG089-016----	county|DONEGAL	1
DG090-007----	class|ss	1
DG090-007----	county|DONEGAL	1
DG090-016----	class|ss	1
DG090-016----	county|DONEGAL	1
DG092-007----	class|ss	1
DG092-007----	county|DONEGAL	1
DG093-006----	class|ss	1
DG093-006----	county|DONEGAL	1
DG093-006----	townland_ga|Droim Chaoláin	1
DG094-011001-	class|ss	1
DG094-011001-	county|DONEGAL	1
DG094-011001-	townland_ga|Ard Aoibhinn	1
DG094-012----	class|ss	1
DG094-012----	county|DONEGAL	1
DG094-012----	townland_ga| 	1
DG094-013----	class|ss	1
DG094-013----	county|DONEGAL	1
DG094-013----	townland_ga| 	1
DG094-018----	class|ss	1
DG094-018----	county|DONEGAL	1
DG094-018----	townland_ga|An Clochar	1
DG096-040----	class|ss	1
DG096-040----	county|DONEGAL	1
DG097-005001-	class|ss	1
DG097-005001-	county|DONEGAL	1
DG097-005001-	townland_ga| 	1
DG097-005002-	class|ss	1
DG097-005002-	county|DONEGAL	1
DG097-005002-	townland_ga| 	1
DG098-018001-	class|ss	1
DG098-018001-	county|DONEGAL	1
DG098-018001-	townland_ga| 	1
DG098-018002-	class|ss	1
DG098-018002-	county|DONEGAL	1
DG098-018002-	townland_ga| 	1
DG103-063----	class|ss	1
DG103-063----	county|DONEGAL	1
DG103-063----	townland_ga| 	1
DG105-016----	class|ss	1
DG105-016----	county|DONEGAL	1
DG105-016----	townland_ga| 	1
DG106-006002-	class|ss	1
DG106-006002-	county|DONEGAL	1
DG106-006002-	townland_ga|Fionnúir	1
DG106-010----	class|ss	1
DG106-010----	county|DONEGAL	1
DG106-010----	townland_ga|Droim an Chrainn	1
DG106-012----	class|ss	1
DG106-012----	county|DONEGAL	1
DG106-012----	townland_ga|Machaire Cairthe	1
DG106-013----	class|ss	1
DG106-013----	county|DONEGAL	1
DG106-013----	townland_ga|Machaire Cairthe	1
DG107-004002-	class|ss	1
DG107-004002-	county|DONEGAL	1
DG107-004002-	townland_ga| 	1
DG107-013----	class|ss	1
DG107-013----	county|DONEGAL	1
DG107-013----	townland_ga|Cill Domhnaigh	1
DG107-042----	class|ss	1
DG107-042----	county|DONEGAL	1
DG107-042----	townland_ga| 	1
DG107-047----	class|ss	1
DG107-047----	county|DONEGAL	1
DG107-047----	townland_ga|Cúil Chalbhaigh	1
DG107-048001-	class|ss	1
DG107-048001-	county|DONEGAL	1
DG107-048001-	townland_ga|Cúil Chalbhaigh	1
DG107-048002-	class|ss	1
DG107-048002-	county|DONEGAL	1
DG107-048002-	townland_ga|Cúil Chalbhaigh	1
DG107-049----	class|ss	1
DG107-049----	county|DONEGAL	1
DG107-049----	townland_ga| 	1
DG107-050----	class|ss	1
DG107-050----	county|DONEGAL	1
DG107-050----	townland_ga| 	1
DG107-054----	class|ss	1
DG107-054----	county|DONEGAL	1
DG107-054----	townland_ga| 	1
DG107-063----	class|ss	1
DG107-063----	county|DONEGAL	1
DG107-063----	townland_ga|Na Mulláin	1
DG107-067001-	class|ss	1
DG107-067001-	county|DONEGAL	1
DG107-067001-	townland_ga| 	1
DG107-067002-	class|ss	1
DG107-067002-	county|DONEGAL	1
DG107-067002-	townland_ga| 	1
DG107-090----	class|ss	1
DG107-090----	county|DONEGAL	1
DG107-090----	townland_ga| 	1
DG107-092----	class|ss	1
DG107-092----	county|DONEGAL	1
DG107-092----	townland_ga| 	1
DU005-057002-	class|ss	1
DU005-057002-	county|DUBLIN	1
DU005-057002-	townland_ga|Baile an Ridire	1
DU005-177----	class|ss	1
DU005-177----	county|DUBLIN	1
DU005-177----	townland_ga|Baile Coinín	1
DU014-096----	class|ss	1
DU014-096----	county|DUBLIN	1
DU014-096----	townland_ga|Dún Sochlaigh	1
DU021-090----	class|ss	1
DU021-090----	county|DUBLIN	1
DU021-090----	townland_ga|Coillte Leamháin	1
DU024-013----	class|ss	1
DU024-013----	county|DUBLIN	1
DU024-013----	townland_ga|An Ráithín	1
DU025-021001-	class|ss	1
DU025-021001-	county|DUBLIN	1
DU025-021001-	townland_ga|Coill an Chaoich	1
DU025-047002-	class|ss	1
DU025-047002-	county|DUBLIN	1
DU025-047002-	townland_ga|An Baile Nua	1
DU025-050----	class|ss	1
DU025-050----	county|DUBLIN	1
DU025-050----	townland_ga|Gleann Cuilinn	1
DU025-080----	class|ss	1
DU025-080----	county|DUBLIN	1
DU025-080----	townland_ga|Caisleán Uí Cheallaigh	1
DU025-084----	class|ss	1
DU025-084----	county|DUBLIN	1
DU025-084----	townland_ga|An Baile Breac	1
DU025-085----	class|ss	1
DU025-085----	county|DUBLIN	1
DU025-085----	townland_ga|An Baile Breac	1
DU025-086----	class|ss	1
DU025-086----	county|DUBLIN	1
DU025-086----	townland_ga|An Baile Breac	1
DU026-042002-	class|ss	1
DU026-042002-	county|DUBLIN	1
DU026-042002-	townland_ga|Baile Biataigh	1
DU026-118----	class|ss	1
DU026-118----	county|DUBLIN	1
DU026-118----	townland_ga|Baile Uí Bhraonáin	1
GA004-020----	class|ss	1
GA004-020----	county|GALWAY	1
GA004-020----	townland_ga|Cúil Uí Dhubháin	1
GA006-001001-	class|ss	1
GA006-001001-	county|GALWAY	1
GA006-001001-	townland_ga|An tArd Aoibhinn	1
GA006-125----	class|ss	1
GA006-125----	county|GALWAY	1
GA006-125----	townland_ga|Poll an Adhastair	1
GA007-113----	class|ss	1
GA007-113----	county|GALWAY	1
GA007-113----	townland_ga|Uchtach	1
GA009-018----	class|ss	1
GA009-018----	county|GALWAY	1
GA009-018----	townland_ga|An Roisín Dubh	1
GA009-035----	class|ss	1
GA009-035----	county|GALWAY	1
GA009-035----	townland_ga|Ardchoill	1
GA011-012----	class|ss	1
GA011-012----	county|GALWAY	1
GA011-012----	townland_ga|Gleann Creamha	1
GA019-047----	class|ss	1
GA019-047----	county|GALWAY	1
GA019-047----	townland_ga|Na Caológa Thiar	1
GA022-015001-	class|ss	1
GA022-015001-	county|GALWAY	1
GA022-040----	class|ss	1
GA022-040----	county|GALWAY	1
GA022-040----	townland_ga|An Gearrán Bán	1
GA022-050----	class|ss	1
GA022-050----	county|GALWAY	1
GA022-065----	class|ss	1
GA022-065----	county|GALWAY	1
GA022-065----	townland_ga|Sionnanach	1
GA022-079----	class|ss	1
GA022-079----	county|GALWAY	1
GA022-079----	townland_ga|Barr an tSrutha	1
GA022-086----	class|ss	1
GA022-086----	county|GALWAY	1
GA022-086----	townland_ga|An Baile Nua	1
GA022-099----	class|ss	1
GA022-099----	county|GALWAY	1
GA022-099----	townland_ga|Cluain Idir Dhá Abhainn	1
GA022-107----	class|ss	1
GA022-107----	county|GALWAY	1
GA022-107----	townland_ga|An Baile Nua	1
GA022-108----	class|ss	1
GA022-108----	county|GALWAY	1
GA022-108----	townland_ga|Barr an tSrutha	1
GA022-125----	class|ss	1
GA022-125----	county|GALWAY	1
GA022-125----	townland_ga|Doire Leathan	1
GA023-008----	class|ss	1
GA023-008----	county|GALWAY	1
GA023-008----	townland_ga|Caolchoill	1
GA023-028----	class|ss	1
GA023-028----	county|GALWAY	1
GA023-028----	townland_ga|Ros Cré	1
GA023-029----	class|ss	1
GA023-029----	county|GALWAY	1
GA023-029----	townland_ga|Ros Liag	1
GA023-031----	class|ss	1
GA023-031----	county|GALWAY	1
GA023-031----	townland_ga|Ros Liag	1
GA023-055----	class|ss	1
GA023-055----	county|GALWAY	1
GA023-055----	townland_ga|Leitir Fraic	1
GA026-015----	class|ss	1
GA026-015----	county|GALWAY	1
GA026-019----	class|ss	1
GA026-019----	county|GALWAY	1
GA033-062----	class|ss	1
GA033-062----	county|GALWAY	1
GA033-062----	townland_ga|Cill ar Ghualainn	1
GA035-015002-	class|ss	1
GA035-015002-	county|GALWAY	1
GA035-015002-	townland_ga|An Clochán	1
GA035-027----	class|ss	1
GA035-027----	county|GALWAY	1
GA035-027----	townland_ga|Diméin an Chlocháin	1
GA035-043----	class|ss	1
GA035-043----	county|GALWAY	1
GA035-043----	townland_ga|Na Fáil	1
GA035-054----	class|ss	1
GA035-054----	county|GALWAY	1
GA035-054----	townland_ga|Leitir Dín	1
GA036-003----	class|ss	1
GA036-003----	county|GALWAY	1
GA036-003----	townland_ga|Baile na hInse	1
GA042-011----	class|ss	1
GA042-011----	county|GALWAY	1
GA042-011----	townland_ga|Baile an Bhóthair	1
GA042-038002-	class|ss	1
GA042-038002-	county|GALWAY	1
GA042-038002-	townland_ga|Muine Ánráin	1
GA042-109----	class|ss	1
GA042-109----	county|GALWAY	1
GA042-109----	townland_ga|Crois Fhursa	1
GA042-167003-	class|ss	1
GA042-167003-	county|GALWAY	1
GA042-167003-	townland_ga|An Leargain	1
GA054-001----	class|ss	1
GA054-001----	county|GALWAY	1
GA054-001----	townland_ga|Ardbhearna	1
GA056-054002-	class|ss	1
GA056-054002-	county|GALWAY	1
GA056-054002-	townland_ga|Cloch an Uabhair	1
GA056-147----	class|ss	1
GA056-147----	county|GALWAY	1
GA056-147----	townland_ga|Caorthannán	1
GA067-028----	class|ss	1
GA067-028----	county|GALWAY	1
GA068-037----	class|ss	1
GA068-037----	county|GALWAY	1
GA084-098----	class|ss	1
GA084-098----	county|GALWAY	1
GA084-098----	townland_ga|An Mhóin Bhán	1
GA086-124003-	class|ss	1
GA086-124003-	county|GALWAY	1
GA086-124003-	townland_ga|An Ghléib	1
GA087-023----	class|ss	1
GA087-023----	county|GALWAY	1
GA087-023----	townland_ga|An Cheapach	1
GA094-071----	class|ss	1
GA094-071----	county|GALWAY	1
GA097-034----	class|ss	1
GA097-034----	county|GALWAY	1
GA097-034----	townland_ga|Cathair Éinrí Sheoighe	1
GA097-060----	class|ss	1
GA097-060----	county|GALWAY	1
GA097-060----	townland_ga|An Cheathrú Bhán	1
GA097-148002-	class|ss	1
GA097-148002-	county|GALWAY	1
GA097-148002-	townland_ga|Tuath Lúbáin an Teampaill	1
GA097-150002-	class|ss	1
GA097-150002-	county|GALWAY	1
GA097-150002-	townland_ga|An Tuar Rua	1
GA097-150005-	class|ss	1
GA097-150005-	county|GALWAY	1
GA097-150005-	townland_ga|An Tuar Rua	1
GA098-031----	class|ss	1
GA098-031----	county|GALWAY	1
GA098-031----	townland_ga|Baile Uí Dhónalláin Thoir	1
GA098-067----	class|ss	1
GA098-067----	county|GALWAY	1
GA098-067----	townland_ga|An Cheathrú Mhór	1
GA098-067001-	class|ss	1
GA098-067001-	county|GALWAY	1
GA098-067001-	townland_ga|An Cheathrú Mhór	1
GA103-004----	class|ss	1
GA103-004----	county|GALWAY	1
GA103-004----	townland_ga|Cnoc an Bhodaigh	1
GA103-027----	class|ss	1
GA103-027----	county|GALWAY	1
GA103-027----	townland_ga|Baile na Cúirte	1
GA104-034----	class|ss	1
GA104-034----	county|GALWAY	1
GA104-034----	townland_ga|Baile Uí Fhloinn Thoir	1
GA104-035----	class|ss	1
GA104-035----	county|GALWAY	1
GA104-035----	townland_ga|Baile Uí Fhloinn Thiar	1
GA104-155----	class|ss	1
GA104-155----	county|GALWAY	1
GA104-155----	townland_ga|Cill Chuáin	1
GA104-263----	class|ss	1
GA104-263----	county|GALWAY	1
GA104-263----	townland_ga|Ruachán	1
GA105-217----	class|ss	1
GA105-217----	county|GALWAY	1
GA105-217----	townland_ga|Baile Choide	1
GA105-220----	class|ss	1
GA105-220----	county|GALWAY	1
GA105-220----	townland_ga|Cnoc an Daimh Mhóir	1
GA105-237----	class|ss	1
GA105-237----	county|GALWAY	1
GA105-237----	townland_ga|Páirc an Iarla	1
GA107-141003-	class|ss	1
GA107-141003-	county|GALWAY	1
GA107-141003-	townland_ga|Lios an Uisce Thuaidh	1
GA108-137----	class|ss	1
GA108-137----	county|GALWAY	1
GA108-137----	townland_ga|An Ghráinseach	1
GA108-173----	class|ss	1
GA108-173----	county|GALWAY	1
GA108-173----	townland_ga|Lios an Acóidigh	1
GA110-026----	class|ss	1
GA110-026----	county|GALWAY	1
GA114-006----	class|ss	1
GA114-006----	county|GALWAY	1
GA114-006----	townland_ga|An Baile Buí	1
GA114-100003-	class|ss	1
GA114-100003-	county|GALWAY	1
GA114-100003-	townland_ga|Cill Charúráin	1
GA116-018----	class|ss	1
GA116-018----	county|GALWAY	1
GA116-018----	townland_ga|An Cheathrú Chaol	1
GA116-087----	class|ss	1
GA116-087----	county|GALWAY	1
GA116-087----	townland_ga|Liatroim Mór	1
GA116-088----	class|ss	1
GA116-088----	county|GALWAY	1
GA116-088----	townland_ga|Liatroim Mór	1
GA116-090----	class|ss	1
GA116-090----	county|GALWAY	1
GA116-090----	townland_ga|Lisín an Lín	1
GA118-028----	class|ss	1
GA118-028----	county|GALWAY	1
GA118-028----	townland_ga|Doire Shuibhne Thuaidh	1
GA118-050----	class|ss	1
GA118-050----	county|GALWAY	1
GA118-050----	townland_ga|Gall	1
GA124-002----	class|ss	1
GA124-002----	county|GALWAY	1
GA124-002----	townland_ga|Cuileannach	1
GA125-037----	class|ss	1
GA125-037----	county|GALWAY	1
GA125-037----	townland_ga|An Cluainín	1
GA125-074----	class|ss	1
GA125-074----	county|GALWAY	1
GA125-074----	townland_ga|An Cnocán Carrach	1
GA125-082----	class|ss	1
GA125-082----	county|GALWAY	1
GA125-082----	townland_ga|An Cnoc Rua	1
GA126-014----	class|ss	1
GA126-014----	county|GALWAY	1
GA126-014----	townland_ga|Cluain Maoláin Mór	1
GA128-061----	class|ss	1
GA128-061----	county|GALWAY	1
GA128-061----	townland_ga|An Leathchoill	1
GA129-038----	class|ss	1
GA129-038----	county|GALWAY	1
GA129-038----	townland_ga|Diméin Loch Cútra	1
KD006-010----	class|ss	1
KD006-010----	county|KILDARE	1
KD006-010----	townland_ga|Cill Mochriodóg Íochtarach	1
KD009-013----	class|ss	1
KD009-013----	county|KILDARE	1
KD009-013----	townland_ga|Droim Urchaille	1
KD017-049----	class|ss	1
KD017-049----	county|KILDARE	1
KD017-049----	townland_ga|Ráth Iomgháin	1
KD019-022002-	class|ss	1
KD019-022002-	county|KILDARE	1
KD019-022002-	townland_ga| 	1
KD019-041----	class|ss	1
KD019-041----	county|KILDARE	1
KD019-041----	townland_ga|An Baile Nua	1
KD019-059----	class|ss	1
KD019-059----	county|KILDARE	1
KD019-059----	townland_ga|An Maidilín	1
KD019-065----	class|ss	1
KD019-065----	county|KILDARE	1
KD019-065----	townland_ga| 	1
KD023-015----	class|ss	1
KD023-015----	county|KILDARE	1
KD023-015----	townland_ga|Connail Mhór	1
KD024-007----	class|ss	1
KD024-007----	county|KILDARE	1
KD024-007----	townland_ga|Baile an Chradógaigh Thiar	1
KD024-009001-	class|ss	1
KD024-009001-	county|KILDARE	1
KD024-009001-	townland_ga|Baile Phúinse Mór	1
KD029-014001-	class|ss	1
KD029-014001-	county|KILDARE	1
KD029-014001-	townland_ga| 	1
KD032-012001-	class|ss	1
KD032-012001-	county|KILDARE	1
KD032-012001-	townland_ga|Cill Ghabhann	1
KD036-017001-	class|ss	1
KD036-017001-	county|KILDARE	1
KD036-017001-	townland_ga|Mullach Maistean	1
KD036-027001-	class|ss	1
KD036-027001-	county|KILDARE	1
KD036-027001-	townland_ga|Tigh Moling	1
KD038-005----	class|ss	1
KD038-005----	county|KILDARE	1
KD038-005----	townland_ga| 	1
KD038-065----	class|ss	1
KD038-065----	county|KILDARE	1
KD038-065----	townland_ga|Cnoc an tSirriaim	1
KD040-040----	class|ss	1
KD040-040----	county|KILDARE	1
KD040-040----	townland_ga| 	1
KE001-002----	class|ss	1
KE001-002----	county|KERRY	1
KE001-002----	townland_ga|Biaille Thoir	1
KE001-006----	class|ss	1
KE001-006----	county|KERRY	1
KE001-006----	townland_ga|Biaille Láir	1
KE001-022----	class|ss	1
KE001-022----	county|KERRY	1
KE001-022----	townland_ga|An Gallán Thoir	1
KE003-020----	class|ss	1
KE003-020----	county|KERRY	1
KE003-020----	townland_ga|Gleann Saileach	1
KE011-042002-	class|ss	1
KE011-042002-	county|KERRY	1
KE011-042002-	townland_ga| 	1
KE011-043----	class|ss	1
KE011-043----	county|KERRY	1
KE011-043----	townland_ga|An Leaca Thoir	1
KE013-009----	class|ss	1
KE013-009----	county|KERRY	1
KE013-009----	townland_ga|An Tigh Dubh	1
KE013-010----	class|ss	1
KE013-010----	county|KERRY	1
KE013-010----	townland_ga|An Tigh Dubh	1
KE013-011----	class|ss	1
KE013-011----	county|KERRY	1
KE013-011----	townland_ga|An Tigh Dubh	1
KE013-014----	class|ss	1
KE013-014----	county|KERRY	1
KE013-014----	townland_ga|An Tigh Dubh	1
KE015-075----	class|ss	1
KE015-075----	county|KERRY	1
KE015-075----	townland_ga|Baile an Chloichir	1
KE017-030----	class|ss	1
KE017-030----	county|KERRY	1
KE017-030----	townland_ga|An Lios Rua	1
KE018-006----	class|ss	1
KE018-006----	county|KERRY	1
KE018-006----	townland_ga|Baile na Gráige	1
KE020-020001-	class|ss	1
KE020-020001-	county|KERRY	1
KE020-020001-	townland_ga|Cill Fhiacaile	1
KE020-030002-	class|ss	1
KE020-030002-	county|KERRY	1
KE020-030002-	townland_ga|An Leirg Theas	1
KE020-069----	class|ss	1
KE020-069----	county|KERRY	1
KE020-069----	townland_ga|Lios Catháin	1
KE021-013----	class|ss	1
KE021-013----	county|KERRY	1
KE021-013----	townland_ga|An Leirg Thuaidh	1
KE022-018----	class|ss	1
KE022-018----	county|KERRY	1
KE022-018----	townland_ga|An Tulaigh	1
KE022-021----	class|ss	1
KE022-021----	county|KERRY	1
KE022-021----	townland_ga|Gleann Baile Má	1
KE023-008----	class|ss	1
KE023-008----	county|KERRY	1
KE023-008----	townland_ga|An Bheithíneach	1
KE027-005----	class|ss	1
KE027-005----	county|KERRY	1
KE027-005----	townland_ga|Cill Seanaigh	1
KE029-116----	class|ss	1
KE029-116----	county|KERRY	1
KE029-116----	townland_ga|Carraigín Dónaill	1
KE029-263----	class|ss	1
KE029-263----	county|KERRY	1
KE029-263----	townland_ga|Cathair Bréach	1
KE030-028----	class|ss	1
KE030-028----	county|KERRY	1
KE030-028----	townland_ga| 	1
KE033-006----	class|ss	1
KE033-006----	county|KERRY	1
KE033-013001-	class|ss	1
KE033-013001-	county|KERRY	1
KE033-020----	class|ss	1
KE033-020----	county|KERRY	1
KE034-060----	class|ss	1
KE034-060----	county|KERRY	1
KE034-114----	class|ss	1
KE034-114----	county|KERRY	1
KE035-004----	class|ss	1
KE035-004----	county|KERRY	1
KE035-022----	class|ss	1
KE035-022----	county|KERRY	1
KE035-022----	townland_ga|Fearann Túilín	1
KE035-037----	class|ss	1
KE035-037----	county|KERRY	1
KE035-045----	class|ss	1
KE035-045----	county|KERRY	1
KE035-049----	class|ss	1
KE035-049----	county|KERRY	1
KE035-072001-	class|ss	1
KE035-072001-	county|KERRY	1
KE035-073002-	class|ss	1
KE035-073002-	county|KERRY	1
KE035-073003-	class|ss	1
KE035-073003-	county|KERRY	1
KE036-002----	class|ss	1
KE036-002----	county|KERRY	1
KE036-002----	townland_ga|Cill Aighne	1
KE036-009----	class|ss	1
KE036-009----	county|KERRY	1
KE036-009----	townland_ga|Áth an Chaisle Thuaidh	1
KE036-026----	class|ss	1
KE036-026----	county|KERRY	1
KE036-026----	townland_ga|Dubháth	1
KE036-039----	class|ss	1
KE036-039----	county|KERRY	1
KE036-039----	townland_ga|Cnocán an Bhácúis	1
KE036-055----	class|ss	1
KE036-055----	county|KERRY	1
KE036-055----	townland_ga|Faill an Trisnigh	1
KE036-060----	class|ss	1
KE036-060----	county|KERRY	1
KE036-060----	townland_ga|Gleann na nGealt	1
KE036-120----	class|ss	1
KE036-120----	county|KERRY	1
KE036-120----	townland_ga|Faill an Trisnigh	1
KE036-123----	class|ss	1
KE036-123----	county|KERRY	1
KE036-123----	townland_ga|Faill an Trisnigh	1
KE037-020----	class|ss	1
KE037-020----	county|KERRY	1
KE037-020----	townland_ga|An Cnoc Glas Beag	1
KE037-023----	class|ss	1
KE037-023----	county|KERRY	1
KE037-023----	townland_ga|Cill Eiltín	1
KE037-042----	class|ss	1
KE037-042----	county|KERRY	1
KE037-042----	townland_ga|Coillte an Bháin	1
KE037-066----	class|ss	1
KE037-066----	county|KERRY	1
KE037-066----	townland_ga|An Curraichín	1
KE038-003004-	class|ss	1
KE038-003004-	county|KERRY	1
KE038-003004-	townland_ga|Eanach	1
KE038-003007-	class|ss	1
KE038-003007-	county|KERRY	1
KE038-003007-	townland_ga|Eanach	1
KE038-010004-	class|ss	1
KE038-010004-	county|KERRY	1
KE038-010004-	townland_ga|Baile Uí Dhoinnléibhe	1
KE038-058----	class|ss	1
KE038-058----	county|KERRY	1
KE038-058----	townland_ga|Tóin an Bháin	1
KE038-102----	class|ss	1
KE038-102----	county|KERRY	1
KE038-102----	townland_ga| 	1
KE038-124----	class|ss	1
KE038-124----	county|KERRY	1
KE038-124----	townland_ga|Tóin an Bháin	1
KE039-085----	class|ss	1
KE039-085----	county|KERRY	1
KE039-085----	townland_ga|Cúil Chua	1
KE039-106----	class|ss	1
KE039-106----	county|KERRY	1
KE039-106----	townland_ga|An Garrán Darach	1
KE039-114----	class|ss	1
KE039-114----	county|KERRY	1
KE039-114----	townland_ga|Cill Fallainge	1
KE039-121003-	class|ss	1
KE039-121003-	county|KERRY	1
KE039-121003-	townland_ga| 	1
KE039-135----	class|ss	1
KE039-135----	county|KERRY	1
KE039-135----	townland_ga| 	1
KE040-097----	class|ss	1
KE040-097----	county|KERRY	1
KE040-097----	townland_ga|Cill Chuáin	1
KE040-136----	class|ss	1
KE040-136----	county|KERRY	1
KE040-136----	townland_ga|Cordal Thiar	1
KE042-027----	class|ss	1
KE042-027----	county|KERRY	1
KE042-027001-	class|ss	1
KE042-027001-	county|KERRY	1
KE042-066----	class|ss	1
KE042-066----	county|KERRY	1
KE042-067----	class|ss	1
KE042-067----	county|KERRY	1
KE042-076----	class|ss	1
KE042-076----	county|KERRY	1
KE042-089----	class|ss	1
KE042-089----	county|KERRY	1
KE042-091----	class|ss	1
KE042-091----	county|KERRY	1
KE042-097----	class|ss	1
KE042-097----	county|KERRY	1
KE042-101----	class|ss	1
KE042-101----	county|KERRY	1
KE042-111----	class|ss	1
KE042-111----	county|KERRY	1
KE042-120----	class|ss	1
KE042-120----	county|KERRY	1
KE042-125----	class|ss	1
KE042-125----	county|KERRY	1
KE042-132009-	class|ss	1
KE042-132009-	county|KERRY	1
KE043-005----	class|ss	1
KE043-005----	county|KERRY	1
KE043-006----	class|ss	1
KE043-006----	county|KERRY	1
KE043-031002-	class|ss	1
KE043-031002-	county|KERRY	1
KE043-053----	class|ss	1
KE043-053----	county|KERRY	1
KE043-123001-	class|ss	1
KE043-123001-	county|KERRY	1
KE043-124----	class|ss	1
KE043-124----	county|KERRY	1
KE043-128----	class|ss	1
KE043-128----	county|KERRY	1
KE043-136----	class|ss	1
KE043-136----	county|KERRY	1
KE043-172----	class|ss	1
KE043-172----	county|KERRY	1
KE043-174----	class|ss	1
KE043-174----	county|KERRY	1
KE043-185----	class|ss	1
KE043-185----	county|KERRY	1
KE043-187----	class|ss	1
KE043-187----	county|KERRY	1
KE043-193----	class|ss	1
KE043-193----	county|KERRY	1
KE043-196----	class|ss	1
KE043-196----	county|KERRY	1
KE043-205----	class|ss	1
KE043-205----	county|KERRY	1
KE043-206----	class|ss	1
KE043-206----	county|KERRY	1
KE043-215----	class|ss	1
KE043-215----	county|KERRY	1
KE043-235----	class|ss	1
KE043-235----	county|KERRY	1
KE043-245----	class|ss	1
KE043-245----	county|KERRY	1
KE043-256002-	class|ss	1
KE043-256002-	county|KERRY	1
KE043-265----	class|ss	1
KE043-265----	county|KERRY	1
KE044-011----	class|ss	1
KE044-011----	county|KERRY	1
KE044-011----	townland_ga|Drom an Bhaile	1
KE044-014----	class|ss	1
KE044-014----	county|KERRY	1
KE044-014----	townland_ga|Drom an Bhaile	1
KE044-024----	class|ss	1
KE044-024----	county|KERRY	1
KE044-024----	townland_ga|An Com Dubh	1
KE044-029001-	class|ss	1
KE044-029001-	county|KERRY	1
KE044-031----	class|ss	1
KE044-031----	county|KERRY	1
KE044-031----	townland_ga|Baile na Cúirte	1
KE044-036----	class|ss	1
KE044-036----	county|KERRY	1
KE044-053----	class|ss	1
KE044-053----	county|KERRY	1
KE044-053----	townland_ga|An Com Dubh	1
KE044-066----	class|ss	1
KE044-066----	county|KERRY	1
KE044-066----	townland_ga|Áth na gCeap	1
KE044-068----	class|ss	1
KE044-068----	county|KERRY	1
KE044-068----	townland_ga|Doire Uí Ghormáin	1
KE044-082----	class|ss	1
KE044-082----	county|KERRY	1
KE044-116----	class|ss	1
KE044-116----	county|KERRY	1
KE044-116----	townland_ga|Baile na Cúirte	1
KE045-010----	class|ss	1
KE045-010----	county|KERRY	1
KE045-010----	townland_ga|An Gleann Mór	1
KE045-013007-	class|ss	1
KE045-013007-	county|KERRY	1
KE045-013007-	townland_ga|Mám na hAltóra	1
KE045-015----	class|ss	1
KE045-015----	county|KERRY	1
KE045-015----	townland_ga|Baile na Hunta	1
KE045-026----	class|ss	1
KE045-026----	county|KERRY	1
KE045-026----	townland_ga|An Ráth Dubh	1
KE045-031----	class|ss	1
KE045-031----	county|KERRY	1
KE045-031----	townland_ga|Baile an Phléamannaigh	1
KE045-065----	class|ss	1
KE045-065----	county|KERRY	1
KE045-065----	townland_ga|Gleann na hUidhre	1
KE045-073----	class|ss	1
KE045-073----	county|KERRY	1
KE045-073----	townland_ga|An Chillíneach	1
KE045-083001-	class|ss	1
KE045-083001-	county|KERRY	1
KE045-083001-	townland_ga|An Bhreac-chluain	1
KE045-098----	class|ss	1
KE045-098----	county|KERRY	1
KE045-098----	townland_ga|Cathair Phiarais	1
KE045-102----	class|ss	1
KE045-102----	county|KERRY	1
KE045-102----	townland_ga|An tImleach	1
KE045-114----	class|ss	1
KE045-114----	county|KERRY	1
KE045-114----	townland_ga|An tImleach	1
KE046-007----	class|ss	1
KE046-007----	county|KERRY	1
KE046-007----	townland_ga|Caisleán na Dromann	1
KE046-009----	class|ss	1
KE046-009----	county|KERRY	1
KE046-009----	townland_ga|An Leac	1
KE046-015----	class|ss	1
KE046-015----	county|KERRY	1
KE046-015----	townland_ga|Achaill	1
KE046-022003-	class|ss	1
KE046-022003-	county|KERRY	1
KE046-022003-	townland_ga|An Chill	1
KE046-023----	class|ss	1
KE046-023----	county|KERRY	1
KE046-023----	townland_ga|Corcaigh Buí	1
KE046-040001-	class|ss	1
KE046-040001-	county|KERRY	1
KE046-040001-	townland_ga|An Leac	1
KE047-013001-	class|ss	1
KE047-013001-	county|KERRY	1
KE047-013001-	townland_ga|Baile an Ghambúnaigh Uachtarach	1
KE047-021002-	class|ss	1
KE047-021002-	county|KERRY	1
KE047-021002-	townland_ga|Caisleán na Dromann	1
KE047-026----	class|ss	1
KE047-026----	county|KERRY	1
KE047-026----	townland_ga|Ard Cánachta	1
KE047-058----	class|ss	1
KE047-058----	county|KERRY	1
KE047-058----	townland_ga|An Baile Uachtarach Theas	1
KE047-106----	class|ss	1
KE047-106----	county|KERRY	1
KE047-106----	townland_ga| 	1
KE047-107----	class|ss	1
KE047-107----	county|KERRY	1
KE047-107----	townland_ga|Coill an Chlocháin	1
KE047-108----	class|ss	1
KE047-108----	county|KERRY	1
KE047-108----	townland_ga|Coill an Chlocháin	1
KE047-109----	class|ss	1
KE047-109----	county|KERRY	1
KE047-109----	townland_ga|Coill an Chlocháin	1
KE047-110----	class|ss	1
KE047-110----	county|KERRY	1
KE047-110----	townland_ga| 	1
KE048-015----	class|ss	1
KE048-015----	county|KERRY	1
KE048-015----	townland_ga|An Chraig	1
KE048-017----	class|ss	1
KE048-017----	county|KERRY	1
KE048-017----	townland_ga|Cill Fheidhlim	1
KE048-044----	class|ss	1
KE048-044----	county|KERRY	1
KE048-044----	townland_ga|Páirc na Smután	1
KE048-062----	class|ss	1
KE048-062----	county|KERRY	1
KE048-062----	townland_ga| 	1
KE048-086----	class|ss	1
KE048-086----	county|KERRY	1
KE048-086----	townland_ga|Buaile Choileáin	1
KE048-119----	class|ss	1
KE048-119----	county|KERRY	1
KE048-119----	townland_ga| 	1
KE048-119001-	class|ss	1
KE048-119001-	county|KERRY	1
KE048-119001-	townland_ga| 	1
KE048-282----	class|ss	1
KE048-282----	county|KERRY	1
KE048-282----	townland_ga| 	1
KE049-028002-	class|ss	1
KE049-028002-	county|KERRY	1
KE049-028002-	townland_ga|Scairteach an Ghlinne	1
KE050-002----	class|ss	1
KE050-002----	county|KERRY	1
KE050-002----	townland_ga|An Doirín	1
KE051-015----	class|ss	1
KE051-015----	county|KERRY	1
KE052-010----	class|ss	1
KE052-010----	county|KERRY	1
KE052-020----	class|ss	1
KE052-020----	county|KERRY	1
KE052-046004-	class|ss	1
KE052-046004-	county|KERRY	1
KE052-053----	class|ss	1
KE052-053----	county|KERRY	1
KE052-078----	class|ss	1
KE052-078----	county|KERRY	1
KE052-085002-	class|ss	1
KE052-085002-	county|KERRY	1
KE052-102----	class|ss	1
KE052-102----	county|KERRY	1
KE052-107----	class|ss	1
KE052-107----	county|KERRY	1
KE052-109----	class|ss	1
KE052-109----	county|KERRY	1
KE052-112----	class|ss	1
KE052-112----	county|KERRY	1
KE052-277----	class|ss	1
KE052-277----	county|KERRY	1
KE053-004----	class|ss	1
KE053-004----	county|KERRY	1
KE053-025----	class|ss	1
KE053-025----	county|KERRY	1
KE053-048----	class|ss	1
KE053-048----	county|KERRY	1
KE053-075----	class|ss	1
KE053-075----	county|KERRY	1
KE054-001----	class|ss	1
KE054-001----	county|KERRY	1
KE054-011----	class|ss	1
KE054-011----	county|KERRY	1
KE054-016001-	class|ss	1
KE054-016001-	county|KERRY	1
KE054-017----	class|ss	1
KE054-017----	county|KERRY	1
KE054-026----	class|ss	1
KE054-026----	county|KERRY	1
KE054-029----	class|ss	1
KE054-029----	county|KERRY	1
KE054-079----	class|ss	1
KE054-079----	county|KERRY	1
KE054-080----	class|ss	1
KE054-080----	county|KERRY	1
KE054-081----	class|ss	1
KE054-081----	county|KERRY	1
KE056-019----	class|ss	1
KE056-019----	county|KERRY	1
KE056-019----	townland_ga|Baile Mhic an Phríora	1
KE056-020001-	class|ss	1
KE056-020001-	county|KERRY	1
KE056-020001-	townland_ga| 	1
KE056-029----	class|ss	1
KE056-029----	county|KERRY	1
KE056-029----	townland_ga|An Bháinseach	1
KE056-031----	class|ss	1
KE056-031----	county|KERRY	1
KE056-031----	townland_ga|Ard Muiníl	1
KE056-032----	class|ss	1
KE056-032----	county|KERRY	1
KE056-032----	townland_ga|Ard Muiníl	1
KE056-034----	class|ss	1
KE056-034----	county|KERRY	1
KE056-034----	townland_ga|Tuairín na Sliogán	1
KE056-035----	class|ss	1
KE056-035----	county|KERRY	1
KE056-035----	townland_ga|Ard Muiníl	1
KE056-036----	class|ss	1
KE056-036----	county|KERRY	1
KE056-036----	townland_ga|Cnoc na Buaile	1
KE056-040----	class|ss	1
KE056-040----	county|KERRY	1
KE056-040----	townland_ga|Abhainn an Gharraí	1
KE056-042----	class|ss	1
KE056-042----	county|KERRY	1
KE056-042----	townland_ga|Abhainn an Gharraí	1
KE056-052----	class|ss	1
KE056-052----	county|KERRY	1
KE056-052----	townland_ga|An Bháinseach	1
KE056-061----	class|ss	1
KE056-061----	county|KERRY	1
KE056-061----	townland_ga|Rang	1
KE057-066001-	class|ss	1
KE057-066001-	county|KERRY	1
KE057-066001-	townland_ga| 	1
KE058-043002-	class|ss	1
KE058-043002-	county|KERRY	1
KE058-043002-	townland_ga| 	1
KE058-044003-	class|ss	1
KE058-044003-	county|KERRY	1
KE058-044003-	townland_ga| 	1
KE058-115----	class|ss	1
KE058-115----	county|KERRY	1
KE058-115----	townland_ga| 	1
KE058-131----	class|ss	1
KE058-131----	county|KERRY	1
KE058-131----	townland_ga| 	1
KE058-133----	class|ss	1
KE058-133----	county|KERRY	1
KE058-133----	townland_ga|Baile Uí Dhoinnléibhe	1
KE058-135----	class|ss	1
KE058-135----	county|KERRY	1
KE058-135----	townland_ga| 	1
KE058-140----	class|ss	1
KE058-140----	county|KERRY	1
KE058-140----	townland_ga|Drom Duthaigh Mór	1
KE058-511----	class|ss	1
KE058-511----	county|KERRY	1
KE058-511----	townland_ga| 	1
KE058-513----	class|ss	1
KE058-513----	county|KERRY	1
KE058-513----	townland_ga|Cnoc Fhornocht Thoir	1
KE059-018----	class|ss	1
KE059-018----	county|KERRY	1
KE059-018----	townland_ga| 	1
KE059-020----	class|ss	1
KE059-020----	county|KERRY	1
KE059-020----	townland_ga| 	1
KE059-028----	class|ss	1
KE059-028----	county|KERRY	1
KE059-028----	townland_ga| 	1
KE059-040----	class|ss	1
KE059-040----	county|KERRY	1
KE059-040----	townland_ga| 	1
KE060-004002-	class|ss	1
KE060-004002-	county|KERRY	1
KE060-004002-	townland_ga|An Gallán Thiar	1
KE062-003----	class|ss	1
KE062-003----	county|KERRY	1
KE062-003----	townland_ga|Glinsce	1
KE063-009----	class|ss	1
KE063-009----	county|KERRY	1
KE063-009----	townland_ga|Cill na mBreac Uachtarach	1
KE063-017----	class|ss	1
KE063-017----	county|KERRY	1
KE063-017----	townland_ga| 	1
KE063-020----	class|ss	1
KE063-020----	county|KERRY	1
KE063-020----	townland_ga| 	1
KE064-015002-	class|ss	1
KE064-015002-	county|KERRY	1
KE064-015002-	townland_ga|Gort Trilig	1
KE065-024----	class|ss	1
KE065-024----	county|KERRY	1
KE065-024----	townland_ga|Seanairí Íochtarach	1
KE065-037----	class|ss	1
KE065-037----	county|KERRY	1
KE065-037----	townland_ga|Cill Ghobnait	1
KE065-038----	class|ss	1
KE065-038----	county|KERRY	1
KE065-038----	townland_ga|Cill Ghobnait	1
KE065-039----	class|ss	1
KE065-039----	county|KERRY	1
KE065-039----	townland_ga|Cill Ghobnait	1
KE065-046----	class|ss	1
KE065-046----	county|KERRY	1
KE065-046----	townland_ga|Seanchluain	1
KE065-060----	class|ss	1
KE065-060----	county|KERRY	1
KE065-060----	townland_ga|Ceapaigh Gainín	1
KE065-064----	class|ss	1
KE065-064----	county|KERRY	1
KE065-064----	townland_ga|Cuileanach Íochtarach	1
KE065-072----	class|ss	1
KE065-072----	county|KERRY	1
KE065-072----	townland_ga|Cuileannach Uachtarach	1
KE065-073----	class|ss	1
KE065-073----	county|KERRY	1
KE065-073----	townland_ga|Cuileannach Uachtarach	1
KE065-074----	class|ss	1
KE065-074----	county|KERRY	1
KE065-074----	townland_ga|Cuileannach Uachtarach	1
KE065-092----	class|ss	1
KE065-092----	county|KERRY	1
KE065-092----	townland_ga|An Cladach	1
KE066-011----	class|ss	1
KE066-011----	county|KERRY	1
KE066-011----	townland_ga|An Fosadh	1
KE066-025----	class|ss	1
KE066-025----	county|KERRY	1
KE066-025----	townland_ga| 	1
KE066-047----	class|ss	1
KE066-047----	county|KERRY	1
KE066-051----	class|ss	1
KE066-051----	county|KERRY	1
KE066-051----	townland_ga|An Dúinín	1
KE066-052----	class|ss	1
KE066-052----	county|KERRY	1
KE066-052----	townland_ga| 	1
KE066-053----	class|ss	1
KE066-053----	county|KERRY	1
KE066-060----	class|ss	1
KE066-060----	county|KERRY	1
KE066-060----	townland_ga|Na Tóimí Thiar	1
KE066-077----	class|ss	1
KE066-077----	county|KERRY	1
KE066-077----	townland_ga|Baile Drisín	1
KE066-139----	class|ss	1
KE066-139----	county|KERRY	1
KE066-139----	townland_ga| 	1
KE067-004----	class|ss	1
KE067-004----	county|KERRY	1
KE067-004----	townland_ga|Tulaigh Fhothram	1
KE067-011001-	class|ss	1
KE067-011001-	county|KERRY	1
KE067-011001-	townland_ga| 	1
KE067-022----	class|ss	1
KE067-022----	county|KERRY	1
KE067-022----	townland_ga| 	1
KE067-023----	class|ss	1
KE067-023----	county|KERRY	1
KE067-023----	townland_ga| 	1
KE067-025----	class|ss	1
KE067-025----	county|KERRY	1
KE067-025----	townland_ga| 	1
KE067-035----	class|ss	1
KE067-035----	county|KERRY	1
KE067-035----	townland_ga| 	1
KE067-037----	class|ss	1
KE067-037----	county|KERRY	1
KE067-037----	townland_ga|Claisín	1
KE067-041001-	class|ss	1
KE067-041001-	county|KERRY	1
KE067-041001-	townland_ga|Maighnis	1
KE067-041002-	class|ss	1
KE067-041002-	county|KERRY	1
KE067-041002-	townland_ga|Maighnis	1
KE067-041003-	class|ss	1
KE067-041003-	county|KERRY	1
KE067-041003-	townland_ga|Maighnis	1
KE067-042----	class|ss	1
KE067-042----	county|KERRY	1
KE067-042----	townland_ga|Gort na gCros	1
KE067-046----	class|ss	1
KE067-046----	county|KERRY	1
KE067-046----	townland_ga| 	1
KE067-049----	class|ss	1
KE067-049----	county|KERRY	1
KE067-049----	townland_ga|Feá Coille	1
KE067-058----	class|ss	1
KE067-058----	county|KERRY	1
KE067-058----	townland_ga| 	1
KE067-093----	class|ss	1
KE067-093----	county|KERRY	1
KE067-093----	townland_ga| 	1
KE067-101001-	class|ss	1
KE067-101001-	county|KERRY	1
KE067-101001-	townland_ga|Seithe Fhraoigh	1
KE067-101002-	class|ss	1
KE067-101002-	county|KERRY	1
KE067-101002-	townland_ga|Seithe Fhraoigh	1
KE067-105----	class|ss	1
KE067-105----	county|KERRY	1
KE067-105----	townland_ga|Maighnis	1
KE067-109----	class|ss	1
KE067-109----	county|KERRY	1
KE067-109----	townland_ga| 	1
KE067-111----	class|ss	1
KE067-111----	county|KERRY	1
KE067-111----	townland_ga| 	1
KE067-170----	class|ss	1
KE067-170----	county|KERRY	1
KE067-170----	townland_ga|Gort an Chuais	1
KE068-022002-	class|ss	1
KE068-022002-	county|KERRY	1
KE068-022002-	townland_ga|Gort na gCeann	1
KE068-088----	class|ss	1
KE068-088----	county|KERRY	1
KE068-088----	townland_ga| 	1
KE068-095----	class|ss	1
KE068-095----	county|KERRY	1
KE068-095----	townland_ga|Srón Bheag	1
KE068-126006-	class|ss	1
KE068-126006-	county|KERRY	1
KE068-126006-	townland_ga| 	1
KE070-020----	class|ss	1
KE070-020----	county|KERRY	1
KE070-020----	townland_ga| 	1
KE070-022----	class|ss	1
KE070-022----	county|KERRY	1
KE070-022----	townland_ga| 	1
KE070-025001-	class|ss	1
KE070-025001-	county|KERRY	1
KE070-025001-	townland_ga|Cathair na mBan	1
KE070-060----	class|ss	1
KE070-060----	county|KERRY	1
KE070-060----	townland_ga| 	1
KE070-064----	class|ss	1
KE070-064----	county|KERRY	1
KE070-064----	townland_ga| 	1
KE070-066002-	class|ss	1
KE070-066002-	county|KERRY	1
KE070-066002-	townland_ga| 	1
KE070-132----	class|ss	1
KE070-132----	county|KERRY	1
KE070-132----	townland_ga|Cnocán Uí Fhoghlú	1
KE072-004----	class|ss	1
KE072-004----	county|KERRY	1
KE072-004----	townland_ga|Na Ladhráin Uachtaracha	1
KE072-008----	class|ss	1
KE072-008----	county|KERRY	1
KE072-008----	townland_ga| 	1
KE072-009----	class|ss	1
KE072-009----	county|KERRY	1
KE072-009----	townland_ga| 	1
KE072-010----	class|ss	1
KE072-010----	county|KERRY	1
KE072-010----	townland_ga|Drom an Longfoirt	1
KE073-050----	class|ss	1
KE073-050----	county|KERRY	1
KE073-050----	townland_ga|Bun Binne	1
KE073-053001-	class|ss	1
KE073-053001-	county|KERRY	1
KE073-053001-	townland_ga|Bun Binne	1
KE074-017----	class|ss	1
KE074-017----	county|KERRY	1
KE074-017----	townland_ga|Gort an Ghalláin	1
KE074-018----	class|ss	1
KE074-018----	county|KERRY	1
KE074-018----	townland_ga|Gort an Ghalláin	1
KE075-033----	class|ss	1
KE075-033----	county|KERRY	1
KE075-033----	townland_ga|Na Cúilí	1
KE076-040006-	class|ss	1
KE076-040006-	county|KERRY	1
KE076-040006-	townland_ga| 	1
KE076-050----	class|ss	1
KE076-050----	county|KERRY	1
KE076-050----	townland_ga| 	1
KE076-052----	class|ss	1
KE076-052----	county|KERRY	1
KE076-052----	townland_ga| 	1
KE076-070----	class|ss	1
KE076-070----	county|KERRY	1
KE076-070----	townland_ga| 	1
KE076-087----	class|ss	1
KE076-087----	county|KERRY	1
KE076-087----	townland_ga| 	1
KE078-004----	class|ss	1
KE078-004----	county|KERRY	1
KE078-004----	townland_ga|Fíobhach Meáin Thoir	1
KE078-010004-	class|ss	1
KE078-010004-	county|KERRY	1
KE078-010004-	townland_ga| 	1
KE078-012----	class|ss	1
KE078-012----	county|KERRY	1
KE078-012----	townland_ga|Fíobhach Meáin Thiar	1
KE078-013----	class|ss	1
KE078-013----	county|KERRY	1
KE078-013----	townland_ga| 	1
KE079-019----	class|ss	1
KE079-019----	county|KERRY	1
KE079-019----	townland_ga|Clochán Laighneacháin	1
KE079-025----	class|ss	1
KE079-025----	county|KERRY	1
KE079-025----	townland_ga|Clochán Mhac Cuinn	1
KE079-042----	class|ss	1
KE079-042----	county|KERRY	1
KE079-042----	townland_ga|Cathair Saidhbhín	1
KE079-043----	class|ss	1
KE079-043----	county|KERRY	1
KE079-043----	townland_ga|Cathair Saidhbhín	1
KE079-055002-	class|ss	1
KE079-055002-	county|KERRY	1
KE079-055002-	townland_ga|Gleann Laoim	1
KE079-085----	class|ss	1
KE079-085----	county|KERRY	1
KE079-085----	townland_ga| 	1
KE079-091002-	class|ss	1
KE079-091002-	county|KERRY	1
KE079-091002-	townland_ga| 	1
KE080-013----	class|ss	1
KE080-013----	county|KERRY	1
KE080-013----	townland_ga| 	1
KE080-023----	class|ss	1
KE080-023----	county|KERRY	1
KE080-023----	townland_ga| 	1
KE080-035----	class|ss	1
KE080-035----	county|KERRY	1
KE080-035----	townland_ga|Ceann Boirinn	1
KE081-015----	class|ss	1
KE081-015----	county|KERRY	1
KE081-015----	townland_ga|Baile na Cille	1
KE081-034----	class|ss	1
KE081-034----	county|KERRY	1
KE081-034----	townland_ga|An Doirín	1
KE081-056----	class|ss	1
KE081-056----	county|KERRY	1
KE081-056----	townland_ga|An Cnoc Rua	1
KE082-013----	class|ss	1
KE082-013----	county|KERRY	1
KE082-013----	townland_ga|Cloichearach Mór	1
KE082-017----	class|ss	1
KE082-017----	county|KERRY	1
KE082-017----	townland_ga|Cloichearach Mór	1
KE082-031----	class|ss	1
KE082-031----	county|KERRY	1
KE082-031----	townland_ga|Doire na Bláiche	1
KE082-071----	class|ss	1
KE082-071----	county|KERRY	1
KE082-071----	townland_ga|Na Doiríní	1
KE082-075----	class|ss	1
KE082-075----	county|KERRY	1
KE082-075----	townland_ga|Cuar an Chuasáin	1
KE082-086----	class|ss	1
KE082-086----	county|KERRY	1
KE082-086----	townland_ga|Na Doiríní	1
KE083-030----	class|ss	1
KE083-030----	county|KERRY	1
KE083-030----	townland_ga|Doirín Finnleithid	1
KE083-078----	class|ss	1
KE083-078----	county|KERRY	1
KE083-078----	townland_ga|Doire Ghearráin Thuaidh	1
KE083-081----	class|ss	1
KE083-081----	county|KERRY	1
KE083-081----	townland_ga|Doire Ghearráin Theas	1
KE084-005002-	class|ss	1
KE084-005002-	county|KERRY	1
KE084-005002-	townland_ga|Coimín an Dubhfhásaigh	1
KE084-031----	class|ss	1
KE084-031----	county|KERRY	1
KE084-031----	townland_ga|Na Cnoicíní	1
KE084-048----	class|ss	1
KE084-048----	county|KERRY	1
KE084-048----	townland_ga|Coimín an Dubhfhásaigh	1
KE084-053001-	class|ss	1
KE084-053001-	county|KERRY	1
KE084-053001-	townland_ga|Doirín Uí Chathail	1
KE084-062----	class|ss	1
KE084-062----	county|KERRY	1
KE084-062----	townland_ga|Gort na bPoll Íochtarach	1
KE086-004002-	class|ss	1
KE086-004002-	county|KERRY	1
KE086-008----	class|ss	1
KE086-008----	county|KERRY	1
KE086-008----	townland_ga| 	1
KE086-010----	class|ss	1
KE086-010----	county|KERRY	1
KE086-010----	townland_ga| 	1
KE086-011----	class|ss	1
KE086-011----	county|KERRY	1
KE086-011----	townland_ga| 	1
KE087-002----	class|ss	1
KE087-002----	county|KERRY	1
KE087-002----	townland_ga| 	1
KE087-010----	class|ss	1
KE087-010----	county|KERRY	1
KE087-010----	townland_ga|An Comhartha Beag	1
KE087-014----	class|ss	1
KE087-014----	county|KERRY	1
KE087-014----	townland_ga|An Comhartha Beag	1
KE087-043----	class|ss	1
KE087-043----	county|KERRY	1
KE087-043----	townland_ga| 	1
KE087-051----	class|ss	1
KE087-051----	county|KERRY	1
KE087-051----	townland_ga| 	1
KE087-085----	class|ss	1
KE087-085----	county|KERRY	1
KE088-001----	class|ss	1
KE088-001----	county|KERRY	1
KE088-001----	townland_ga|An Leathfhearann Theas	1
KE088-001001-	class|ss	1
KE088-001001-	county|KERRY	1
KE088-001001-	townland_ga|An Leathfhearann Theas	1
KE088-004----	class|ss	1
KE088-004----	county|KERRY	1
KE088-020----	class|ss	1
KE088-020----	county|KERRY	1
KE088-030----	class|ss	1
KE088-030----	county|KERRY	1
KE088-046----	class|ss	1
KE088-046----	county|KERRY	1
KE089-008----	class|ss	1
KE089-008----	county|KERRY	1
KE089-013----	class|ss	1
KE089-013----	county|KERRY	1
KE089-013----	townland_ga|Clochán Cárthainn	1
KE089-016----	class|ss	1
KE089-016----	county|KERRY	1
KE089-019----	class|ss	1
KE089-019----	county|KERRY	1
KE089-019----	townland_ga|Dúire	1
KE089-020----	class|ss	1
KE089-020----	county|KERRY	1
KE089-021----	class|ss	1
KE089-021----	county|KERRY	1
KE089-022----	class|ss	1
KE089-022----	county|KERRY	1
KE089-026----	class|ss	1
KE089-026----	county|KERRY	1
KE089-033----	class|ss	1
KE089-033----	county|KERRY	1
KE089-033----	townland_ga|Dúire	1
KE089-034----	class|ss	1
KE089-034----	county|KERRY	1
KE089-034----	townland_ga|Dúire	1
KE089-036----	class|ss	1
KE089-036----	county|KERRY	1
KE089-036----	townland_ga|Doire an Éadain	1
KE089-053001-	class|ss	1
KE089-053001-	county|KERRY	1
KE089-056----	class|ss	1
KE089-056----	county|KERRY	1
KE089-057----	class|ss	1
KE089-057----	county|KERRY	1
KE090-012002-	class|ss	1
KE090-012002-	county|KERRY	1
KE090-012002-	townland_ga|Drom Tinn	1
KE090-022----	class|ss	1
KE090-022----	county|KERRY	1
KE090-030----	class|ss	1
KE090-030----	county|KERRY	1
KE091-011----	class|ss	1
KE091-011----	county|KERRY	1
KE091-011----	townland_ga|Doirín Ghriair	1
KE091-012----	class|ss	1
KE091-012----	county|KERRY	1
KE091-012----	townland_ga|Doirín Ghriair	1
KE091-015002-	class|ss	1
KE091-015002-	county|KERRY	1
KE091-015002-	townland_ga|Gort an Chlocháin	1
KE091-019----	class|ss	1
KE091-019----	county|KERRY	1
KE091-019----	townland_ga|An Gaorthadh Thuaidh	1
KE091-042----	class|ss	1
KE091-042----	county|KERRY	1
KE091-042----	townland_ga|Drom Loiscthe	1
KE091-043002-	class|ss	1
KE091-043002-	county|KERRY	1
KE091-043002-	townland_ga|Drom Loiscthe	1
KE091-055----	class|ss	1
KE091-055----	county|KERRY	1
KE091-055----	townland_ga|Leitir na dTarbh	1
KE091-081----	class|ss	1
KE091-081----	county|KERRY	1
KE091-081----	townland_ga|An Gaorthadh	1
KE091-083001-	class|ss	1
KE091-083001-	county|KERRY	1
KE091-083001-	townland_ga|Buaile na nDamh	1
KE091-101----	class|ss	1
KE091-101----	county|KERRY	1
KE091-101----	townland_ga|Formaoil	1
KE091-103003-	class|ss	1
KE091-103003-	county|KERRY	1
KE091-103003-	townland_ga|Drom Loiscthe	1
KE091-110----	class|ss	1
KE091-110----	county|KERRY	1
KE091-110----	townland_ga|Gort an Chlocháin	1
KE091-113001-	class|ss	1
KE091-113001-	county|KERRY	1
KE091-113001-	townland_ga|Drom Loiscthe	1
KE091-114002-	class|ss	1
KE091-114002-	county|KERRY	1
KE091-114002-	townland_ga|Meall Caillí	1
KE091-114003-	class|ss	1
KE091-114003-	county|KERRY	1
KE091-114003-	townland_ga|Meall Caillí	1
KE092-003----	class|ss	1
KE092-003----	county|KERRY	1
KE092-003----	townland_ga|Meall na nGabhar	1
KE092-009----	class|ss	1
KE092-009----	county|KERRY	1
KE092-009----	townland_ga|Doirín Darach	1
KE092-053----	class|ss	1
KE092-053----	county|KERRY	1
KE092-053----	townland_ga|Ceapaigh na Coise Thoir	1
KE093-017001-	class|ss	1
KE093-017001-	county|KERRY	1
KE093-017001-	townland_ga|Cill Eoghain	1
KE093-019----	class|ss	1
KE093-019----	county|KERRY	1
KE093-019----	townland_ga|Cill Eoghain	1
KE093-020----	class|ss	1
KE093-020----	county|KERRY	1
KE093-020----	townland_ga|Cill Eoghain	1
KE093-022----	class|ss	1
KE093-022----	county|KERRY	1
KE093-022----	townland_ga|An Chathair Thiar	1
KE093-025003-	class|ss	1
KE093-025003-	county|KERRY	1
KE093-025003-	townland_ga|Drom an tSeabhaic	1
KE093-028----	class|ss	1
KE093-028----	county|KERRY	1
KE093-028----	townland_ga|Cladán an Iúir Thiar	1
KE093-029----	class|ss	1
KE093-029----	county|KERRY	1
KE093-029----	townland_ga|Cladán an Iúir Thoir	1
KE093-034----	class|ss	1
KE093-034----	county|KERRY	1
KE093-034----	townland_ga|Mucshnámh	1
KE093-040----	class|ss	1
KE093-040----	county|KERRY	1
KE093-040----	townland_ga|Doire Leathan	1
KE093-046001-	class|ss	1
KE093-046001-	county|KERRY	1
KE093-046001-	townland_ga|Cill Achaidh Thiar	1
KE093-047----	class|ss	1
KE093-047----	county|KERRY	1
KE093-047----	townland_ga|Cill Achaidh Thoir	1
KE093-048----	class|ss	1
KE093-048----	county|KERRY	1
KE093-048----	townland_ga|Mucshnámh	1
KE093-084----	class|ss	1
KE093-084----	county|KERRY	1
KE093-084----	townland_ga|An Cheapaigh	1
KE093-132----	class|ss	1
KE093-132----	county|KERRY	1
KE093-132----	townland_ga|Goirtín na Linne Thuaidh	1
KE094-022----	class|ss	1
KE094-022----	county|KERRY	1
KE094-022----	townland_ga|Na Goirtíní	1
KE094-050----	class|ss	1
KE094-050----	county|KERRY	1
KE094-050----	townland_ga|Gulba	1
KE094-053----	class|ss	1
KE094-053----	county|KERRY	1
KE094-053----	townland_ga|Baile an Teampaill	1
KE094-060002-	class|ss	1
KE094-060002-	county|KERRY	1
KE094-060002-	townland_ga|Lamhnachán	1
KE094-064001-	class|ss	1
KE094-064001-	county|KERRY	1
KE094-064001-	townland_ga|Lamhnachán	1
KE094-064002-	class|ss	1
KE094-064002-	county|KERRY	1
KE094-064002-	townland_ga|Lamhnachán	1
KE094-067002-	class|ss	1
KE094-067002-	county|KERRY	1
KE094-067002-	townland_ga|Dromainn Uí Cholmáin	1
KE094-068----	class|ss	1
KE094-068----	county|KERRY	1
KE094-068----	townland_ga|An Fosadh	1
KE097-003003-	class|ss	1
KE097-003003-	county|KERRY	1
KE097-005----	class|ss	1
KE097-005----	county|KERRY	1
KE097-017002-	class|ss	1
KE097-017002-	county|KERRY	1
KE097-022----	class|ss	1
KE097-022----	county|KERRY	1
KE097-039----	class|ss	1
KE097-039----	county|KERRY	1
KE097-045----	class|ss	1
KE097-045----	county|KERRY	1
KE097-060----	class|ss	1
KE097-060----	county|KERRY	1
KE097-064----	class|ss	1
KE097-064----	county|KERRY	1
KE098-004----	class|ss	1
KE098-004----	county|KERRY	1
KE098-004----	townland_ga|An Sponcán	1
KE098-007----	class|ss	1
KE098-007----	county|KERRY	1
KE098-007----	townland_ga|An Sponcán	1
KE098-010----	class|ss	1
KE098-010----	county|KERRY	1
KE098-010----	townland_ga| 	1
KE098-019----	class|ss	1
KE098-019----	county|KERRY	1
KE098-019----	townland_ga| 	1
KE098-028----	class|ss	1
KE098-028----	county|KERRY	1
KE098-028----	townland_ga| 	1
KE098-030002-	class|ss	1
KE098-030002-	county|KERRY	1
KE098-034----	class|ss	1
KE098-034----	county|KERRY	1
KE098-053----	class|ss	1
KE098-053----	county|KERRY	1
KE098-059----	class|ss	1
KE098-059----	county|KERRY	1
KE098-064----	class|ss	1
KE098-064----	county|KERRY	1
KE098-064----	townland_ga|Ard Caorach	1
KE098-098----	class|ss	1
KE098-098----	county|KERRY	1
KE098-098----	townland_ga|An Sponcán	1
KE098-101----	class|ss	1
KE098-101----	county|KERRY	1
KE098-101----	townland_ga| 	1
KE098-102----	class|ss	1
KE098-102----	county|KERRY	1
KE098-102----	townland_ga| 	1
KE098-104----	class|ss	1
KE098-104----	county|KERRY	1
KE098-104----	townland_ga| 	1
KE098-106----	class|ss	1
KE098-106----	county|KERRY	1
KE098-106----	townland_ga| 	1
KE098-109----	class|ss	1
KE098-109----	county|KERRY	1
KE098-109----	townland_ga|An Coireán	1
KE098-118----	class|ss	1
KE098-118----	county|KERRY	1
KE099-002----	class|ss	1
KE099-002----	county|KERRY	1
KE099-002----	townland_ga|Na Gabhláin Thoir	1
KE099-016----	class|ss	1
KE099-016----	county|KERRY	1
KE099-016----	townland_ga|An Ard Mhór	1
KE099-025----	class|ss	1
KE099-025----	county|KERRY	1
KE099-025----	townland_ga|An Doire Thiar	1
KE099-033----	class|ss	1
KE099-033----	county|KERRY	1
KE099-033----	townland_ga|An Doire Thiar	1
KE099-039----	class|ss	1
KE099-039----	county|KERRY	1
KE099-039----	townland_ga|An Stéig	1
KE100-008----	class|ss	1
KE100-008----	county|KERRY	1
KE100-008----	townland_ga|Doirín an Phoill	1
KE101-010003-	class|ss	1
KE101-010003-	county|KERRY	1
KE101-010003-	townland_ga|An Drom Rua	1
KE101-012002-	class|ss	1
KE101-012002-	county|KERRY	1
KE101-012002-	townland_ga|An Iúrach	1
KE101-015002-	class|ss	1
KE101-015002-	county|KERRY	1
KE101-015002-	townland_ga|Doirín Mhuireadhaigh	1
KE101-015013-	class|ss	1
KE101-015013-	county|KERRY	1
KE101-015013-	townland_ga|Doire Saileach	1
KE101-024005-	class|ss	1
KE101-024005-	county|KERRY	1
KE101-024005-	townland_ga|Drom Buachalla Íochtarach	1
KE101-025007-	class|ss	1
KE101-025007-	county|KERRY	1
KE101-025007-	townland_ga|An Iúrach	1
KE101-046----	class|ss	1
KE101-046----	county|KERRY	1
KE101-046----	townland_ga|An Iúrach	1
KE101-050----	class|ss	1
KE101-050----	county|KERRY	1
KE101-050----	townland_ga|An Iúrach	1
KE101-059003-	class|ss	1
KE101-059003-	county|KERRY	1
KE101-059003-	townland_ga|Cuar Uí Dhuinn	1
KE101-076003-	class|ss	1
KE101-076003-	county|KERRY	1
KE101-076003-	townland_ga|Barr Iarthach	1
KE101-106----	class|ss	1
KE101-106----	county|KERRY	1
KE101-106----	townland_ga|Cuar na gCoileach	1
KE101-107----	class|ss	1
KE101-107----	county|KERRY	1
KE101-107----	townland_ga|Cuar na gCoileach	1
KE101-111----	class|ss	1
KE101-111----	county|KERRY	1
KE101-111----	townland_ga|Doire Locha	1
KE102-031002-	class|ss	1
KE102-031002-	county|KERRY	1
KE102-031002-	townland_ga|Drom an Ghoirtín	1
KE102-081----	class|ss	1
KE102-081----	county|KERRY	1
KE102-081----	townland_ga|Roilíoch	1
KE102-085002-	class|ss	1
KE102-085002-	county|KERRY	1
KE102-085002-	townland_ga|An Cuar Liath	1
KE102-087----	class|ss	1
KE102-087----	county|KERRY	1
KE102-087----	townland_ga|An Cuar Liath	1
KE102-108----	class|ss	1
KE102-108----	county|KERRY	1
KE102-108----	townland_ga|Gort na gCapall	1
KE103-028----	class|ss	1
KE103-028----	county|KERRY	1
KE103-028----	townland_ga|Eirnín	1
KE103-037----	class|ss	1
KE103-037----	county|KERRY	1
KE103-037----	townland_ga|Eirnín	1
KE104A001008-	class|ss	1
KE104A001008-	county|KERRY	1
KE106-080002-	class|ss	1
KE106-080002-	county|KERRY	1
KE106-131----	class|ss	1
KE106-131----	county|KERRY	1
KE106-154----	class|ss	1
KE106-154----	county|KERRY	1
KE106-154----	townland_ga|Brá Chathrach	1
KE108-013008-	class|ss	1
KE108-013008-	county|KERRY	1
KE108-013008-	townland_ga|Caiseal Chaoilte	1
KE108-043001-	class|ss	1
KE108-043001-	county|KERRY	1
KE108-043001-	townland_ga|Caiseal Chaoilte	1
KE108-043002-	class|ss	1
KE108-043002-	county|KERRY	1
KE108-043002-	townland_ga|Caiseal Chaoilte	1
KE108-045----	class|ss	1
KE108-045----	county|KERRY	1
KE108-045----	townland_ga|Gort an Bhealaigh	1
KE108-048----	class|ss	1
KE108-048----	county|KERRY	1
KE108-048----	townland_ga|An Leithead	1
KE109-001016-	class|ss	1
KE109-001016-	county|KERRY	1
KE109-001016-	townland_ga|Drom Buachalla Uachtarach	1
KE109-013----	class|ss	1
KE109-013----	county|KERRY	1
KE109-013----	townland_ga|An Sionnach	1
KE109-014004-	class|ss	1
KE109-014004-	county|KERRY	1
KE109-014004-	townland_ga|An Clochrán	1
KE109-014008-	class|ss	1
KE109-014008-	county|KERRY	1
KE109-014008-	townland_ga|An Clochrán	1
KE109-033----	class|ss	1
KE109-033----	county|KERRY	1
KE109-033----	townland_ga|Drom Buachalla Uachtarach	1
KE109-035002-	class|ss	1
KE109-035002-	county|KERRY	1
KE109-035002-	townland_ga|An Leithead	1
KE109-058----	class|ss	1
KE109-058----	county|KERRY	1
KE109-058----	townland_ga|An Sionnach	1
KE109-071----	class|ss	1
KE109-071----	county|KERRY	1
KE109-071----	townland_ga|Gleann Ó Trasna	1
KE111-003001-	class|ss	1
KE111-003001-	county|KERRY	1
KE111-003001-	townland_ga| 	1
KE111-006002-	class|ss	1
KE111-006002-	county|KERRY	1
KE111-006002-	townland_ga|An Gleann Mór	1
KK013-061----	class|ss	1
KK013-061----	county|KILKENNY	1
KK013-061----	townland_ga|Ráth Éalaigh	1
KK023-008----	class|ss	1
KK023-008----	county|KILKENNY	1
KK023-008----	townland_ga|Cnoc an Liagáin	1
KK028-099----	class|ss	1
KK028-099----	county|KILKENNY	1
KK028-099----	townland_ga|Cill Choileáin	1
KK029-043----	class|ss	1
KK029-043----	county|KILKENNY	1
KK029-043----	townland_ga|Baile Uí Ógáin	1
KK031-112----	class|ss	1
KK031-112----	county|KILKENNY	1
KK031-112----	townland_ga|Baile an Ghabhann (Reade)	1
KK031-113----	class|ss	1
KK031-113----	county|KILKENNY	1
KK031-113----	townland_ga|Baile an Ghabhann (Reade)	1
KK033-014----	class|ss	1
KK033-014----	county|KILKENNY	1
KK033-014----	townland_ga|An Collán	1
KK034-010----	class|ss	1
KK034-010----	county|KILKENNY	1
KK034-010----	townland_ga|An Cnoc Rua	1
KK034-032012-	class|ss	1
KK034-032012-	county|KILKENNY	1
KK034-032012-	townland_ga|Baile an Chaisleáin	1
KK034-047----	class|ss	1
KK034-047----	county|KILKENNY	1
KK034-047----	townland_ga|An Mhéalach Mhór	1
KK035-041----	class|ss	1
KK035-041----	county|KILKENNY	1
KK035-041----	townland_ga|Cill Mhóg	1
KK035-054001-	class|ss	1
KK035-054001-	county|KILKENNY	1
KK035-054001-	townland_ga|An Garraí Dubh	1
KK035-054002-	class|ss	1
KK035-054002-	county|KILKENNY	1
KK035-054002-	townland_ga|An Garraí Dubh	1
KK035-082----	class|ss	1
KK035-082----	county|KILKENNY	1
KK035-082----	townland_ga|An Muileann Beag	1
KK035-098----	class|ss	1
KK035-098----	county|KILKENNY	1
KK035-098----	townland_ga|An Mhóin Dubh	1
KK035-099----	class|ss	1
KK035-099----	county|KILKENNY	1
KK035-099----	townland_ga|An Mhóin Dubh	1
KK035-100----	class|ss	1
KK035-100----	county|KILKENNY	1
KK035-100----	townland_ga|Cill Chéise	1
KK035-110001-	class|ss	1
KK035-110001-	county|KILKENNY	1
KK035-110001-	townland_ga|An Mhóin Dubh	1
KK035-116----	class|ss	1
KK035-116----	county|KILKENNY	1
KK035-116----	townland_ga|Cill Mhóg	1
KK036-007003-	class|ss	1
KK036-007003-	county|KILKENNY	1
KK036-007003-	townland_ga|Caisleán Geanainn	1
KK036-062----	class|ss	1
KK036-062----	county|KILKENNY	1
KK036-062----	townland_ga|Baile Mháirtín	1
KK037-024007-	class|ss	1
KK037-024007-	county|KILKENNY	1
KK037-024007-	townland_ga|Gleann Bhaile Uí Mháille	1
KK037-025----	class|ss	1
KK037-025----	county|KILKENNY	1
KK037-025----	townland_ga|Gleann Bhaile Uí Mháille	1
KK038-008----	class|ss	1
KK038-008----	county|KILKENNY	1
KK038-008----	townland_ga|Garraí na Réithe	1
KK039-008----	class|ss	1
KK039-008----	county|KILKENNY	1
KK039-008----	townland_ga|Baile an Mhuilinn	1
KK039-015----	class|ss	1
KK039-015----	county|KILKENNY	1
KK039-015----	townland_ga|Tigh na Coille	1
KK039-017004-	class|ss	1
KK039-017004-	county|KILKENNY	1
KK039-017004-	townland_ga|Lios Tróilín	1
KK039-040003-	class|ss	1
KK039-040003-	county|KILKENNY	1
KK039-040003-	townland_ga|Baile Shéamais	1
KK039-077----	class|ss	1
KK039-077----	county|KILKENNY	1
KK039-077----	townland_ga|Baile Thoimín	1
KK040-059----	class|ss	1
KK040-059----	county|KILKENNY	1
KK040-059----	townland_ga|Baile an Inneonaigh Thiar	1
KK040-063----	class|ss	1
KK040-063----	county|KILKENNY	1
KK040-063----	townland_ga|An Fhearnóg	1
KK040-067----	class|ss	1
KK040-067----	county|KILKENNY	1
KK040-067----	townland_ga|An Scairt	1
KK040-072----	class|ss	1
KK040-072----	county|KILKENNY	1
KK040-072----	townland_ga|An Scairt	1
KK040-073----	class|ss	1
KK040-073----	county|KILKENNY	1
KK040-073----	townland_ga|An Scairt	1
KK040-074----	class|ss	1
KK040-074----	county|KILKENNY	1
KK040-074----	townland_ga|Baile an Inneonaigh Thiar	1
KK041-055----	class|ss	1
KK041-055----	county|KILKENNY	1
KK041-055----	townland_ga|Baile Roibín	1
KK043-060----	class|ss	1
KK043-060----	county|KILKENNY	1
KK043-060----	townland_ga|Cill Mhuire	1
KK043-070----	class|ss	1
KK043-070----	county|KILKENNY	1
KK043-070----	townland_ga|Baile an Bhóthair	1
KK043-100----	class|ss	1
KK043-100----	county|KILKENNY	1
KK044-010002-	class|ss	1
KK044-010002-	county|KILKENNY	1
KK044-010002-	townland_ga|Baile an Róistigh	1
KK044-021----	class|ss	1
KK044-021----	county|KILKENNY	1
KK044-021----	townland_ga|Droim Domhnaigh Íochtarach	1
KK046-034----	class|ss	1
KK046-034----	county|KILKENNY	1
KK046-034----	townland_ga|Ráth Choilchín	1
LA002-004----	class|ss	1
LA002-004----	county|LAOIS	1
LA002-004----	townland_ga|Cúlach	1
LA010-004----	class|ss	1
LA010-004----	county|LAOIS	1
LA010-004----	townland_ga|Gort na gCloch	1
LA015-034----	class|ss	1
LA015-034----	county|LAOIS	1
LA015-034----	townland_ga|An Chill	1
LA019-025001-	class|ss	1
LA019-025001-	county|LAOIS	1
LA019-025001-	townland_ga|Tulaigh Mhaí	1
LA021-002----	class|ss	1
LA021-002----	county|LAOIS	1
LA021-002----	townland_ga|An Bealach Mór  Íochtarach	1
LA021-021004-	class|ss	1
LA021-021004-	county|LAOIS	1
LA021-021004-	townland_ga|An Baile Nua nó Scadharc	1
LA021-023----	class|ss	1
LA021-023----	county|LAOIS	1
LA021-023----	townland_ga|An Baile Nua nó Scadharc	1
LA024-048----	class|ss	1
LA024-048----	county|LAOIS	1
LA024-048----	townland_ga|Claonach	1
LA024-050----	class|ss	1
LA024-050----	county|LAOIS	1
LA024-050----	townland_ga|An Cnoc Bán	1
LA024-053----	class|ss	1
LA024-053----	county|LAOIS	1
LA024-053----	townland_ga|An Cnoc Bán	1
LA031-027----	class|ss	1
LA031-027----	county|LAOIS	1
LA031-027----	townland_ga|Barr na Slaite Íochtarach	1
LE001-009001-	class|ss	1
LE001-009001-	county|LEITRIM	1
LE001-009001-	townland_ga|An Mhala Dhearg	1
LE001-009002-	class|ss	1
LE001-009002-	county|LEITRIM	1
LE001-009002-	townland_ga|An Mhala Dhearg	1
LE001-012----	class|ss	1
LE001-012----	county|LEITRIM	1
LE001-012----	townland_ga|Na Cabháin	1
LE001-013----	class|ss	1
LE001-013----	county|LEITRIM	1
LE001-013----	townland_ga|Na Cabháin	1
LE001-013001-	class|ss	1
LE001-013001-	county|LEITRIM	1
LE001-013001-	townland_ga|Na Cabháin	1
LE001-013002-	class|ss	1
LE001-013002-	county|LEITRIM	1
LE001-013002-	townland_ga|Na Cabháin	1
LE001-014----	class|ss	1
LE001-014----	county|LEITRIM	1
LE001-014----	townland_ga|Na Cabháin	1
LE001-016001-	class|ss	1
LE001-016001-	county|LEITRIM	1
LE001-016001-	townland_ga|Na Cabháin	1
LE001-016002-	class|ss	1
LE001-016002-	county|LEITRIM	1
LE001-016002-	townland_ga|Na Cabháin	1
LE001-026----	class|ss	1
LE001-026----	county|LEITRIM	1
LE001-026----	townland_ga|Na Cabháin	1
LE001-028----	class|ss	1
LE001-028----	county|LEITRIM	1
LE001-028----	townland_ga|An Tulachán	1
LE001-042----	class|ss	1
LE001-042----	county|LEITRIM	1
LE001-042----	townland_ga|Na Cabháin	1
LE001-043----	class|ss	1
LE001-043----	county|LEITRIM	1
LE001-043----	townland_ga|Na Cabháin	1
LE004-008----	class|ss	1
LE004-008----	county|LEITRIM	1
LE004-008----	townland_ga|Oireamh	1
LE008-004002-	class|ss	1
LE008-004002-	county|LEITRIM	1
LE008-004002-	townland_ga|Lios Rátha Rois	1
LE011-097002-	class|ss	1
LE011-097002-	county|LEITRIM	1
LE011-097002-	townland_ga|An Bogán	1
LE014-008004-	class|ss	1
LE014-008004-	county|LEITRIM	1
LE014-008004-	townland_ga|Droim Dhá Thiar	1
LE016-003----	class|ss	1
LE016-003----	county|LEITRIM	1
LE016-003----	townland_ga|Tulaigh na Maoile	1
LE018-008----	class|ss	1
LE018-008----	county|LEITRIM	1
LE018-008----	townland_ga|Coill na gCarn Íochtarach	1
LE020-009----	class|ss	1
LE020-009----	county|LEITRIM	1
LE020-009----	townland_ga|An Mullach Fada	1
LE025-004----	class|ss	1
LE025-004----	county|LEITRIM	1
LE025-004----	townland_ga|Caiseal Raige	1
LE025-005----	class|ss	1
LE025-005----	county|LEITRIM	1
LE025-005----	townland_ga|Caiseal Raige	1
LE025-068002-	class|ss	1
LE025-068002-	county|LEITRIM	1
LE025-068002-	townland_ga|Na Clocha Fada	1
LE025-069----	class|ss	1
LE025-069----	county|LEITRIM	1
LE025-069----	townland_ga|Na Clocha Fada	1
LE025-087----	class|ss	1
LE025-087----	county|LEITRIM	1
LE025-087----	townland_ga|An Choilleach	1
LE025-094----	class|ss	1
LE025-094----	county|LEITRIM	1
LE025-094----	townland_ga|Fíonach Beag	1
LE025-095----	class|ss	1
LE025-095----	county|LEITRIM	1
LE025-095----	townland_ga|An Coimín	1
LE025-097----	class|ss	1
LE025-097----	county|LEITRIM	1
LE025-097----	townland_ga|Cnoc an Mhuilinn	1
LE025-098----	class|ss	1
LE025-098----	county|LEITRIM	1
LE025-098----	townland_ga|Cnoc an Mhuilinn	1
LE025-099----	class|ss	1
LE025-099----	county|LEITRIM	1
LE025-099----	townland_ga|Cnoc an Mhuilinn	1
LE025-117----	class|ss	1
LE025-117----	county|LEITRIM	1
LE025-117----	townland_ga|Ceann na Bó	1
LE027-044001-	class|ss	1
LE027-044001-	county|LEITRIM	1
LE027-044001-	townland_ga|Baile na Moinge	1
LE027-058----	class|ss	1
LE027-058----	county|LEITRIM	1
LE027-058----	townland_ga|Tulaigh Lonáin	1
LE033-051----	class|ss	1
LE033-051----	county|LEITRIM	1
LE033-051----	townland_ga|Droim Connaidh	1
LE035-017----	class|ss	1
LE035-017----	county|LEITRIM	1
LE035-017----	townland_ga|Fiodh Fharnochta	1
LE036-034----	class|ss	1
LE036-034----	county|LEITRIM	1
LE036-034----	townland_ga|Cluain Cú	1
LF003-014----	class|ss	1
LF003-014----	county|LONGFORD	1
LF003-014----	townland_ga|Éanachán	1
LF007-005001-	class|ss	1
LF007-005001-	county|LONGFORD	1
LF007-005001-	townland_ga|Cloch Choirnéil	1
LF007-005002-	class|ss	1
LF007-005002-	county|LONGFORD	1
LF007-005002-	townland_ga|Cloch Choirnéil	1
LF008-036----	class|ss	1
LF008-036----	county|LONGFORD	1
LF008-036----	townland_ga|Críonach	1
LF009-015----	class|ss	1
LF009-015----	county|LONGFORD	1
LF009-015----	townland_ga|Doire Chara	1
LF010-019----	class|ss	1
LF010-019----	county|LONGFORD	1
LF010-019----	townland_ga|Baile Uí Dhálaigh	1
LF010-020----	class|ss	1
LF010-020----	county|LONGFORD	1
LF010-020----	townland_ga|An Chloch	1
LF010-110----	class|ss	1
LF010-110----	county|LONGFORD	1
LF010-110----	townland_ga|Baile Uí Dhálaigh	1
LF010-111----	class|ss	1
LF010-111----	county|LONGFORD	1
LF010-111----	townland_ga|Baile Uí Dhálaigh	1
LF010-117----	class|ss	1
LF010-117----	county|LONGFORD	1
LF010-117----	townland_ga|Baile Uí Dhálaigh	1
LF010-120----	class|ss	1
LF010-120----	county|LONGFORD	1
LF010-120----	townland_ga|Tromraigh	1
LF010-125----	class|ss	1
LF010-125----	county|LONGFORD	1
LF010-125----	townland_ga|Ráth Chrónáin	1
LF010-126----	class|ss	1
LF010-126----	county|LONGFORD	1
LF010-126----	townland_ga|Baile Huigín	1
LF010-127----	class|ss	1
LF010-127----	county|LONGFORD	1
LF010-127----	townland_ga|An Chloch	1
LF010-128----	class|ss	1
LF010-128----	county|LONGFORD	1
LF010-128----	townland_ga|Cartrún an Mhuilinn	1
LF011-010----	class|ss	1
LF011-010----	county|LONGFORD	1
LF011-010----	townland_ga|An Chraobhaigh	1
LF011-013----	class|ss	1
LF011-013----	county|LONGFORD	1
LF011-013----	townland_ga|Cartrún an Bhóthair	1
LF011-014----	class|ss	1
LF011-014----	county|LONGFORD	1
LF011-014----	townland_ga|Cartrún an Bhóthair	1
LF011-061----	class|ss	1
LF011-061----	county|LONGFORD	1
LF011-061----	townland_ga|Cloch Choirnéil	1
LF011-062----	class|ss	1
LF011-062----	county|LONGFORD	1
LF011-062----	townland_ga|Cartrún an Bhóthair	1
LF011-071----	class|ss	1
LF011-071----	county|LONGFORD	1
LF011-071----	townland_ga|An Chraobhaigh	1
LF011-072----	class|ss	1
LF011-072----	county|LONGFORD	1
LF011-072----	townland_ga|Tobar Féilim	1
LF019-033----	class|ss	1
LF019-033----	county|LONGFORD	1
LF019-033----	townland_ga|An Garrán Buí	1
LF022-005----	class|ss	1
LF022-005----	county|LONGFORD	1
LF022-005----	townland_ga|Caonach Mór	1
LF022-051----	class|ss	1
LF022-051----	county|LONGFORD	1
LF022-051----	townland_ga|An Cartrún Breac	1
LF023-115----	class|ss	1
LF023-115----	county|LONGFORD	1
LF023-115----	townland_ga|An Lios Liath	1
LH003-006----	class|ss	1
LH003-006----	county|LOUTH	1
LH003-006----	townland_ga|Dún gCuaille	1
LH003-011003-	class|ss	1
LH003-011003-	county|LOUTH	1
LH003-011003-	townland_ga|Éadan Ceall	1
LH003-011004-	class|ss	1
LH003-011004-	county|LOUTH	1
LH003-011004-	townland_ga|Éadan Ceall	1
LH003-011005-	class|ss	1
LH003-011005-	county|LOUTH	1
LH003-011005-	townland_ga|Éadan Ceall	1
LH003-011006-	class|ss	1
LH003-011006-	county|LOUTH	1
LH003-011006-	townland_ga|Éadan Ceall	1
LH004-002002-	class|ss	1
LH004-002002-	county|LOUTH	1
LH004-002002-	townland_ga|Gleann na bhFiach	1
LH004-002003-	class|ss	1
LH004-002003-	county|LOUTH	1
LH004-002003-	townland_ga|Gleann na bhFiach	1
LH004-002004-	class|ss	1
LH004-002004-	county|LOUTH	1
LH004-002004-	townland_ga|Gleann na bhFiach	1
LH004-002005-	class|ss	1
LH004-002005-	county|LOUTH	1
LH004-002005-	townland_ga|Gleann na bhFiach	1
LH004-014----	class|ss	1
LH004-014----	county|LOUTH	1
LH004-014----	townland_ga|Carraig Éamainn	1
LH004-042----	class|ss	1
LH004-042----	county|LOUTH	1
LH004-042----	townland_ga|Áth na Sceach	1
LH004-121----	class|ss	1
LH004-121----	county|LOUTH	1
LH004-121----	townland_ga|Baile Mhic Eileoid	1
LH006-036----	class|ss	1
LH006-036----	county|LOUTH	1
LH006-036----	townland_ga|Baile Roibín	1
LH006-075----	class|ss	1
LH006-075----	county|LOUTH	1
LH006-075----	townland_ga|Ais Bheag	1
LH006-077----	class|ss	1
LH006-077----	county|LOUTH	1
LH006-077----	townland_ga|Caisleán Fhraing	1
LH007-001004-	class|ss	1
LH007-001004-	county|LOUTH	1
LH007-001004-	townland_ga|Baile Uí Réigín	1
LH007-001006-	class|ss	1
LH007-001006-	county|LOUTH	1
LH007-001006-	townland_ga|Baile Uí Réigín	1
LH007-001010-	class|ss	1
LH007-001010-	county|LOUTH	1
LH007-001010-	townland_ga|Baile Uí Réigín	1
LH007-010----	class|ss	1
LH007-010----	county|LOUTH	1
LH007-010----	townland_ga|Caisleán Dhún Dealgan	1
LH007-031----	class|ss	1
LH007-031----	county|LOUTH	1
LH007-031----	townland_ga|Carraig an Tancardaigh	1
LH007-032----	class|ss	1
LH007-032----	county|LOUTH	1
LH007-032----	townland_ga|Carraig an Tancardaigh	1
LH007-118006-	class|ss	1
LH007-118006-	county|LOUTH	1
LH007-118006-	townland_ga|Caisleán Dhún Dealgan	1
LH007-194----	class|ss	1
LH007-194----	county|LOUTH	1
LH007-194----	townland_ga|Fearann Dreig	1
LH007-199----	class|ss	1
LH007-199----	county|LOUTH	1
LH007-199----	townland_ga|Fearann Dreig	1
LH007-200----	class|ss	1
LH007-200----	county|LOUTH	1
LH007-200----	townland_ga|Fearann Dreig	1
LH010-010002-	class|ss	1
LH010-010002-	county|LOUTH	1
LH010-010002-	townland_ga|Baile Niocóil	1
LH011-005----	class|ss	1
LH011-005----	county|LOUTH	1
LH011-005----	townland_ga|Muine Bhálait	1
LH011-007----	class|ss	1
LH011-007----	county|LOUTH	1
LH011-007----	townland_ga|Caisleán Fhraing	1
LH011-020----	class|ss	1
LH011-020----	county|LOUTH	1
LH011-020----	townland_ga|Ráth Aidí	1
LH011-048----	class|ss	1
LH011-048----	county|LOUTH	1
LH011-048----	townland_ga|An Ghráinseach	1
LH011-086----	class|ss	1
LH011-086----	county|LOUTH	1
LH011-086----	townland_ga|An Ráth Bhriste	1
LH012-036----	class|ss	1
LH012-036----	county|LOUTH	1
LH012-036----	townland_ga|Baile an Rátha	1
LH013-026----	class|ss	1
LH013-026----	county|LOUTH	1
LH013-026----	townland_ga|An Choill Mhór	1
LH014-002----	class|ss	1
LH014-002----	county|LOUTH	1
LH014-002----	townland_ga|Ráth Bodaigh	1
LH014-035----	class|ss	1
LH014-035----	county|LOUTH	1
LH014-035----	townland_ga|Baile an Dódaigh	1
LH017-033----	class|ss	1
LH017-033----	county|LOUTH	1
LH017-033----	townland_ga|Baile Ró	1
LH017-034----	class|ss	1
LH017-034----	county|LOUTH	1
LH017-034----	townland_ga|Barr na bhFeadóg	1
LH017-043----	class|ss	1
LH017-043----	county|LOUTH	1
LH017-043----	townland_ga|Baile Phursáid	1
LH017-047----	class|ss	1
LH017-047----	county|LOUTH	1
LH017-047----	townland_ga|Baile an Bhlácaigh	1
LH017-053001-	class|ss	1
LH017-053001-	county|LOUTH	1
LH017-053001-	townland_ga|Baile Mhiológ	1
LH017-053002-	class|ss	1
LH017-053002-	county|LOUTH	1
LH017-053002-	townland_ga|Baile Mhiológ	1
LH019-010----	class|ss	1
LH019-010----	county|LOUTH	1
LH019-010----	townland_ga|Baile an Lábáin	1
LH021-009----	class|ss	1
LH021-009----	county|LOUTH	1
LH021-009----	townland_ga|Baile Uí Chearnaigh	1
LH021-013----	class|ss	1
LH021-013----	county|LOUTH	1
LH021-013----	townland_ga|Droim Sealann	1
LH021-014----	class|ss	1
LH021-014----	county|LOUTH	1
LH021-014----	townland_ga|Droim Sealann	1
LH021-015----	class|ss	1
LH021-015----	county|LOUTH	1
LH021-015----	townland_ga|Droim Sealann	1
LH021-024----	class|ss	1
LH021-024----	county|LOUTH	1
LH021-024----	townland_ga|Baile an Phiobaraigh	1
LH022-023----	class|ss	1
LH022-023----	county|LOUTH	1
LH022-023----	townland_ga|Ráth an Dairdisigh	1
LI005-074----	class|ss	1
LI005-074----	county|LIMERICK	1
LI005-074----	townland_ga|Tamhlachtain	1
LI006-008----	class|ss	1
LI006-008----	county|LIMERICK	1
LI006-008----	townland_ga|An Ruán	1
LI006-084----	class|ss	1
LI006-084----	county|LIMERICK	1
LI006-084----	townland_ga|Cnoc Uí Ursainte	1
LI009-018----	class|ss	1
LI009-018----	county|LIMERICK	1
LI009-018----	townland_ga|Na Liatha	1
LI010-122----	class|ss	1
LI010-122----	county|LIMERICK	1
LI010-122----	townland_ga|An Chorrghráig	1
LI011-141----	class|ss	1
LI011-141----	county|LIMERICK	1
LI011-141----	townland_ga|Cill Bhríde	1
LI012-127----	class|ss	1
LI012-127----	county|LIMERICK	1
LI012-127----	townland_ga|Baile Bhológ	1
LI012-146----	class|ss	1
LI012-146----	county|LIMERICK	1
LI012-146----	townland_ga|An Chúirt	1
LI012-149----	class|ss	1
LI012-149----	county|LIMERICK	1
LI012-149----	townland_ga|Cill na Caillí	1
LI013-095----	class|ss	1
LI013-095----	county|LIMERICK	1
LI013-095----	townland_ga|Baile na mBráthar Thuaidh	1
LI013-099----	class|ss	1
LI013-099----	county|LIMERICK	1
LI013-099----	townland_ga|Baile na mBráthar	1
LI013-143----	class|ss	1
LI013-143----	county|LIMERICK	1
LI013-143----	townland_ga|Drom Bainne	1
LI013-147----	class|ss	1
LI013-147----	county|LIMERICK	1
LI013-147----	townland_ga|Caisleán Mhungairit	1
LI013-148----	class|ss	1
LI013-148----	county|LIMERICK	1
LI013-148----	townland_ga|An Móintín	1
LI013-186----	class|ss	1
LI013-186----	county|LIMERICK	1
LI013-186----	townland_ga|Bóthar an Lóid	1
LI013-193----	class|ss	1
LI013-193----	county|LIMERICK	1
LI013-193----	townland_ga|Drom Bainne	1
LI013-196----	class|ss	1
LI013-196----	county|LIMERICK	1
LI013-196----	townland_ga|Baile na gCeard	1
LI013-210----	class|ss	1
LI013-210----	county|LIMERICK	1
LI013-210----	townland_ga|Cnoc Aodha	1
LI014-024----	class|ss	1
LI014-024----	county|LIMERICK	1
LI014-024----	townland_ga|Ard an Ghoirt	1
LI014-050004-	class|ss	1
LI014-050004-	county|LIMERICK	1
LI014-050004-	townland_ga|An Bóthar Gearr	1
LI014-065----	class|ss	1
LI014-065----	county|LIMERICK	1
LI014-140----	class|ss	1
LI014-140----	county|LIMERICK	1
LI014-140----	townland_ga|Ard an Ghoirt	1
LI014-141----	class|ss	1
LI014-141----	county|LIMERICK	1
LI014-141----	townland_ga|Ard an Ghoirt	1
LI014-142----	class|ss	1
LI014-142----	county|LIMERICK	1
LI014-142----	townland_ga|Ard an Ghoirt	1
LI014-143----	class|ss	1
LI014-143----	county|LIMERICK	1
LI014-143----	townland_ga|Post Thuaidh	1
LI014-146----	class|ss	1
LI014-146----	county|LIMERICK	1
LI014-146----	townland_ga|Inse Shan Labhráis	1
LI014-178----	class|ss	1
LI014-178----	county|LIMERICK	1
LI014-178----	townland_ga|Cnoc an tSeanchaisleáin	1
LI015-080----	class|ss	1
LI015-080----	county|LIMERICK	1
LI015-080----	townland_ga|Drom Ealta	1
LI016-002003-	class|ss	1
LI016-002003-	county|LIMERICK	1
LI016-002003-	townland_ga|Rinn an Mheana Thoir	1
LI017-036----	class|ss	1
LI017-036----	county|LIMERICK	1
LI017-036----	townland_ga|Baile Uí Chathláin Uachtarach	1
LI017-047----	class|ss	1
LI017-047----	county|LIMERICK	1
LI017-047----	townland_ga|Baile na nGall	1
LI018-107----	class|ss	1
LI018-107----	county|LIMERICK	1
LI018-107----	townland_ga|Tulach Fhraoigh Íochtarach	1
LI018-108----	class|ss	1
LI018-108----	county|LIMERICK	1
LI018-108----	townland_ga|Tulach Fhraoigh Íochtarach	1
LI018-110----	class|ss	1
LI018-110----	county|LIMERICK	1
LI018-110----	townland_ga|Na Cluainte	1
LI018-112----	class|ss	1
LI018-112----	county|LIMERICK	1
LI018-112----	townland_ga|Muine Maothail	1
LI018-113----	class|ss	1
LI018-113----	county|LIMERICK	1
LI018-113----	townland_ga|Muine Maothail	1
LI018-116----	class|ss	1
LI018-116----	county|LIMERICK	1
LI018-116----	townland_ga|Coill an Chalaidh	1
LI018-119----	class|ss	1
LI018-119----	county|LIMERICK	1
LI018-119----	townland_ga|Coill an Chalaidh	1
LI018-121----	class|ss	1
LI018-121----	county|LIMERICK	1
LI018-121----	townland_ga|Coill Tíre	1
LI019-026011-	class|ss	1
LI019-026011-	county|LIMERICK	1
LI019-026011-	townland_ga|Mainistir na gCailleach	1
LI019-253----	class|ss	1
LI019-253----	county|LIMERICK	1
LI019-253----	townland_ga|Broisceach	1
LI019-258----	class|ss	1
LI019-258----	county|LIMERICK	1
LI019-258----	townland_ga|Baile Uístín	1
LI019-260----	class|ss	1
LI019-260----	county|LIMERICK	1
LI019-260----	townland_ga|Maigh	1
LI019-275----	class|ss	1
LI019-275----	county|LIMERICK	1
LI019-275----	townland_ga|Cluain Uí Chlochasaigh	1
LI020-154----	class|ss	1
LI020-154----	county|LIMERICK	1
LI020-154----	townland_ga|Cloch an Choitréadaigh	1
LI020-156----	class|ss	1
LI020-156----	county|LIMERICK	1
LI020-156----	townland_ga|Ráth Caola	1
LI022-043004-	class|ss	1
LI022-043004-	county|LIMERICK	1
LI022-043004-	townland_ga|Baile an Fhainínigh	1
LI022-146----	class|ss	1
LI022-146----	county|LIMERICK	1
LI022-146----	townland_ga|Baile Uí Eachach	1
LI022-153----	class|ss	1
LI022-153----	county|LIMERICK	1
LI022-153----	townland_ga|Páirc na Carraige	1
LI022-154----	class|ss	1
LI022-154----	county|LIMERICK	1
LI022-154----	townland_ga|Baile na mBráthar Thuaidh	1
LI022-227----	class|ss	1
LI022-227----	county|LIMERICK	1
LI022-227----	townland_ga|Bóthar an Lóid	1
LI022-231----	class|ss	1
LI022-231----	county|LIMERICK	1
LI022-231----	townland_ga|Dromainn an Chathraigh	1
LI022-236----	class|ss	1
LI022-236----	county|LIMERICK	1
LI022-236----	townland_ga|Bán an Champa	1
LI023-010----	class|ss	1
LI023-010----	county|LIMERICK	1
LI023-032----	class|ss	1
LI023-032----	county|LIMERICK	1
LI023-032----	townland_ga|Baile na mBráthar	1
LI023-033----	class|ss	1
LI023-033----	county|LIMERICK	1
LI023-033----	townland_ga|Baile na mBráthar	1
LI023-034----	class|ss	1
LI023-034----	county|LIMERICK	1
LI023-034----	townland_ga|Baile na mBráthar	1
LI023-072----	class|ss	1
LI023-072----	county|LIMERICK	1
LI023-072----	townland_ga|Baile an Ghúlaigh	1
LI023-073----	class|ss	1
LI023-073----	county|LIMERICK	1
LI023-073----	townland_ga|Baile an Ghúlaigh	1
LI023-074----	class|ss	1
LI023-074----	county|LIMERICK	1
LI023-074----	townland_ga|Baile an Ghúlaigh	1
LI023-075----	class|ss	1
LI023-075----	county|LIMERICK	1
LI023-075----	townland_ga|Baile an Ghúlaigh	1
LI023-109----	class|ss	1
LI023-109----	county|LIMERICK	1
LI023-109----	townland_ga|An Ghráinsigh	1
LI023-110----	class|ss	1
LI023-110----	county|LIMERICK	1
LI023-110----	townland_ga|Cathair Ailí Thiar	1
LI023-111----	class|ss	1
LI023-111----	county|LIMERICK	1
LI023-111----	townland_ga|Baile Uí Bhricín Thiar	1
LI023-112----	class|ss	1
LI023-112----	county|LIMERICK	1
LI023-112----	townland_ga|Baile Uí Bhricín Thiar	1
LI023-113----	class|ss	1
LI023-113----	county|LIMERICK	1
LI023-113----	townland_ga|Baile Uí Bhricín Thiar	1
LI023-114----	class|ss	1
LI023-114----	county|LIMERICK	1
LI023-114----	townland_ga|Inse Shan Labhráis Theas	1
LI023-115----	class|ss	1
LI023-115----	county|LIMERICK	1
LI023-115----	townland_ga|Baile an Ghúlaigh	1
LI023-116----	class|ss	1
LI023-116----	county|LIMERICK	1
LI023-116----	townland_ga|Baile an Ghúlaigh	1
LI023-117----	class|ss	1
LI023-117----	county|LIMERICK	1
LI023-117----	townland_ga|Baile an Ghúlaigh	1
LI023-127----	class|ss	1
LI023-127----	county|LIMERICK	1
LI023-295----	class|ss	1
LI023-295----	county|LIMERICK	1
LI023-295----	townland_ga|Moin Minit	1
LI023-303----	class|ss	1
LI023-303----	county|LIMERICK	1
LI023-303----	townland_ga|Baile Uí Bhricín Thiar	1
LI023-307----	class|ss	1
LI023-307----	county|LIMERICK	1
LI023-307----	townland_ga|An Ghallbhuaile	1
LI023-311----	class|ss	1
LI023-311----	county|LIMERICK	1
LI023-311----	townland_ga|Baile Uí Bhricín Thoir	1
LI023-317----	class|ss	1
LI023-317----	county|LIMERICK	1
LI023-317----	townland_ga|Cathair Ailí Thoir	1
LI023-320----	class|ss	1
LI023-320----	county|LIMERICK	1
LI023-320----	townland_ga|Baile Uí Bhricín Thiar	1
LI023-321----	class|ss	1
LI023-321----	county|LIMERICK	1
LI023-321----	townland_ga|Baile Uí Bhricín Thiar	1
LI024-030002-	class|ss	1
LI024-030002-	county|LIMERICK	1
LI024-030002-	townland_ga|An Chloch Fhada	1
LI024-290----	class|ss	1
LI024-290----	county|LIMERICK	1
LI024-290----	townland_ga|Cnoc Bhaile Phúcúin	1
LI024-296----	class|ss	1
LI024-296----	county|LIMERICK	1
LI024-296----	townland_ga|An Bhreac-choill	1
LI024-301----	class|ss	1
LI024-301----	county|LIMERICK	1
LI024-301----	townland_ga|Baile an Mhuilinn	1
LI028-102001-	class|ss	1
LI028-102001-	county|LIMERICK	1
LI028-102001-	townland_ga|An Riaráiste Theas	1
LI028-179----	class|ss	1
LI028-179----	county|LIMERICK	1
LI028-179----	townland_ga|Lios na Coille	1
LI028-181----	class|ss	1
LI028-181----	county|LIMERICK	1
LI028-181----	townland_ga|Lios Cordáin	1
LI029-029----	class|ss	1
LI029-029----	county|LIMERICK	1
LI029-029----	townland_ga|Ráth Caola	1
LI030-017----	class|ss	1
LI030-017----	county|LIMERICK	1
LI030-017----	townland_ga|An Carraigín	1
LI031-020002-	class|ss	1
LI031-020002-	county|LIMERICK	1
LI031-020002-	townland_ga|An Ráth Mhór Theas	1
LI031-034----	class|ss	1
LI031-034----	county|LIMERICK	1
LI031-034----	townland_ga|Cloch na Manach	1
LI031-041013-	class|ss	1
LI031-041013-	county|LIMERICK	1
LI031-041013-	townland_ga|Cathair an Ghiolla Mhóir	1
LI031-151006-	class|ss	1
LI031-151006-	county|LIMERICK	1
LI031-151006-	townland_ga|An Carraigín	1
LI032-007----	class|ss	1
LI032-007----	county|LIMERICK	1
LI032-007----	townland_ga|An Ghráinsigh	1
LI032-009----	class|ss	1
LI032-009----	county|LIMERICK	1
LI032-009----	townland_ga|An Ghráinsigh	1
LI032-010002-	class|ss	1
LI032-010002-	county|LIMERICK	1
LI032-010002-	townland_ga|An Ghráinsigh	1
LI032-013----	class|ss	1
LI032-013----	county|LIMERICK	1
LI032-013----	townland_ga|Cnoc Finéil	1
LI032-014011-	class|ss	1
LI032-014011-	county|LIMERICK	1
LI032-014011-	townland_ga|Loch Goir	1
LI032-020----	class|ss	1
LI032-020----	county|LIMERICK	1
LI032-020----	townland_ga|Cnoc Finéil	1
LI032-022021-	class|ss	1
LI032-022021-	county|LIMERICK	1
LI032-022021-	townland_ga|Loch Goir	1
LI032-032----	class|ss	1
LI032-032----	county|LIMERICK	1
LI032-032----	townland_ga|Loch Goir	1
LI032-034----	class|ss	1
LI032-034----	county|LIMERICK	1
LI032-034----	townland_ga|Loch Goir	1
LI032-035----	class|ss	1
LI032-035----	county|LIMERICK	1
LI032-035----	townland_ga|Loch Goir	1
LI032-040001-	class|ss	1
LI032-040001-	county|LIMERICK	1
LI032-040001-	townland_ga|Loch Goir	1
LI032-041003-	class|ss	1
LI032-041003-	county|LIMERICK	1
LI032-041003-	townland_ga|Baile na gCailleach	1
LI032-047001-	class|ss	1
LI032-047001-	county|LIMERICK	1
LI032-047001-	townland_ga|Loch Goir	1
LI032-048----	class|ss	1
LI032-048----	county|LIMERICK	1
LI032-048----	townland_ga|Loch Goir	1
LI032-049----	class|ss	1
LI032-049----	county|LIMERICK	1
LI032-049----	townland_ga|Loch Goir	1
LI032-050----	class|ss	1
LI032-050----	county|LIMERICK	1
LI032-050----	townland_ga|Loch Goir	1
LI032-051----	class|ss	1
LI032-051----	county|LIMERICK	1
LI032-051----	townland_ga|Loch Goir	1
LI032-061----	class|ss	1
LI032-061----	county|LIMERICK	1
LI032-061----	townland_ga|Loch Goir	1
LI032-065----	class|ss	1
LI032-065----	county|LIMERICK	1
LI032-065----	townland_ga|Loch Goir	1
LI032-069----	class|ss	1
LI032-069----	county|LIMERICK	1
LI032-069----	townland_ga|Cathair Choirne	1
LI032-074----	class|ss	1
LI032-074----	county|LIMERICK	1
LI032-074----	townland_ga|An Múchán	1
LI032-075----	class|ss	1
LI032-075----	county|LIMERICK	1
LI032-075----	townland_ga|An Múchán	1
LI032-094----	class|ss	1
LI032-094----	county|LIMERICK	1
LI032-094----	townland_ga|Cloch an Bhiolair	1
LI032-096----	class|ss	1
LI032-096----	county|LIMERICK	1
LI032-096----	townland_ga|Cloch an Bhiolair	1
LI032-125----	class|ss	1
LI032-125----	county|LIMERICK	1
LI032-125----	townland_ga|Coill Bhaile Eoghain	1
LI032-132----	class|ss	1
LI032-132----	county|LIMERICK	1
LI032-132----	townland_ga|An Coirrín Fíorfhada	1
LI032-134----	class|ss	1
LI032-134----	county|LIMERICK	1
LI032-134----	townland_ga|Cnoc Áine Thiar	1
LI032-152----	class|ss	1
LI032-152----	county|LIMERICK	1
LI032-152----	townland_ga|Feirm an Chaisleáin	1
LI032-157----	class|ss	1
LI032-157----	county|LIMERICK	1
LI032-157----	townland_ga|An Coirrín Fíorfhada	1
LI032-158----	class|ss	1
LI032-158----	county|LIMERICK	1
LI032-158----	townland_ga|Baile na gCailleach	1
LI032-159----	class|ss	1
LI032-159----	county|LIMERICK	1
LI032-159----	townland_ga|Cathair Choirne	1
LI032-160001-	class|ss	1
LI032-160001-	county|LIMERICK	1
LI032-160001-	townland_ga|Feirm an Chaisleáin	1
LI032-329----	class|ss	1
LI032-329----	county|LIMERICK	1
LI032-329----	townland_ga|Cnoc Áine Thiar	1
LI032-330----	class|ss	1
LI032-330----	county|LIMERICK	1
LI032-330----	townland_ga|Cnoc Áine Thiar	1
LI032-345----	class|ss	1
LI032-345----	county|LIMERICK	1
LI032-345----	townland_ga|Cathair Choirne	1
LI033-019----	class|ss	1
LI033-019----	county|LIMERICK	1
LI033-019----	townland_ga|Carraig Chiotal	1
LI033-027----	class|ss	1
LI033-027----	county|LIMERICK	1
LI033-027----	townland_ga|Carraig Chiotal	1
LI033-151----	class|ss	1
LI033-151----	county|LIMERICK	1
LI033-151----	townland_ga|An Cnoc Rua	1
LI033-157----	class|ss	1
LI033-157----	county|LIMERICK	1
LI033-157----	townland_ga|An Seanbhaile (Ryan)	1
LI033-158----	class|ss	1
LI033-158----	county|LIMERICK	1
LI033-158----	townland_ga|An Seanbhaile (Ryan)	1
LI037-108----	class|ss	1
LI037-108----	county|LIMERICK	1
LI037-108----	townland_ga|An Cheathrú Mhór	1
LI038-017----	class|ss	1
LI038-017----	county|LIMERICK	1
LI038-017----	townland_ga|Baile Uí Dhroighneáin	1
LI038-162----	class|ss	1
LI038-162----	county|LIMERICK	1
LI038-162----	townland_ga|Baile an Chaisleáin	1
LI039-050----	class|ss	1
LI039-050----	county|LIMERICK	1
LI039-050----	townland_ga|Baile Uí Dhroighneáin	1
LI039-099002-	class|ss	1
LI039-099002-	county|LIMERICK	1
LI039-099002-	townland_ga|An Baile Nua	1
LI039-146----	class|ss	1
LI039-146----	county|LIMERICK	1
LI039-146----	townland_ga|Ráth Chanann	1
LI040-022----	class|ss	1
LI040-022----	county|LIMERICK	1
LI040-022----	townland_ga|Ráth Chana	1
LI040-031----	class|ss	1
LI040-031----	county|LIMERICK	1
LI040-031----	townland_ga|Geotún	1
LI040-033----	class|ss	1
LI040-033----	county|LIMERICK	1
LI040-033----	townland_ga|Cúil an Locha	1
LI041-013009-	class|ss	1
LI041-013009-	county|LIMERICK	1
LI041-013009-	townland_ga|Ráithín an Mhadra	1
LI041-013012-	class|ss	1
LI041-013012-	county|LIMERICK	1
LI041-013012-	townland_ga|Ráithín an Mhadra	1
LI047-025----	class|ss	1
LI047-025----	county|LIMERICK	1
LI047-025----	townland_ga|Ard Chill Mhártain	1
LI048-034024-	class|ss	1
LI048-034024-	county|LIMERICK	1
LI048-034024-	townland_ga|An Chois	1
LI048-041----	class|ss	1
LI048-041----	county|LIMERICK	1
LI048-041----	townland_ga|Baile an Bhrianaigh	1
LI048-061----	class|ss	1
LI048-061----	county|LIMERICK	1
LI048-061----	townland_ga|Baile an Mhóraigh	1
LI048-065002-	class|ss	1
LI048-065002-	county|LIMERICK	1
LI048-065002-	townland_ga|An Cillín	1
LI048-065003-	class|ss	1
LI048-065003-	county|LIMERICK	1
LI048-065003-	townland_ga|An Cillín	1
LI048-065004-	class|ss	1
LI048-065004-	county|LIMERICK	1
LI048-065004-	townland_ga|An Cillín	1
LI048-110----	class|ss	1
LI048-110----	county|LIMERICK	1
LI048-110----	townland_ga|Baile an Róigh Íochtarach	1
LI048-118----	class|ss	1
LI048-118----	county|LIMERICK	1
LI048-118----	townland_ga|Baile an Róigh Íochtarach	1
LI048-119----	class|ss	1
LI048-119----	county|LIMERICK	1
LI048-119----	townland_ga|Baile an Róigh Íochtarach	1
LI048-120----	class|ss	1
LI048-120----	county|LIMERICK	1
LI048-120----	townland_ga|Cill Fhíonáin	1
LI048-126----	class|ss	1
LI048-126----	county|LIMERICK	1
LI048-126----	townland_ga|Baile an Mhóraigh	1
LI048-128----	class|ss	1
LI048-128----	county|LIMERICK	1
LI048-128----	townland_ga|Garraí an Léisigh	1
LI048-129----	class|ss	1
LI048-129----	county|LIMERICK	1
LI048-129----	townland_ga|Cill Fhíonáin	1
LI049-291----	class|ss	1
LI049-291----	county|LIMERICK	1
LI049-291----	townland_ga|Baile an Gharraí	1
LI049-292----	class|ss	1
LI049-292----	county|LIMERICK	1
LI049-292----	townland_ga|Dún Trí Liag	1
LI049-293----	class|ss	1
LI049-293----	county|LIMERICK	1
LI049-293----	townland_ga|Dún Trí Liag	1
LI055-040----	class|ss	1
LI055-040----	county|LIMERICK	1
LI055-040----	townland_ga|Baile Shéamais	1
LI056-010----	class|ss	1
LI056-010----	county|LIMERICK	1
LI056-010----	townland_ga|Baile an Iagógaigh	1
LI056-012----	class|ss	1
LI056-012----	county|LIMERICK	1
LI056-012----	townland_ga|Baile an Laighnigh Íochtarach	1
LI056-015001-	class|ss	1
LI056-015001-	county|LIMERICK	1
LI056-015001-	townland_ga|Baile an Laighnigh Íochtarach	1
LI056-017----	class|ss	1
LI056-017----	county|LIMERICK	1
LI056-017----	townland_ga|Baile an Laighnigh Íochtarach	1
LI056-022----	class|ss	1
LI056-022----	county|LIMERICK	1
LI056-022----	townland_ga|Cill Fhíonáin	1
LI056-047----	class|ss	1
LI056-047----	county|LIMERICK	1
LI056-047----	townland_ga|Baile na Cúirte	1
LI056-056----	class|ss	1
LI056-056----	county|LIMERICK	1
LI056-056----	townland_ga|Baile an Róigh Uachtarach	1
LI056-057----	class|ss	1
LI056-057----	county|LIMERICK	1
LI056-057----	townland_ga|Baile an Mhoirtéalaigh	1
LI056-058----	class|ss	1
LI056-058----	county|LIMERICK	1
LI056-058----	townland_ga|Baile an Mhoirtéalaigh	1
LI056-059----	class|ss	1
LI056-059----	county|LIMERICK	1
LI056-059----	townland_ga|Baile an Mhoirtéalaigh	1
LI056-060----	class|ss	1
LI056-060----	county|LIMERICK	1
LI056-060----	townland_ga|Baile an Mhoirtéalaigh	1
LI056-068----	class|ss	1
LI056-068----	county|LIMERICK	1
LI056-068----	townland_ga|Baile an Róigh Uachtarach	1
LI056-069----	class|ss	1
LI056-069----	county|LIMERICK	1
LI056-069----	townland_ga|Baile an Róigh Uachtarach	1
LI056-070----	class|ss	1
LI056-070----	county|LIMERICK	1
LI056-070----	townland_ga|Baile an Róigh Uachtarach	1
LI056-071----	class|ss	1
LI056-071----	county|LIMERICK	1
LI056-071----	townland_ga|Baile an Róigh Uachtarach	1
LI056-073----	class|ss	1
LI056-073----	county|LIMERICK	1
LI056-073----	townland_ga|Baile an Laighnigh Uachtarach	1
LI056-074----	class|ss	1
LI056-074----	county|LIMERICK	1
LI056-074----	townland_ga|Baile an Laighnigh Uachtarach	1
LI056-075----	class|ss	1
LI056-075----	county|LIMERICK	1
LI056-075----	townland_ga|Baile an Mhoirtéalaigh	1
LI056-076----	class|ss	1
LI056-076----	county|LIMERICK	1
LI056-076----	townland_ga|Baile an Róigh Uachtarach	1
LI057-053----	class|ss	1
LI057-053----	county|LIMERICK	1
LI057-053----	townland_ga|Tuar an Liagáin	1
LI059-001----	class|ss	1
LI059-001----	county|LIMERICK	1
LI059-001----	townland_ga|Gleann an Áir Thiar	1
MA007-034----	class|ss	1
MA007-034----	county|MAYO	1
MA007-034----	townland_ga|Dún na Dóibe	1
MA009-015010-	class|ss	1
MA009-015010-	county|MAYO	1
MA009-020006-	class|ss	1
MA009-020006-	county|MAYO	1
MA010-024----	class|ss	1
MA010-024----	county|MAYO	1
MA010-038----	class|ss	1
MA010-038----	county|MAYO	1
MA015-001----	class|ss	1
MA015-001----	county|MAYO	1
MA015-001----	townland_ga|Fochaill	1
MA015-004----	class|ss	1
MA015-004----	county|MAYO	1
MA015-004----	townland_ga|Beannchar	1
MA015-070----	class|ss	1
MA015-070----	county|MAYO	1
MA015-070----	townland_ga|An Caiseal	1
MA016-016----	class|ss	1
MA016-016----	county|MAYO	1
MA016-017----	class|ss	1
MA016-017----	county|MAYO	1
MA017-016----	class|ss	1
MA017-016----	county|MAYO	1
MA018-006004-	class|ss	1
MA018-006004-	county|MAYO	1
MA021-095----	class|ss	1
MA021-095----	county|MAYO	1
MA021-095----	townland_ga|Tamhnaigh an Mhadaidh Dhuibh	1
MA022-022002-	class|ss	1
MA022-022002-	county|MAYO	1
MA022-022002-	townland_ga|An Mhaighean	1
MA022-073----	class|ss	1
MA022-073----	county|MAYO	1
MA022-073----	townland_ga|Ros Eirc	1
MA022-111----	class|ss	1
MA022-111----	county|MAYO	1
MA022-111----	townland_ga|Cill Ró	1
MA024-022002-	class|ss	1
MA024-022002-	county|MAYO	1
MA024-023----	class|ss	1
MA024-023----	county|MAYO	1
MA028-002----	class|ss	1
MA028-002----	county|MAYO	1
MA028-002----	townland_ga|Dumha Liag Mór	1
MA028-003002-	class|ss	1
MA028-003002-	county|MAYO	1
MA028-003002-	townland_ga|Eiscreach	1
MA028-004----	class|ss	1
MA028-004----	county|MAYO	1
MA028-004----	townland_ga|Dumha Liag Mór	1
MA028-005----	class|ss	1
MA028-005----	county|MAYO	1
MA028-005----	townland_ga|Dumha Liag Mór	1
MA029-056----	class|ss	1
MA029-056----	county|MAYO	1
MA029-056----	townland_ga|Gort na hUrra Íochtarach	1
MA030-044----	class|ss	1
MA030-044----	county|MAYO	1
MA030-044----	townland_ga|Cúige an Liagáin	1
MA031-011002-	class|ss	1
MA031-011002-	county|MAYO	1
MA031-011002-	townland_ga|An Cairthe	1
MA031-041----	class|ss	1
MA031-041----	county|MAYO	1
MA031-041----	townland_ga|Ráth Raodáin	1
MA031-063----	class|ss	1
MA031-063----	county|MAYO	1
MA031-063----	townland_ga|Droim Síon	1
MA031-070----	class|ss	1
MA031-070----	county|MAYO	1
MA031-070----	townland_ga|Ceathrú an Lábáin	1
MA038-002002-	class|ss	1
MA038-002002-	county|MAYO	1
MA038-002002-	townland_ga|Ceathrú an Chillín	1
MA038-003----	class|ss	1
MA038-003----	county|MAYO	1
MA038-003----	townland_ga|Ceathrú an Chillín	1
MA038-150----	class|ss	1
MA038-150----	county|MAYO	1
MA038-150----	townland_ga|Srath na Leachta Thuaidh	1
MA039-130----	class|ss	1
MA039-130----	county|MAYO	1
MA039-130----	townland_ga|An Droim Riabhach	1
MA040-010001-	class|ss	1
MA040-010001-	county|MAYO	1
MA040-010001-	townland_ga|An Cheathrú Chrom	1
MA040-010002-	class|ss	1
MA040-010002-	county|MAYO	1
MA040-010002-	townland_ga|An Cheathrú Chrom	1
MA040-014----	class|ss	1
MA040-014----	county|MAYO	1
MA040-014----	townland_ga|An Cheathrú Chrom	1
MA040-063003-	class|ss	1
MA040-063003-	county|MAYO	1
MA040-063003-	townland_ga|An Lios Ard Mór	1
MA040-091----	class|ss	1
MA040-091----	county|MAYO	1
MA040-091----	townland_ga|An Cheathrú Chrom	1
MA040-093002-	class|ss	1
MA040-093002-	county|MAYO	1
MA040-093002-	townland_ga|An Cheathrú Chrom	1
MA040-101----	class|ss	1
MA040-101----	county|MAYO	1
MA040-101----	townland_ga|Ceathrú an Chaisleáin	1
MA040-111----	class|ss	1
MA040-111----	county|MAYO	1
MA040-111----	townland_ga|An Cheathrú Chrom	1
MA042-014----	class|ss	1
MA042-014----	county|MAYO	1
MA042-014----	townland_ga|An Sliabh Mór	1
MA042-015001-	class|ss	1
MA042-015001-	county|MAYO	1
MA042-015001-	townland_ga|An Sliabh Mór	1
MA042-037----	class|ss	1
MA042-037----	county|MAYO	1
MA042-037----	townland_ga|An Caol Thoir	1
MA044-009003-	class|ss	1
MA044-009003-	county|MAYO	1
MA044-009003-	townland_ga|Cill Ghoin	1
MA047-067----	class|ss	1
MA047-067----	county|MAYO	1
MA047-067----	townland_ga|An Cartún Dubh	1
MA048-070002-	class|ss	1
MA048-070002-	county|MAYO	1
MA048-070002-	townland_ga|Toraigh Dhubh	1
MA048-083----	class|ss	1
MA048-083----	county|MAYO	1
MA048-083----	townland_ga|Cúil Chrónáin	1
MA048-084----	class|ss	1
MA048-084----	county|MAYO	1
MA048-084----	townland_ga|Cúil Chrónáin	1
MA048-085----	class|ss	1
MA048-085----	county|MAYO	1
MA048-085----	townland_ga|Bun na Fionnghlaise	1
MA049-064----	class|ss	1
MA049-064----	county|MAYO	1
MA049-064----	townland_ga|An Chreagach	1
MA049-092002-	class|ss	1
MA049-092002-	county|MAYO	1
MA049-092002-	townland_ga|An Caladh	1
MA049-092003-	class|ss	1
MA049-092003-	county|MAYO	1
MA049-092003-	townland_ga|An Caladh	1
MA049-108----	class|ss	1
MA049-108----	county|MAYO	1
MA049-108----	townland_ga|An Trian Riabhach	1
MA049-160----	class|ss	1
MA049-160----	county|MAYO	1
MA049-160----	townland_ga|Boith Shalach	1
MA053-003008-	class|ss	1
MA053-003008-	county|MAYO	1
MA053-003008-	townland_ga|An Caol Thiar	1
MA054-015006-	class|ss	1
MA054-015006-	county|MAYO	1
MA054-015006-	townland_ga|An Caol Thoir	1
MA060-038002-	class|ss	1
MA060-038002-	county|MAYO	1
MA060-038002-	townland_ga|Cluain Gaoith	1
MA061-084----	class|ss	1
MA061-084----	county|MAYO	1
MA061-084----	townland_ga|Lios Mearáin	1
MA061-096002-	class|ss	1
MA061-096002-	county|MAYO	1
MA061-096002-	townland_ga|Cluain Uí Ghabhann	1
MA061-119002-	class|ss	1
MA061-119002-	county|MAYO	1
MA061-119002-	townland_ga|An Rinn Bhreac	1
MA061-209----	class|ss	1
MA061-209----	county|MAYO	1
MA061-209----	townland_ga|An Rinn Bhreac	1
MA061-220----	class|ss	1
MA061-220----	county|MAYO	1
MA061-220----	townland_ga|Leachta Mhic Dhuarcáin	1
MA063-059----	class|ss	1
MA063-059----	county|MAYO	1
MA063-059----	townland_ga|An Caiseal Dubh	1
MA067-029----	class|ss	1
MA067-029----	county|MAYO	1
MA067-029----	townland_ga|Cnoc an Liagáin	1
MA070-193----	class|ss	1
MA070-193----	county|MAYO	1
MA070-193----	townland_ga|Droim Daimh	1
MA072-057002-	class|ss	1
MA072-057002-	county|MAYO	1
MA072-057002-	townland_ga|Cnoc Raithní	1
MA072-111002-	class|ss	1
MA072-111002-	county|MAYO	1
MA072-111002-	townland_ga|Caiseal Bearnach	1
MA072-111003-	class|ss	1
MA072-111003-	county|MAYO	1
MA072-111003-	townland_ga|Caiseal Bearnach	1
MA072-132----	class|ss	1
MA072-132----	county|MAYO	1
MA072-132----	townland_ga|Breac-chluain	1
MA073-040----	class|ss	1
MA073-040----	county|MAYO	1
MA073-040----	townland_ga|Baile an Rumpa	1
MA075-026----	class|ss	1
MA075-026----	county|MAYO	1
MA075-026----	townland_ga|An Baile Thuaidh Mór	1
MA077-043----	class|ss	1
MA077-043----	county|MAYO	1
MA077-043----	townland_ga|Slogar	1
MA082-035006-	class|ss	1
MA082-035006-	county|MAYO	1
MA082-035006-	townland_ga|An Chrois Bheag	1
MA082-047----	class|ss	1
MA082-047----	county|MAYO	1
MA082-047----	townland_ga|Baile Uí Eidhin	1
MA082-061----	class|ss	1
MA082-061----	county|MAYO	1
MA082-061----	townland_ga|An Cheapach	1
MA082-062----	class|ss	1
MA082-062----	county|MAYO	1
MA082-062----	townland_ga|An Cheapach	1
MA087-014008-	class|ss	1
MA087-014008-	county|MAYO	1
MA087-014008-	townland_ga|Coill an Daingin	1
MA087-014009-	class|ss	1
MA087-014009-	county|MAYO	1
MA087-014009-	townland_ga|Coill an Daingin	1
MA087-014010-	class|ss	1
MA087-014010-	county|MAYO	1
MA087-014010-	townland_ga|Coill an Daingin	1
MA087-054----	class|ss	1
MA087-054----	county|MAYO	1
MA087-054----	townland_ga|Diméin Mhuraisce	1
MA087-055----	class|ss	1
MA087-055----	county|MAYO	1
MA087-055----	townland_ga|Diméin Mhuraisce	1
MA087-056----	class|ss	1
MA087-056----	county|MAYO	1
MA087-056----	townland_ga|Diméin Mhuraisce	1
MA088-030----	class|ss	1
MA088-030----	county|MAYO	1
MA088-030----	townland_ga|Cluain Muanad	1
MA088-057001-	class|ss	1
MA088-057001-	county|MAYO	1
MA088-057001-	townland_ga|An Chnapach Mheánach	1
MA088-090----	class|ss	1
MA088-090----	county|MAYO	1
MA088-090----	townland_ga|Coill an Chúir	1
MA088-094----	class|ss	1
MA088-094----	county|MAYO	1
MA088-094----	townland_ga|Farnocht	1
MA090-033012-	class|ss	1
MA090-033012-	county|MAYO	1
MA090-033012-	townland_ga|Ceathrú Shéamais	1
MA090-124----	class|ss	1
MA090-124----	county|MAYO	1
MA090-124----	townland_ga|Ceathrú Shéamais	1
MA090-125----	class|ss	1
MA090-125----	county|MAYO	1
MA090-125----	townland_ga|Na Curraigh	1
MA090-140001-	class|ss	1
MA090-140001-	county|MAYO	1
MA090-140001-	townland_ga|Log an Chillín	1
MA090-140002-	class|ss	1
MA090-140002-	county|MAYO	1
MA090-140002-	townland_ga|Log an Chillín	1
MA090-140003-	class|ss	1
MA090-140003-	county|MAYO	1
MA090-140003-	townland_ga|Log an Chillín	1
MA090-155----	class|ss	1
MA090-155----	county|MAYO	1
MA090-155----	townland_ga|Cluain Conrach Thoir	1
MA093-095001-	class|ss	1
MA093-095001-	county|MAYO	1
MA093-095001-	townland_ga|An Bhreaclach Bhuí	1
MA093-095002-	class|ss	1
MA093-095002-	county|MAYO	1
MA093-095002-	townland_ga|An Bhreaclach Bhuí	1
MA094-003002-	class|ss	1
MA094-003002-	county|MAYO	1
MA094-003002-	townland_ga|Oileán na Cathrach	1
MA094-003003-	class|ss	1
MA094-003003-	county|MAYO	1
MA094-003003-	townland_ga|Oileán na Cathrach	1
MA094-021002-	class|ss	1
MA094-021002-	county|MAYO	1
MA094-021002-	townland_ga|Na Garranta	1
MA095-004001-	class|ss	1
MA095-004001-	county|MAYO	1
MA095-004001-	townland_ga|An Chrois	1
MA095-004002-	class|ss	1
MA095-004002-	county|MAYO	1
MA095-004002-	townland_ga|An Chrois	1
MA095-013002-	class|ss	1
MA095-013002-	county|MAYO	1
MA095-013002-	townland_ga|Coill an Dúin	1
MA095-016----	class|ss	1
MA095-016----	county|MAYO	1
MA095-016----	townland_ga|Coill an Dúin	1
MA095-021003-	class|ss	1
MA095-021003-	county|MAYO	1
MA095-021003-	townland_ga|Fionnúin	1
MA096-030----	class|ss	1
MA096-030----	county|MAYO	1
MA096-030----	townland_ga|Formaoil	1
MA098-002001-	class|ss	1
MA098-002001-	county|MAYO	1
MA098-002001-	townland_ga|Lainn Mhór	1
MA098-022003-	class|ss	1
MA098-022003-	county|MAYO	1
MA098-022003-	townland_ga|Lios Cearnaigh	1
MA098-027----	class|ss	1
MA098-027----	county|MAYO	1
MA098-027----	townland_ga|Lainn Mhór	1
MA098-029----	class|ss	1
MA098-029----	county|MAYO	1
MA098-029----	townland_ga|Lainn Mhór	1
MA098-032----	class|ss	1
MA098-032----	county|MAYO	1
MA098-032----	townland_ga|Lainn Mhór	1
MA103-042001-	class|ss	1
MA103-042001-	county|MAYO	1
MA103-042001-	townland_ga|An Baile Glas Láir	1
MA103-042002-	class|ss	1
MA103-042002-	county|MAYO	1
MA103-042002-	townland_ga|An Baile Glas Láir	1
MA105-014----	class|ss	1
MA105-014----	county|MAYO	1
MA105-014----	townland_ga|Na Sé Chnaigín	1
MA106-001----	class|ss	1
MA106-001----	county|MAYO	1
MA106-001----	townland_ga|Doire Shíoch	1
MA106-013----	class|ss	1
MA106-013----	county|MAYO	1
MA106-013----	townland_ga|Gleann Chaoin	1
MA110-045----	class|ss	1
MA110-045----	county|MAYO	1
MA110-045----	townland_ga|Lios Coillín	1
MA110-088----	class|ss	1
MA110-088----	county|MAYO	1
MA110-088----	townland_ga|Cluain Ciarraí	1
MA110-091----	class|ss	1
MA110-091----	county|MAYO	1
MA110-091----	townland_ga|Cluain Oíche	1
MA112-105----	class|ss	1
MA112-105----	county|MAYO	1
MA112-105----	townland_ga|Baile an Daighin Thuaidh	1
MA118-023001-	class|ss	1
MA118-023001-	county|MAYO	1
MA118-023001-	townland_ga|Corr na Ráithe	1
MA118-040----	class|ss	1
MA118-040----	county|MAYO	1
MA118-040----	townland_ga|Muine Creabhair	1
MA118-041----	class|ss	1
MA118-041----	county|MAYO	1
MA118-041----	townland_ga|Muine Creabhair	1
MA118-154----	class|ss	1
MA118-154----	county|MAYO	1
MA118-154----	townland_ga|Baile Thomáis	1
MA120-017----	class|ss	1
MA120-017----	county|MAYO	1
MA120-017----	townland_ga|Droingín Láir	1
MA120-031----	class|ss	1
MA120-031----	county|MAYO	1
MA120-031----	townland_ga|An Chraobhach Theas	1
MA120-042002-	class|ss	1
MA120-042002-	county|MAYO	1
MA120-042002-	townland_ga|An Chraobhach Theas	1
MA120B003----	class|ss	1
MA120B003----	county|MAYO	1
MA121-002----	class|ss	1
MA121-002----	county|MAYO	1
MA121-002----	townland_ga|Leithcheathrú an Chillín	1
MA121-149----	class|ss	1
MA121-149----	county|MAYO	1
MA121-149----	townland_ga|Maigh Chartha	1
ME002-040001-	class|ss	1
ME002-040001-	county|MEATH	1
ME002-040001-	townland_ga| 	1
ME002-058----	class|ss	1
ME002-058----	county|MEATH	1
ME002-058----	townland_ga| 	1
ME003-028----	class|ss	1
ME003-028----	county|MEATH	1
ME003-028----	townland_ga| 	1
ME006-005----	class|ss	1
ME006-005----	county|MEATH	1
ME006-005----	townland_ga| 	1
ME006-014002-	class|ss	1
ME006-014002-	county|MEATH	1
ME006-014002-	townland_ga| 	1
ME008-017002-	class|ss	1
ME008-017002-	county|MEATH	1
ME008-017002-	townland_ga|Crosdroim Íochtarach	1
ME009-020----	class|ss	1
ME009-020----	county|MEATH	1
ME009-020----	townland_ga| 	1
ME009-032----	class|ss	1
ME009-032----	county|MEATH	1
ME009-032----	townland_ga|Baile an Bhealaigh	1
ME009-049----	class|ss	1
ME009-049----	county|MEATH	1
ME009-049----	townland_ga|Baile an Bhealaigh	1
ME009-050----	class|ss	1
ME009-050----	county|MEATH	1
ME009-050----	townland_ga|Baile an Bhealaigh	1
ME009-051----	class|ss	1
ME009-051----	county|MEATH	1
ME009-051----	townland_ga|Baile an Bhealaigh	1
ME009-052----	class|ss	1
ME009-052----	county|MEATH	1
ME009-052----	townland_ga|Baile an Bhealaigh	1
ME009-054----	class|ss	1
ME009-054----	county|MEATH	1
ME009-054----	townland_ga|Baile an Bhealaigh	1
ME009-056----	class|ss	1
ME009-056----	county|MEATH	1
ME009-056----	townland_ga|Baile an Bhealaigh	1
ME009-066----	class|ss	1
ME009-066----	county|MEATH	1
ME009-066----	townland_ga|Baile Phádraig	1
ME009-070----	class|ss	1
ME009-070----	county|MEATH	1
ME009-070----	townland_ga|Baile an Bhealaigh	1
ME009-074002-	class|ss	1
ME009-074002-	county|MEATH	1
ME009-074002-	townland_ga|Baile Phádraig	1
ME009-087001-	class|ss	1
ME009-087001-	county|MEATH	1
ME009-087001-	townland_ga|Baile an Bhealaigh	1
ME009-099----	class|ss	1
ME009-099----	county|MEATH	1
ME009-099----	townland_ga|Baile an Bhealaigh	1
ME009-100----	class|ss	1
ME009-100----	county|MEATH	1
ME009-100----	townland_ga| 	1
ME009-101----	class|ss	1
ME009-101----	county|MEATH	1
ME009-101----	townland_ga| 	1
ME011-046001-	class|ss	1
ME011-046001-	county|MEATH	1
ME011-046001-	townland_ga|Baile Chraibhil	1
ME011-046002-	class|ss	1
ME011-046002-	county|MEATH	1
ME011-046002-	townland_ga|Baile Chraibhil	1
ME011-047----	class|ss	1
ME011-047----	county|MEATH	1
ME011-047----	townland_ga|Baile Chraibhil	1
ME011-048001-	class|ss	1
ME011-048001-	county|MEATH	1
ME011-048001-	townland_ga|Stigh Mocholmóg	1
ME011-048002-	class|ss	1
ME011-048002-	county|MEATH	1
ME011-048002-	townland_ga|Stigh Mocholmóg	1
ME012-020008-	class|ss	1
ME012-020008-	county|MEATH	1
ME012-020008-	townland_ga|Cill Fhoibhrigh	1
ME013-010002-	class|ss	1
ME013-010002-	county|MEATH	1
ME013-010002-	townland_ga| 	1
ME013-018----	class|ss	1
ME013-018----	county|MEATH	1
ME013-018----	townland_ga|Gráinseach na Gaoithe	1
ME013-019----	class|ss	1
ME013-019----	county|MEATH	1
ME013-019----	townland_ga|Gráinseach na Gaoithe	1
ME013-030----	class|ss	1
ME013-030----	county|MEATH	1
ME013-030----	townland_ga| 	1
ME015-003015-	class|ss	1
ME015-003015-	county|MEATH	1
ME015-003015-	townland_ga|An Carn Bán	1
ME015-003016-	class|ss	1
ME015-003016-	county|MEATH	1
ME015-003016-	townland_ga|Loch Craobh	1
ME015-003017-	class|ss	1
ME015-003017-	county|MEATH	1
ME015-003017-	townland_ga|Loch Craobh	1
ME015-012008-	class|ss	1
ME015-012008-	county|MEATH	1
ME015-012008-	townland_ga|Baile an Chorraigh	1
ME015-023----	class|ss	1
ME015-023----	county|MEATH	1
ME015-023----	townland_ga|An Mullach	1
ME015-024----	class|ss	1
ME015-024----	county|MEATH	1
ME015-024----	townland_ga|An Mullach	1
ME015-110----	class|ss	1
ME015-110----	county|MEATH	1
ME015-110----	townland_ga| 	1
ME015-123----	class|ss	1
ME015-123----	county|MEATH	1
ME015-123----	townland_ga|Baile an Chorraigh	1
ME016-052----	class|ss	1
ME016-052----	county|MEATH	1
ME016-052----	townland_ga| 	1
ME016-053----	class|ss	1
ME016-053----	county|MEATH	1
ME016-053----	townland_ga| 	1
ME017-003----	class|ss	1
ME017-003----	county|MEATH	1
ME017-003----	townland_ga| 	1
ME017-034002-	class|ss	1
ME017-034002-	county|MEATH	1
ME018-018----	class|ss	1
ME018-018----	county|MEATH	1
ME018-018----	townland_ga|Baile Shadhbha	1
ME018-020----	class|ss	1
ME018-020----	county|MEATH	1
ME018-020----	townland_ga|Mullach Áithe	1
ME018-060----	class|ss	1
ME018-060----	county|MEATH	1
ME018-060----	townland_ga| 	1
ME019-030094-	class|ss	1
ME019-030094-	county|MEATH	1
ME019-030094-	townland_ga|Cnóbha	1
ME019-030095-	class|ss	1
ME019-030095-	county|MEATH	1
ME019-030095-	townland_ga|Cnóbha	1
ME019-053----	class|ss	1
ME019-053----	county|MEATH	1
ME019-053----	townland_ga|Dubhadh	1
ME019-055----	class|ss	1
ME019-055----	county|MEATH	1
ME019-055----	townland_ga|An Ghráinseach Nua	1
ME020-004001-	class|ss	1
ME020-004001-	county|MEATH	1
ME020-004001-	townland_ga|An Seandroichead	1
ME020-030----	class|ss	1
ME020-030----	county|MEATH	1
ME020-030----	townland_ga|An Seandroichead	1
ME027-087----	class|ss	1
ME027-087----	county|MEATH	1
ME027-087----	townland_ga|Baile an Bheileogaigh	1
ME027-088----	class|ss	1
ME027-088----	county|MEATH	1
ME027-088----	townland_ga|Baile an Bheileogaigh	1
ME031-033019-	class|ss	1
ME031-033019-	county|MEATH	1
ME031-033019-	townland_ga|An Caisleán Buí	1
ME036-009001-	class|ss	1
ME036-009001-	county|MEATH	1
ME036-009001-	townland_ga| 	1
MO012-038----	class|ss	1
MO012-038----	county|MONAGHAN	1
MO012-038----	townland_ga|Corr Leacht	1
MO012-049----	class|ss	1
MO012-049----	county|MONAGHAN	1
MO012-049----	townland_ga|Coill Uí Ghormáin	1
MO012-065----	class|ss	1
MO012-065----	county|MONAGHAN	1
MO012-065----	townland_ga|Eanach Chille	1
MO012-071----	class|ss	1
MO012-071----	county|MONAGHAN	1
MO012-071----	townland_ga|Cill Laobháin	1
MO014-025----	class|ss	1
MO014-025----	county|MONAGHAN	1
MO014-025----	townland_ga|An Chorr Fhada	1
MO017-002----	class|ss	1
MO017-002----	county|MONAGHAN	1
MO017-002----	townland_ga|Scairbhigh	1
MO017-029----	class|ss	1
MO017-029----	county|MONAGHAN	1
MO017-029----	townland_ga|Ráth Caomháin	1
MO017-051----	class|ss	1
MO017-051----	county|MONAGHAN	1
MO017-051----	townland_ga|An Carn Rua	1
MO018-047----	class|ss	1
MO018-047----	county|MONAGHAN	1
MO018-047----	townland_ga|Droim Mullaigh	1
MO020-029----	class|ss	1
MO020-029----	county|MONAGHAN	1
OF001-008----	class|ss	1
OF001-008----	county|OFFALY	1
OF001-008----	townland_ga|Buaile Airt Thuaidh	1
OF002-043----	class|ss	1
OF002-043----	county|OFFALY	1
OF002-043----	townland_ga|Gléib an Chartrúin	1
OF006-004----	class|ss	1
OF006-004----	county|OFFALY	1
OF006-004----	townland_ga|An Leathchoill	1
OF006-005----	class|ss	1
OF006-005----	county|OFFALY	1
OF006-005----	townland_ga|An Eiscir	1
OF006-026----	class|ss	1
OF006-026----	county|OFFALY	1
OF006-026----	townland_ga|An Eiscir	1
OF008-001----	class|ss	1
OF008-001----	county|OFFALY	1
OF008-001----	townland_ga|An Garraí Dubh	1
OF009-017----	class|ss	1
OF009-017----	county|OFFALY	1
OF009-017----	townland_ga|Baile na Móna	1
OF010-014----	class|ss	1
OF010-014----	county|OFFALY	1
OF010-014----	townland_ga|Sruthán an Bharraigh	1
OF010-015----	class|ss	1
OF010-015----	county|OFFALY	1
OF010-015----	townland_ga|Sruthán an Bharraigh	1
OF011-002----	class|ss	1
OF011-002----	county|OFFALY	1
OF011-002----	townland_ga|Baile an Bhuirléigh	1
OF012-008----	class|ss	1
OF012-008----	county|OFFALY	1
OF012-008----	townland_ga|Cluain Canann	1
OF016-016----	class|ss	1
OF016-016----	county|OFFALY	1
OF016-016----	townland_ga|Baile na Maor	1
OF016-023----	class|ss	1
OF016-023----	county|OFFALY	1
OF016-023----	townland_ga|Béal an Droichid	1
OF024-040002-	class|ss	1
OF024-040002-	county|OFFALY	1
OF024-040002-	townland_ga|Ráth Lithean	1
OF039-004----	class|ss	1
OF039-004----	county|OFFALY	1
OF039-004----	townland_ga|Baile an Mhóinín	1
OF039-008----	class|ss	1
OF039-008----	county|OFFALY	1
OF039-008----	townland_ga|Áth an Ghorta	1
OF039-016002-	class|ss	1
OF039-016002-	county|OFFALY	1
OF039-016002-	townland_ga|Gleann na Feille	1
OF039-055003-	class|ss	1
OF039-055003-	county|OFFALY	1
OF039-055003-	townland_ga|Ros Chorca Mrua	1
OF043-006002-	class|ss	1
OF043-006002-	county|OFFALY	1
OF043-006002-	townland_ga|Baile an Bhriotaigh	1
OF043-053----	class|ss	1
OF043-053----	county|OFFALY	1
OF043-053----	townland_ga|Dún Gair	1
OF043-068002-	class|ss	1
OF043-068002-	county|OFFALY	1
OF043-068002-	townland_ga|Coillín Mhic Réamainn	1
OF043-075----	class|ss	1
OF043-075----	county|OFFALY	1
OF043-075----	townland_ga|Dún Gair	1
RO003-062002-	class|ss	1
RO003-062002-	county|ROSCOMMON	1
RO003-062002-	townland_ga| 	1
RO004-029001-	class|ss	1
RO004-029001-	county|ROSCOMMON	1
RO004-029001-	townland_ga| 	1
RO005-016----	class|ss	1
RO005-016----	county|ROSCOMMON	1
RO005-016----	townland_ga|Droim Inneona	1
RO006-217----	class|ss	1
RO006-217----	county|ROSCOMMON	1
RO006-217----	townland_ga|Diméin Phort na Carraige	1
RO008-061----	class|ss	1
RO008-061----	county|ROSCOMMON	1
RO008-061----	townland_ga| 	1
RO008C027----	class|ss	1
RO008C027----	county|ROSCOMMON	1
RO008C027----	townland_ga| 	1
RO008C032----	class|ss	1
RO008C032----	county|ROSCOMMON	1
RO008C032----	townland_ga|Bothailios	1
RO010-011----	class|ss	1
RO010-011----	county|ROSCOMMON	1
RO010-011----	townland_ga| 	1
RO010-049----	class|ss	1
RO010-049----	county|ROSCOMMON	1
RO010-049----	townland_ga| 	1
RO010-087001-	class|ss	1
RO010-087001-	county|ROSCOMMON	1
RO010-087001-	townland_ga| 	1
RO012-017----	class|ss	1
RO012-017----	county|ROSCOMMON	1
RO012-017----	townland_ga| 	1
RO015-051003-	class|ss	1
RO015-051003-	county|ROSCOMMON	1
RO015-051003-	townland_ga|An Dromainn	1
RO015-070----	class|ss	1
RO015-070----	county|ROSCOMMON	1
RO015-070----	townland_ga|An Chorrsceach	1
RO017-202----	class|ss	1
RO017-202----	county|ROSCOMMON	1
RO017-202----	townland_ga| 	1
RO020-030----	class|ss	1
RO020-030----	county|ROSCOMMON	1
RO020-030----	townland_ga|Cluain Eilte	1
RO020-055----	class|ss	1
RO020-055----	county|ROSCOMMON	1
RO020-055----	townland_ga| 	1
RO021-007----	class|ss	1
RO021-007----	county|ROSCOMMON	1
RO021-007----	townland_ga| 	1
RO021-010----	class|ss	1
RO021-010----	county|ROSCOMMON	1
RO021-010----	townland_ga| 	1
RO021-099----	class|ss	1
RO021-099----	county|ROSCOMMON	1
RO021-099----	townland_ga| 	1
RO021-106----	class|ss	1
RO021-106----	county|ROSCOMMON	1
RO021-106----	townland_ga| 	1
RO022-031003-	class|ss	1
RO022-031003-	county|ROSCOMMON	1
RO022-031003-	townland_ga| 	1
RO022-050----	class|ss	1
RO022-050----	county|ROSCOMMON	1
RO022-050----	townland_ga| 	1
RO022-057006-	class|ss	1
RO022-057006-	county|ROSCOMMON	1
RO022-057006-	townland_ga| 	1
RO022-057008-	class|ss	1
RO022-057008-	county|ROSCOMMON	1
RO022-057008-	townland_ga| 	1
RO022-057047-	class|ss	1
RO022-057047-	county|ROSCOMMON	1
RO022-057047-	townland_ga| 	1
RO022-106007-	class|ss	1
RO022-106007-	county|ROSCOMMON	1
RO022-106007-	townland_ga|Óigeala	1
RO022-141----	class|ss	1
RO022-141----	county|ROSCOMMON	1
RO022-141----	townland_ga| 	1
RO023-170----	class|ss	1
RO023-170----	county|ROSCOMMON	1
RO023-170----	townland_ga|Cill Dalóg	1
RO023-211----	class|ss	1
RO023-211----	county|ROSCOMMON	1
RO023-211----	townland_ga| 	1
RO025-019001-	class|ss	1
RO025-019001-	county|ROSCOMMON	1
RO025-019001-	townland_ga|Corr Sluaiste	1
RO025-028002-	class|ss	1
RO025-028002-	county|ROSCOMMON	1
RO025-028002-	townland_ga|Corr Sluaiste	1
RO026-012----	class|ss	1
RO026-012----	county|ROSCOMMON	1
RO026-012----	townland_ga|Cluain Caoin	1
RO026-068----	class|ss	1
RO026-068----	county|ROSCOMMON	1
RO026-068----	townland_ga|Ceachair	1
RO027-003----	class|ss	1
RO027-003----	county|ROSCOMMON	1
RO027-003----	townland_ga| 	1
RO027-012004-	class|ss	1
RO027-012004-	county|ROSCOMMON	1
RO027-012004-	townland_ga| 	1
RO027-017005-	class|ss	1
RO027-017005-	county|ROSCOMMON	1
RO027-017005-	townland_ga|Caiseal Téithín	1
RO027-018----	class|ss	1
RO027-018----	county|ROSCOMMON	1
RO027-018----	townland_ga| 	1
RO028-067----	class|ss	1
RO028-067----	county|ROSCOMMON	1
RO028-067----	townland_ga| 	1
RO028-068003-	class|ss	1
RO028-068003-	county|ROSCOMMON	1
RO028-068003-	townland_ga| 	1
RO028-075003-	class|ss	1
RO028-075003-	county|ROSCOMMON	1
RO028-075003-	townland_ga| 	1
RO028-225----	class|ss	1
RO028-225----	county|ROSCOMMON	1
RO028-225----	townland_ga| 	1
RO028-228----	class|ss	1
RO028-228----	county|ROSCOMMON	1
RO028-228----	townland_ga| 	1
RO028-230----	class|ss	1
RO028-230----	county|ROSCOMMON	1
RO028-230----	townland_ga| 	1
RO032-001001-	class|ss	1
RO032-001001-	county|ROSCOMMON	1
RO032-001001-	townland_ga|Cill Tulach	1
RO032-029001-	class|ss	1
RO032-029001-	county|ROSCOMMON	1
RO032-029001-	townland_ga|Goirtín an Chaimidil	1
RO032-045002-	class|ss	1
RO032-045002-	county|ROSCOMMON	1
RO032-045002-	townland_ga| 	1
RO032-051----	class|ss	1
RO032-051----	county|ROSCOMMON	1
RO032-051----	townland_ga| 	1
RO034-015----	class|ss	1
RO034-015----	county|ROSCOMMON	1
RO034-015----	townland_ga|Cill Oirthir	1
RO034-015001-	class|ss	1
RO034-015001-	county|ROSCOMMON	1
RO034-015001-	townland_ga|Cill Oirthir	1
RO034-015002-	class|ss	1
RO034-015002-	county|ROSCOMMON	1
RO034-015002-	townland_ga|Cill Oirthir	1
RO034-015003-	class|ss	1
RO034-015003-	county|ROSCOMMON	1
RO034-015003-	townland_ga|Cill Oirthir	1
RO034-015004-	class|ss	1
RO034-015004-	county|ROSCOMMON	1
RO034-015004-	townland_ga|Cill Oirthir	1
RO034-018002-	class|ss	1
RO034-018002-	county|ROSCOMMON	1
RO034-018002-	townland_ga|An Cárán	1
RO034-101002-	class|ss	1
RO034-101002-	county|ROSCOMMON	1
RO034-101002-	townland_ga| 	1
RO035-082----	class|ss	1
RO035-082----	county|ROSCOMMON	1
RO035-082----	townland_ga|Mullaigh Muc	1
RO038A003----	class|ss	1
RO038A003----	county|ROSCOMMON	1
RO038A003----	townland_ga| 	1
RO045-068----	class|ss	1
RO045-068----	county|ROSCOMMON	1
RO045-068----	townland_ga| 	1
RO045-130003-	class|ss	1
RO045-130003-	county|ROSCOMMON	1
RO045-130003-	townland_ga|Ráth Ara	1
RO045-224----	class|ss	1
RO045-224----	county|ROSCOMMON	1
RO045-224----	townland_ga| 	1
RO048-037----	class|ss	1
RO048-037----	county|ROSCOMMON	1
RO048-037----	townland_ga| 	1
RO048-074001-	class|ss	1
RO048-074001-	county|ROSCOMMON	1
RO048-074001-	townland_ga|Camach	1
RO048-109002-	class|ss	1
RO048-109002-	county|ROSCOMMON	1
RO048-109002-	townland_ga|Tobar Bríde	1
RO052-025----	class|ss	1
RO052-025----	county|ROSCOMMON	1
RO052-025----	townland_ga| 	1
SL003-042----	class|ss	1
SL003-042----	county|SLIGO	1
SL003-042----	townland_ga|Bun Duibhe	1
SL003-043----	class|ss	1
SL003-043----	county|SLIGO	1
SL003-043----	townland_ga|An Chraobhaigh Chaol	1
SL005-181----	class|ss	1
SL005-181----	county|SLIGO	1
SL005-181----	townland_ga|An Ghrógach	1
SL005-182----	class|ss	1
SL005-182----	county|SLIGO	1
SL005-182----	townland_ga|An Ghrógach	1
SL005-185----	class|ss	1
SL005-185----	county|SLIGO	1
SL005-185----	townland_ga|Bréachmhaigh	1
SL007-037----	class|ss	1
SL007-037----	county|SLIGO	1
SL007-037----	townland_ga|Cill Mhic Canann	1
SL009-062003-	class|ss	1
SL009-062003-	county|SLIGO	1
SL009-062003-	townland_ga|Caisle Geala	1
SL011-028----	class|ss	1
SL011-028----	county|SLIGO	1
SL011-028----	townland_ga|Ceathrú an Rois	1
SL014-105----	class|ss	1
SL014-105----	county|SLIGO	1
SL014-105----	townland_ga|Doire Darach	1
SL014-136----	class|ss	1
SL014-136----	county|SLIGO	1
SL014-136----	townland_ga|Coillín na mBodhar	1
SL014-231001-	class|ss	1
SL014-231001-	county|SLIGO	1
SL014-231001-	townland_ga|Na Carna (Duke)	1
SL014-275----	class|ss	1
SL014-275----	county|SLIGO	1
SL014-275----	townland_ga|Ráth Mhic Con Carraige	1
SL014-293----	class|ss	1
SL014-293----	county|SLIGO	1
SL014-293----	townland_ga|Draighneachán	1
SL016-073----	class|ss	1
SL016-073----	county|SLIGO	1
SL016-073----	townland_ga|Ceathrú an Éadain	1
SL017-069----	class|ss	1
SL017-069----	county|SLIGO	1
SL017-069----	townland_ga|An Coillín	1
SL018-029004-	class|ss	1
SL018-029004-	county|SLIGO	1
SL018-029004-	townland_ga|An Caiseal Buí	1
SL019-059----	class|ss	1
SL019-059----	county|SLIGO	1
SL019-059----	townland_ga|Tóin re Gó Thiar	1
SL019-060----	class|ss	1
SL019-060----	county|SLIGO	1
SL019-060----	townland_ga|Tóin re Gó Thiar	1
SL020-171004-	class|ss	1
SL020-171004-	county|SLIGO	1
SL020-171004-	townland_ga|Baile Uí Dhálaigh	1
SL021-042----	class|ss	1
SL021-042----	county|SLIGO	1
SL021-042----	townland_ga|Caiseal Locha Deargáin	1
SL024-005----	class|ss	1
SL024-005----	county|SLIGO	1
SL024-005----	townland_ga|Mín na Madadh	1
SL025-167----	class|ss	1
SL025-167----	county|SLIGO	1
SL025-167----	townland_ga|Gort an Chaorthainn	1
SL026-001005-	class|ss	1
SL026-001005-	county|SLIGO	1
SL026-001005-	townland_ga|An Tulachán	1
SL026-051002-	class|ss	1
SL026-051002-	county|SLIGO	1
SL026-051002-	townland_ga|An Cnoc Beag Thiar	1
SL033-106002-	class|ss	1
SL033-106002-	county|SLIGO	1
SL033-106002-	townland_ga|Cnoc Maoineach	1
SL038-037001-	class|ss	1
SL038-037001-	county|SLIGO	1
SL038-037001-	townland_ga|Ócham Bán	1
SL039-112----	class|ss	1
SL039-112----	county|SLIGO	1
SL039-112----	townland_ga|An Cnoc Mór	1
SL040-107----	class|ss	1
SL040-107----	county|SLIGO	1
SL040-107----	townland_ga|Carraig na hEorna Thiar	1
SL041-038005-	class|ss	1
SL041-038005-	county|SLIGO	1
SL041-038005-	townland_ga|An Charraig Ard	1
SL044-045----	class|ss	1
SL044-045----	county|SLIGO	1
SL044-045----	townland_ga|Cill Fraoigh	1
SL044-057----	class|ss	1
SL044-057----	county|SLIGO	1
SL044-057----	townland_ga|An Dún	1
SL044-058----	class|ss	1
SL044-058----	county|SLIGO	1
SL044-058----	townland_ga|An Dún	1
SL046-050----	class|ss	1
SL046-050----	county|SLIGO	1
SL046-050----	townland_ga|An tSrúibh	1
SL046-051002-	class|ss	1
SL046-051002-	county|SLIGO	1
SL046-051002-	townland_ga|Tamhnaigh na Muclach	1
TN013-021----	class|ss	1
TN013-021----	county|TIPPERARY NORTH	1
TN013-021----	townland_ga|An Garrán Mór	1
TN015-091----	class|ss	1
TN015-091----	county|TIPPERARY NORTH	1
TN015-091----	townland_ga|Baile an Mhéara	1
TN017-071----	class|ss	1
TN017-071----	county|TIPPERARY NORTH	1
TN017-071----	townland_ga|An Charraig	1
TN018-012001-	class|ss	1
TN018-012001-	county|TIPPERARY NORTH	1
TN018-012001-	townland_ga|Collán	1
TN018-012002-	class|ss	1
TN018-012002-	county|TIPPERARY NORTH	1
TN018-012002-	townland_ga|Collán	1
TN018-012003-	class|ss	1
TN018-012003-	county|TIPPERARY NORTH	1
TN018-012003-	townland_ga|Collán	1
TN018-012004-	class|ss	1
TN018-012004-	county|TIPPERARY NORTH	1
TN018-012004-	townland_ga|Collán	1
TN018-012005-	class|ss	1
TN018-012005-	county|TIPPERARY NORTH	1
TN018-012005-	townland_ga|Collán	1
TN018-012006-	class|ss	1
TN018-012006-	county|TIPPERARY NORTH	1
TN018-012006-	townland_ga|Collán	1
TN018-012007-	class|ss	1
TN018-012007-	county|TIPPERARY NORTH	1
TN018-012007-	townland_ga|Collán	1
TN018-012008-	class|ss	1
TN018-012008-	county|TIPPERARY NORTH	1
TN018-012008-	townland_ga|Collán	1
TN018-012009-	class|ss	1
TN018-012009-	county|TIPPERARY NORTH	1
TN018-012009-	townland_ga|Collán	1
TN018-012010-	class|ss	1
TN018-012010-	county|TIPPERARY NORTH	1
TN018-012010-	townland_ga|Collán	1
TN018-012011-	class|ss	1
TN018-012011-	county|TIPPERARY NORTH	1
TN018-012011-	townland_ga|Collán	1
TN018-012012-	class|ss	1
TN018-012012-	county|TIPPERARY NORTH	1
TN018-012012-	townland_ga|Collán	1
TN018-012013-	class|ss	1
TN018-012013-	county|TIPPERARY NORTH	1
TN018-012013-	townland_ga|Collán	1
TN018-012014-	class|ss	1
TN018-012014-	county|TIPPERARY NORTH	1
TN018-012014-	townland_ga|Collán	1
TN018-012015-	class|ss	1
TN018-012015-	county|TIPPERARY NORTH	1
TN018-012015-	townland_ga|Collán	1
TN018-012016-	class|ss	1
TN018-012016-	county|TIPPERARY NORTH	1
TN018-012016-	townland_ga|Collán	1
TN018-012017-	class|ss	1
TN018-012017-	county|TIPPERARY NORTH	1
TN018-012017-	townland_ga|Collán	1
TN018-012018-	class|ss	1
TN018-012018-	county|TIPPERARY NORTH	1
TN018-012018-	townland_ga|Collán	1
TN018-012019-	class|ss	1
TN018-012019-	county|TIPPERARY NORTH	1
TN018-012019-	townland_ga|Collán	1
TN018-012020-	class|ss	1
TN018-012020-	county|TIPPERARY NORTH	1
TN018-012020-	townland_ga|Collán	1
TN018-012021-	class|ss	1
TN018-012021-	county|TIPPERARY NORTH	1
TN018-012021-	townland_ga|Collán	1
TN018-012022-	class|ss	1
TN018-012022-	county|TIPPERARY NORTH	1
TN018-012022-	townland_ga|Collán	1
TN018-012023-	class|ss	1
TN018-012023-	county|TIPPERARY NORTH	1
TN018-012023-	townland_ga|Collán	1
TN018-012024-	class|ss	1
TN018-012024-	county|TIPPERARY NORTH	1
TN018-012024-	townland_ga|Collán	1
TN018-012025-	class|ss	1
TN018-012025-	county|TIPPERARY NORTH	1
TN018-012025-	townland_ga|Collán	1
TN018-012026-	class|ss	1
TN018-012026-	county|TIPPERARY NORTH	1
TN018-012026-	townland_ga|Collán	1
TN018-012027-	class|ss	1
TN018-012027-	county|TIPPERARY NORTH	1
TN018-012027-	townland_ga|Collán	1
TN018-012028-	class|ss	1
TN018-012028-	county|TIPPERARY NORTH	1
TN018-012028-	townland_ga|Collán	1
TN018-012029-	class|ss	1
TN018-012029-	county|TIPPERARY NORTH	1
TN018-012029-	townland_ga|Collán	1
TN018-012030-	class|ss	1
TN018-012030-	county|TIPPERARY NORTH	1
TN018-012030-	townland_ga|Collán	1
TN018-012031-	class|ss	1
TN018-012031-	county|TIPPERARY NORTH	1
TN018-012031-	townland_ga|Collán	1
TN018-012032-	class|ss	1
TN018-012032-	county|TIPPERARY NORTH	1
TN018-012032-	townland_ga|Collán	1
TN018-012033-	class|ss	1
TN018-012033-	county|TIPPERARY NORTH	1
TN018-012033-	townland_ga|Collán	1
TN018-012034-	class|ss	1
TN018-012034-	county|TIPPERARY NORTH	1
TN018-012034-	townland_ga|Collán	1
TN018-012035-	class|ss	1
TN018-012035-	county|TIPPERARY NORTH	1
TN018-012035-	townland_ga|Collán	1
TN018-012036-	class|ss	1
TN018-012036-	county|TIPPERARY NORTH	1
TN018-012036-	townland_ga|Collán	1
TN018-012037-	class|ss	1
TN018-012037-	county|TIPPERARY NORTH	1
TN018-012037-	townland_ga|Collán	1
TN018-012038-	class|ss	1
TN018-012038-	county|TIPPERARY NORTH	1
TN018-012038-	townland_ga|Collán	1
TN018-012039-	class|ss	1
TN018-012039-	county|TIPPERARY NORTH	1
TN018-012039-	townland_ga|Collán	1
TN018-012040-	class|ss	1
TN018-012040-	county|TIPPERARY NORTH	1
TN018-012040-	townland_ga|Collán	1
TN018-012041-	class|ss	1
TN018-012041-	county|TIPPERARY NORTH	1
TN018-012041-	townland_ga|Collán	1
TN018-012042-	class|ss	1
TN018-012042-	county|TIPPERARY NORTH	1
TN018-012042-	townland_ga|Collán	1
TN018-012043-	class|ss	1
TN018-012043-	county|TIPPERARY NORTH	1
TN018-012043-	townland_ga|Collán	1
TN018-012044-	class|ss	1
TN018-012044-	county|TIPPERARY NORTH	1
TN018-012044-	townland_ga|Collán	1
TN018-012045-	class|ss	1
TN018-012045-	county|TIPPERARY NORTH	1
TN018-012045-	townland_ga|Collán	1
TN018-012046-	class|ss	1
TN018-012046-	county|TIPPERARY NORTH	1
TN018-012046-	townland_ga|Collán	1
TN018-012047-	class|ss	1
TN018-012047-	county|TIPPERARY NORTH	1
TN018-012047-	townland_ga|Collán	1
TN018-012048-	class|ss	1
TN018-012048-	county|TIPPERARY NORTH	1
TN018-012048-	townland_ga|Collán	1
TN018-012049-	class|ss	1
TN018-012049-	county|TIPPERARY NORTH	1
TN018-012049-	townland_ga|Collán	1
TN018-015001-	class|ss	1
TN018-015001-	county|TIPPERARY NORTH	1
TN018-015002-	class|ss	1
TN018-015002-	county|TIPPERARY NORTH	1
TN018-015003-	class|ss	1
TN018-015003-	county|TIPPERARY NORTH	1
TN018-015004-	class|ss	1
TN018-015004-	county|TIPPERARY NORTH	1
TN018-015009-	class|ss	1
TN018-015009-	county|TIPPERARY NORTH	1
TN018-015010-	class|ss	1
TN018-015010-	county|TIPPERARY NORTH	1
TN018-015011-	class|ss	1
TN018-015011-	county|TIPPERARY NORTH	1
TN018-015012-	class|ss	1
TN018-015012-	county|TIPPERARY NORTH	1
TN018-015013-	class|ss	1
TN018-015013-	county|TIPPERARY NORTH	1
TN018-015014-	class|ss	1
TN018-015014-	county|TIPPERARY NORTH	1
TN018-015015-	class|ss	1
TN018-015015-	county|TIPPERARY NORTH	1
TN018-015016-	class|ss	1
TN018-015016-	county|TIPPERARY NORTH	1
TN018-015017-	class|ss	1
TN018-015017-	county|TIPPERARY NORTH	1
TN018-015018-	class|ss	1
TN018-015018-	county|TIPPERARY NORTH	1
TN018-015019-	class|ss	1
TN018-015019-	county|TIPPERARY NORTH	1
TN018-015020-	class|ss	1
TN018-015020-	county|TIPPERARY NORTH	1
TN018-015021-	class|ss	1
TN018-015021-	county|TIPPERARY NORTH	1
TN018-015022-	class|ss	1
TN018-015022-	county|TIPPERARY NORTH	1
TN018-015023-	class|ss	1
TN018-015023-	county|TIPPERARY NORTH	1
TN018-015024-	class|ss	1
TN018-015024-	county|TIPPERARY NORTH	1
TN018-015025-	class|ss	1
TN018-015025-	county|TIPPERARY NORTH	1
TN018-015026-	class|ss	1
TN018-015026-	county|TIPPERARY NORTH	1
TN018-015027-	class|ss	1
TN018-015027-	county|TIPPERARY NORTH	1
TN018-015028-	class|ss	1
TN018-015028-	county|TIPPERARY NORTH	1
TN018-015029-	class|ss	1
TN018-015029-	county|TIPPERARY NORTH	1
TN018-015030-	class|ss	1
TN018-015030-	county|TIPPERARY NORTH	1
TN018-015031-	class|ss	1
TN018-015031-	county|TIPPERARY NORTH	1
TN018-015032-	class|ss	1
TN018-015032-	county|TIPPERARY NORTH	1
TN018-015033-	class|ss	1
TN018-015033-	county|TIPPERARY NORTH	1
TN018-015034-	class|ss	1
TN018-015034-	county|TIPPERARY NORTH	1
TN018-015035-	class|ss	1
TN018-015035-	county|TIPPERARY NORTH	1
TN018-015036-	class|ss	1
TN018-015036-	county|TIPPERARY NORTH	1
TN018-015037-	class|ss	1
TN018-015037-	county|TIPPERARY NORTH	1
TN018-015038-	class|ss	1
TN018-015038-	county|TIPPERARY NORTH	1
TN018-015039-	class|ss	1
TN018-015039-	county|TIPPERARY NORTH	1
TN018-015040-	class|ss	1
TN018-015040-	county|TIPPERARY NORTH	1
TN018-015041-	class|ss	1
TN018-015041-	county|TIPPERARY NORTH	1
TN018-015042-	class|ss	1
TN018-015042-	county|TIPPERARY NORTH	1
TN018-015043-	class|ss	1
TN018-015043-	county|TIPPERARY NORTH	1
TN018-015044-	class|ss	1
TN018-015044-	county|TIPPERARY NORTH	1
TN018-015045-	class|ss	1
TN018-015045-	county|TIPPERARY NORTH	1
TN018-015046-	class|ss	1
TN018-015046-	county|TIPPERARY NORTH	1
TN018-015047-	class|ss	1
TN018-015047-	county|TIPPERARY NORTH	1
TN018-015048-	class|ss	1
TN018-015048-	county|TIPPERARY NORTH	1
TN018-015049-	class|ss	1
TN018-015049-	county|TIPPERARY NORTH	1
TN018-015050-	class|ss	1
TN018-015050-	county|TIPPERARY NORTH	1
TN018-015051-	class|ss	1
TN018-015051-	county|TIPPERARY NORTH	1
TN018-015052-	class|ss	1
TN018-015052-	county|TIPPERARY NORTH	1
TN018-015053-	class|ss	1
TN018-015053-	county|TIPPERARY NORTH	1
TN018-015054-	class|ss	1
TN018-015054-	county|TIPPERARY NORTH	1
TN018-015055-	class|ss	1
TN018-015055-	county|TIPPERARY NORTH	1
TN018-015056-	class|ss	1
TN018-015056-	county|TIPPERARY NORTH	1
TN018-015057-	class|ss	1
TN018-015057-	county|TIPPERARY NORTH	1
TN018-015058-	class|ss	1
TN018-015058-	county|TIPPERARY NORTH	1
TN018-015059-	class|ss	1
TN018-015059-	county|TIPPERARY NORTH	1
TN018-015060-	class|ss	1
TN018-015060-	county|TIPPERARY NORTH	1
TN018-015061-	class|ss	1
TN018-015061-	county|TIPPERARY NORTH	1
TN018-015062-	class|ss	1
TN018-015062-	county|TIPPERARY NORTH	1
TN018-015063-	class|ss	1
TN018-015063-	county|TIPPERARY NORTH	1
TN018-015064-	class|ss	1
TN018-015064-	county|TIPPERARY NORTH	1
TN018-015065-	class|ss	1
TN018-015065-	county|TIPPERARY NORTH	1
TN018-015066-	class|ss	1
TN018-015066-	county|TIPPERARY NORTH	1
TN018-015067-	class|ss	1
TN018-015067-	county|TIPPERARY NORTH	1
TN018-015068-	class|ss	1
TN018-015068-	county|TIPPERARY NORTH	1
TN018-015069-	class|ss	1
TN018-015069-	county|TIPPERARY NORTH	1
TN018-015070-	class|ss	1
TN018-015070-	county|TIPPERARY NORTH	1
TN018-015071-	class|ss	1
TN018-015071-	county|TIPPERARY NORTH	1
TN018-015072-	class|ss	1
TN018-015072-	county|TIPPERARY NORTH	1
TN018-015073-	class|ss	1
TN018-015073-	county|TIPPERARY NORTH	1
TN018-015074-	class|ss	1
TN018-015074-	county|TIPPERARY NORTH	1
TN018-015075-	class|ss	1
TN018-015075-	county|TIPPERARY NORTH	1
TN018-015076-	class|ss	1
TN018-015076-	county|TIPPERARY NORTH	1
TN018-015077-	class|ss	1
TN018-015077-	county|TIPPERARY NORTH	1
TN018-015078-	class|ss	1
TN018-015078-	county|TIPPERARY NORTH	1
TN018-015079-	class|ss	1
TN018-015079-	county|TIPPERARY NORTH	1
TN018-015080-	class|ss	1
TN018-015080-	county|TIPPERARY NORTH	1
TN018-015081-	class|ss	1
TN018-015081-	county|TIPPERARY NORTH	1
TN018-015082-	class|ss	1
TN018-015082-	county|TIPPERARY NORTH	1
TN018-015083-	class|ss	1
TN018-015083-	county|TIPPERARY NORTH	1
TN018-015084-	class|ss	1
TN018-015084-	county|TIPPERARY NORTH	1
TN018-015085-	class|ss	1
TN018-015085-	county|TIPPERARY NORTH	1
TN018-015086-	class|ss	1
TN018-015086-	county|TIPPERARY NORTH	1
TN018-015087-	class|ss	1
TN018-015087-	county|TIPPERARY NORTH	1
TN018-015088-	class|ss	1
TN018-015088-	county|TIPPERARY NORTH	1
TN018-015089-	class|ss	1
TN018-015089-	county|TIPPERARY NORTH	1
TN018-015090-	class|ss	1
TN018-015090-	county|TIPPERARY NORTH	1
TN018-015091-	class|ss	1
TN018-015091-	county|TIPPERARY NORTH	1
TN018-015092-	class|ss	1
TN018-015092-	county|TIPPERARY NORTH	1
TN018-015093-	class|ss	1
TN018-015093-	county|TIPPERARY NORTH	1
TN018-015094-	class|ss	1
TN018-015094-	county|TIPPERARY NORTH	1
TN018-015095-	class|ss	1
TN018-015095-	county|TIPPERARY NORTH	1
TN018-015096-	class|ss	1
TN018-015096-	county|TIPPERARY NORTH	1
TN018-015097-	class|ss	1
TN018-015097-	county|TIPPERARY NORTH	1
TN018-015098-	class|ss	1
TN018-015098-	county|TIPPERARY NORTH	1
TN018-015099-	class|ss	1
TN018-015099-	county|TIPPERARY NORTH	1
TN018-015100-	class|ss	1
TN018-015100-	county|TIPPERARY NORTH	1
TN018-015101-	class|ss	1
TN018-015101-	county|TIPPERARY NORTH	1
TN018-015102-	class|ss	1
TN018-015102-	county|TIPPERARY NORTH	1
TN018-015103-	class|ss	1
TN018-015103-	county|TIPPERARY NORTH	1
TN018-015104-	class|ss	1
TN018-015104-	county|TIPPERARY NORTH	1
TN018-015105-	class|ss	1
TN018-015105-	county|TIPPERARY NORTH	1
TN018-015106-	class|ss	1
TN018-015106-	county|TIPPERARY NORTH	1
TN018-015107-	class|ss	1
TN018-015107-	county|TIPPERARY NORTH	1
TN018-015108-	class|ss	1
TN018-015108-	county|TIPPERARY NORTH	1
TN018-015109-	class|ss	1
TN018-015109-	county|TIPPERARY NORTH	1
TN018-015110-	class|ss	1
TN018-015110-	county|TIPPERARY NORTH	1
TN018-015111-	class|ss	1
TN018-015111-	county|TIPPERARY NORTH	1
TN018-015112-	class|ss	1
TN018-015112-	county|TIPPERARY NORTH	1
TN018-015113-	class|ss	1
TN018-015113-	county|TIPPERARY NORTH	1
TN018-015114-	class|ss	1
TN018-015114-	county|TIPPERARY NORTH	1
TN018-015115-	class|ss	1
TN018-015115-	county|TIPPERARY NORTH	1
TN018-015116-	class|ss	1
TN018-015116-	county|TIPPERARY NORTH	1
TN018-015117-	class|ss	1
TN018-015117-	county|TIPPERARY NORTH	1
TN018-015118-	class|ss	1
TN018-015118-	county|TIPPERARY NORTH	1
TN018-015119-	class|ss	1
TN018-015119-	county|TIPPERARY NORTH	1
TN018-015120-	class|ss	1
TN018-015120-	county|TIPPERARY NORTH	1
TN018-015121-	class|ss	1
TN018-015121-	county|TIPPERARY NORTH	1
TN018-015122-	class|ss	1
TN018-015122-	county|TIPPERARY NORTH	1
TN018-015123-	class|ss	1
TN018-015123-	county|TIPPERARY NORTH	1
TN018-015124-	class|ss	1
TN018-015124-	county|TIPPERARY NORTH	1
TN018-015125-	class|ss	1
TN018-015125-	county|TIPPERARY NORTH	1
TN018-015126-	class|ss	1
TN018-015126-	county|TIPPERARY NORTH	1
TN018-015127-	class|ss	1
TN018-015127-	county|TIPPERARY NORTH	1
TN018-015128-	class|ss	1
TN018-015128-	county|TIPPERARY NORTH	1
TN018-015129-	class|ss	1
TN018-015129-	county|TIPPERARY NORTH	1
TN018-015130-	class|ss	1
TN018-015130-	county|TIPPERARY NORTH	1
TN018-015131-	class|ss	1
TN018-015131-	county|TIPPERARY NORTH	1
TN018-015132-	class|ss	1
TN018-015132-	county|TIPPERARY NORTH	1
TN018-015133-	class|ss	1
TN018-015133-	county|TIPPERARY NORTH	1
TN018-015134-	class|ss	1
TN018-015134-	county|TIPPERARY NORTH	1
TN018-015135-	class|ss	1
TN018-015135-	county|TIPPERARY NORTH	1
TN018-015136-	class|ss	1
TN018-015136-	county|TIPPERARY NORTH	1
TN018-015137-	class|ss	1
TN018-015137-	county|TIPPERARY NORTH	1
TN018-015138-	class|ss	1
TN018-015138-	county|TIPPERARY NORTH	1
TN018-015139-	class|ss	1
TN018-015139-	county|TIPPERARY NORTH	1
TN018-015140-	class|ss	1
TN018-015140-	county|TIPPERARY NORTH	1
TN018-015141-	class|ss	1
TN018-015141-	county|TIPPERARY NORTH	1
TN018-015142-	class|ss	1
TN018-015142-	county|TIPPERARY NORTH	1
TN018-015143-	class|ss	1
TN018-015143-	county|TIPPERARY NORTH	1
TN018-015144-	class|ss	1
TN018-015144-	county|TIPPERARY NORTH	1
TN018-015145-	class|ss	1
TN018-015145-	county|TIPPERARY NORTH	1
TN018-015146-	class|ss	1
TN018-015146-	county|TIPPERARY NORTH	1
TN018-015147-	class|ss	1
TN018-015147-	county|TIPPERARY NORTH	1
TN018-015148-	class|ss	1
TN018-015148-	county|TIPPERARY NORTH	1
TN018-015149-	class|ss	1
TN018-015149-	county|TIPPERARY NORTH	1
TN018-015150-	class|ss	1
TN018-015150-	county|TIPPERARY NORTH	1
TN018-015151-	class|ss	1
TN018-015151-	county|TIPPERARY NORTH	1
TN018-015152-	class|ss	1
TN018-015152-	county|TIPPERARY NORTH	1
TN018-015153-	class|ss	1
TN018-015153-	county|TIPPERARY NORTH	1
TN018-015154-	class|ss	1
TN018-015154-	county|TIPPERARY NORTH	1
TN018-015155-	class|ss	1
TN018-015155-	county|TIPPERARY NORTH	1
TN018-015156-	class|ss	1
TN018-015156-	county|TIPPERARY NORTH	1
TN018-015157-	class|ss	1
TN018-015157-	county|TIPPERARY NORTH	1
TN018-015158-	class|ss	1
TN018-015158-	county|TIPPERARY NORTH	1
TN018-015159-	class|ss	1
TN018-015159-	county|TIPPERARY NORTH	1
TN018-015160-	class|ss	1
TN018-015160-	county|TIPPERARY NORTH	1
TN018-015161-	class|ss	1
TN018-015161-	county|TIPPERARY NORTH	1
TN018-015162-	class|ss	1
TN018-015162-	county|TIPPERARY NORTH	1
TN018-015163-	class|ss	1
TN018-015163-	county|TIPPERARY NORTH	1
TN018-015164-	class|ss	1
TN018-015164-	county|TIPPERARY NORTH	1
TN018-015165-	class|ss	1
TN018-015165-	county|TIPPERARY NORTH	1
TN018-015166-	class|ss	1
TN018-015166-	county|TIPPERARY NORTH	1
TN018-015167-	class|ss	1
TN018-015167-	county|TIPPERARY NORTH	1
TN018-015168-	class|ss	1
TN018-015168-	county|TIPPERARY NORTH	1
TN018-015169-	class|ss	1
TN018-015169-	county|TIPPERARY NORTH	1
TN018-015170-	class|ss	1
TN018-015170-	county|TIPPERARY NORTH	1
TN018-015171-	class|ss	1
TN018-015171-	county|TIPPERARY NORTH	1
TN018-015172-	class|ss	1
TN018-015172-	county|TIPPERARY NORTH	1
TN018-015173-	class|ss	1
TN018-015173-	county|TIPPERARY NORTH	1
TN018-015174-	class|ss	1
TN018-015174-	county|TIPPERARY NORTH	1
TN018-021----	class|ss	1
TN018-021----	county|TIPPERARY NORTH	1
TN018-021----	townland_ga|Tuaim Eabhna	1
TN019-046002-	class|ss	1
TN019-046002-	county|TIPPERARY NORTH	1
TN019-046002-	townland_ga|An Com Rua	1
TN019-054----	class|ss	1
TN019-054----	county|TIPPERARY NORTH	1
TN019-054----	townland_ga|Lisín Uí Bhriain	1
TN020-058002-	class|ss	1
TN020-058002-	county|TIPPERARY NORTH	1
TN020-058002-	townland_ga|Barr Beathach	1
TN020-059----	class|ss	1
TN020-059----	county|TIPPERARY NORTH	1
TN020-059----	townland_ga|Baile Uí Ógáin	1
TN020-162----	class|ss	1
TN020-162----	county|TIPPERARY NORTH	1
TN020-162----	townland_ga|An Com (Allen)	1
TN021-046----	class|ss	1
TN021-046----	county|TIPPERARY NORTH	1
TN021-046----	townland_ga|Cnoc Alltáin Íochtarach	1
TN022-033002-	class|ss	1
TN022-033002-	county|TIPPERARY NORTH	1
TN022-033002-	townland_ga|Áth na Méadal	1
TN023-022003-	class|ss	1
TN023-022003-	county|TIPPERARY NORTH	1
TN023-022003-	townland_ga|Cromghlinn Bheag	1
TN023-066----	class|ss	1
TN023-066----	county|TIPPERARY NORTH	1
TN023-066----	townland_ga|Cluain Uí Chionaoith	1
TN023-067----	class|ss	1
TN023-067----	county|TIPPERARY NORTH	1
TN023-067----	townland_ga|Coill Bhaile Shimicín	1
TN023-068----	class|ss	1
TN023-068----	county|TIPPERARY NORTH	1
TN023-068----	townland_ga|An Bhuiríos Nua	1
TN023-069----	class|ss	1
TN023-069----	county|TIPPERARY NORTH	1
TN023-069----	townland_ga|An Sceachánach Thuaidh	1
TN025-005----	class|ss	1
TN025-005----	county|TIPPERARY NORTH	1
TN025-005----	townland_ga|An Ghráinseach	1
TN025-019001-	class|ss	1
TN025-019001-	county|TIPPERARY NORTH	1
TN025-019001-	townland_ga|Rualach	1
TN025-019002-	class|ss	1
TN025-019002-	county|TIPPERARY NORTH	1
TN025-019002-	townland_ga|Rualach	1
TN025-025----	class|ss	1
TN025-025----	county|TIPPERARY NORTH	1
TN025-025----	townland_ga|Inse Dhraighneach	1
TN025-030----	class|ss	1
TN025-030----	county|TIPPERARY NORTH	1
TN025-030----	townland_ga|Baile Uí Mhaolomhnaigh Mór	1
TN025-031----	class|ss	1
TN025-031----	county|TIPPERARY NORTH	1
TN025-031----	townland_ga|An Bhuirgéis	1
TN025-068002-	class|ss	1
TN025-068002-	county|TIPPERARY NORTH	1
TN025-068002-	townland_ga|Ceapach Dhoinn	1
TN027-100003-	class|ss	1
TN027-100003-	county|TIPPERARY NORTH	1
TN027-100003-	townland_ga|Leacain Bhoirne	1
TN027-167----	class|ss	1
TN027-167----	county|TIPPERARY NORTH	1
TN027-167----	townland_ga|Cill na Fuinseann	1
TN027-168----	class|ss	1
TN027-168----	county|TIPPERARY NORTH	1
TN027-168----	townland_ga|An Cillín	1
TN028-004002-	class|ss	1
TN028-004002-	county|TIPPERARY NORTH	1
TN028-004002-	townland_ga|Baile an Locha	1
TN031-005----	class|ss	1
TN031-005----	county|TIPPERARY NORTH	1
TN031-005----	townland_ga|Cnocán an Éin Fhinn	1
TN031-015002-	class|ss	1
TN031-015002-	county|TIPPERARY NORTH	1
TN031-015002-	townland_ga|An Garrán	1
TN031-034001-	class|ss	1
TN031-034001-	county|TIPPERARY NORTH	1
TN031-034001-	townland_ga|Cluain an Locha	1
TN032-014----	class|ss	1
TN032-014----	county|TIPPERARY NORTH	1
TN032-014----	townland_ga|An Fhaill Dubh	1
TN033-008----	class|ss	1
TN033-008----	county|TIPPERARY NORTH	1
TN033-008----	townland_ga|Baile an Charraigh	1
TN033-031----	class|ss	1
TN033-031----	county|TIPPERARY NORTH	1
TN033-031----	townland_ga|An Garraí Glas	1
TN033-040----	class|ss	1
TN033-040----	county|TIPPERARY NORTH	1
TN033-040----	townland_ga|Coimín na gCoirríní	1
TN033-043----	class|ss	1
TN033-043----	county|TIPPERARY NORTH	1
TN033-043----	townland_ga|Faill na Muc	1
TN034-114----	class|ss	1
TN034-114----	county|TIPPERARY NORTH	1
TN034-114----	townland_ga|An Roisín Mór	1
TN034-118----	class|ss	1
TN034-118----	county|TIPPERARY NORTH	1
TN034-118----	townland_ga|An Roisín Beag	1
TN035-003002-	class|ss	1
TN035-003002-	county|TIPPERARY NORTH	1
TN035-003002-	townland_ga|An Chnocach	1
TN037-045----	class|ss	1
TN037-045----	county|TIPPERARY NORTH	1
TN037-045----	townland_ga|An Scraigín	1
TN038-008----	class|ss	1
TN038-008----	county|TIPPERARY NORTH	1
TN038-008----	townland_ga|Barr na dTuaimíní	1
TN038-011----	class|ss	1
TN038-011----	county|TIPPERARY NORTH	1
TN038-011----	townland_ga|Barr na dTuaimíní	1
TN039-001001-	class|ss	1
TN039-001001-	county|TIPPERARY NORTH	1
TN039-001001-	townland_ga|An Tuar Fadhbach	1
TN039-004002-	class|ss	1
TN039-004002-	county|TIPPERARY NORTH	1
TN039-004002-	townland_ga|An Riasc	1
TN039-011002-	class|ss	1
TN039-011002-	county|TIPPERARY NORTH	1
TN039-011002-	townland_ga|Seithe Bhreighe	1
TN039-011003-	class|ss	1
TN039-011003-	county|TIPPERARY NORTH	1
TN039-011003-	townland_ga|Seithe Bhreighe	1
TN039-043----	class|ss	1
TN039-043----	county|TIPPERARY NORTH	1
TN039-043----	townland_ga|Tailte Corónach Chnoc Corrbhuaile	1
TN039-044----	class|ss	1
TN039-044----	county|TIPPERARY NORTH	1
TN039-044----	townland_ga|Cnoc Corrbhuaile	1
TN039-058----	class|ss	1
TN039-058----	county|TIPPERARY NORTH	1
TN039-058----	townland_ga|An Leathchoill	1
TN040-040002-	class|ss	1
TN040-040002-	county|TIPPERARY NORTH	1
TN040-040002-	townland_ga|An Cúige	1
TN040-042----	class|ss	1
TN040-042----	county|TIPPERARY NORTH	1
TN040-042----	townland_ga|Gort an Áraigh	1
TN040-044----	class|ss	1
TN040-044----	county|TIPPERARY NORTH	1
TN040-044----	townland_ga|Dromainn an Ghabhair	1
TN040-049----	class|ss	1
TN040-049----	county|TIPPERARY NORTH	1
TN040-049----	townland_ga|An Seanbhaile Dubh	1
TN040-050----	class|ss	1
TN040-050----	county|TIPPERARY NORTH	1
TN040-050----	townland_ga|Áth Seanbhoithe (Cahill)	1
TS039-053----	class|ss	1
TS039-053----	county|TIPPERARY SOUTH	1
TS039-053----	townland_ga|Gort Mhathúna Óig	1
TS045-001002-	class|ss	1
TS045-001002-	county|TIPPERARY SOUTH	1
TS045-001002-	townland_ga|Garraí an Chomair	1
TS045-002----	class|ss	1
TS045-002----	county|TIPPERARY SOUTH	1
TS052-050----	class|ss	1
TS052-050----	county|TIPPERARY SOUTH	1
TS052-050----	townland_ga|Cluain Lis Bó	1
TS052-072----	class|ss	1
TS052-072----	county|TIPPERARY SOUTH	1
TS052-072----	townland_ga|Cluain Lis Bó	1
TS052-073----	class|ss	1
TS052-073----	county|TIPPERARY SOUTH	1
TS052-073----	townland_ga|Cluain Lis Bó	1
TS053-016002-	class|ss	1
TS053-016002-	county|TIPPERARY SOUTH	1
TS053-016002-	townland_ga|Baile an Fhraoigh	1
TS054-104----	class|ss	1
TS054-104----	county|TIPPERARY SOUTH	1
TS054-104----	townland_ga|Ceathrú an Chaisleáin	1
TS055-087----	class|ss	1
TS055-087----	county|TIPPERARY SOUTH	1
TS055-087----	townland_ga|Cruachán Íochtarach	1
TS057-015001-	class|ss	1
TS057-015001-	county|TIPPERARY SOUTH	1
TS057-015001-	townland_ga|Dún Cuimín	1
TS057-035----	class|ss	1
TS057-035----	county|TIPPERARY SOUTH	1
TS057-035----	townland_ga|Cillín na nEalbh	1
TS058-023004-	class|ss	1
TS058-023004-	county|TIPPERARY SOUTH	1
TS058-023004-	townland_ga|An Chloch Fhada	1
TS058-079----	class|ss	1
TS058-079----	county|TIPPERARY SOUTH	1
TS058-079----	townland_ga|An Chloch Fhada	1
TS059-058----	class|ss	1
TS059-058----	county|TIPPERARY SOUTH	1
TS059-058----	townland_ga|Dún na Sciach	1
TS059-096----	class|ss	1
TS059-096----	county|TIPPERARY SOUTH	1
TS059-096----	townland_ga|Gort an Tobair	1
TS059-149----	class|ss	1
TS059-149----	county|TIPPERARY SOUTH	1
TS059-149----	townland_ga|Ráth Naoimhín (Ryan)	1
TS059-150----	class|ss	1
TS059-150----	county|TIPPERARY SOUTH	1
TS059-150----	townland_ga|Ráth Naoimhín (Ryan)	1
TS059-157----	class|ss	1
TS059-157----	county|TIPPERARY SOUTH	1
TS059-157----	townland_ga|An Seanbhaile Mór	1
TS059-160----	class|ss	1
TS059-160----	county|TIPPERARY SOUTH	1
TS059-160----	townland_ga|Fearann an Phaghanaigh	1
TS059-161----	class|ss	1
TS059-161----	county|TIPPERARY SOUTH	1
TS059-161----	townland_ga|Fearann an Phaghanaigh	1
TS059-162----	class|ss	1
TS059-162----	county|TIPPERARY SOUTH	1
TS059-162----	townland_ga|An Chill	1
TS059-163----	class|ss	1
TS059-163----	county|TIPPERARY SOUTH	1
TS059-163----	townland_ga|Áit Tí Bric	1
TS059-165----	class|ss	1
TS059-165----	county|TIPPERARY SOUTH	1
TS059-165----	townland_ga|Sulchóid Bheag	1
TS060-076----	class|ss	1
TS060-076----	county|TIPPERARY SOUTH	1
TS060-076----	townland_ga|Páirc an Chaisleáin	1
TS060-119----	class|ss	1
TS060-119----	county|TIPPERARY SOUTH	1
TS061-152----	class|ss	1
TS061-152----	county|TIPPERARY SOUTH	1
TS061-152----	townland_ga|Cnoc an Fhalmaire	1
TS061-153----	class|ss	1
TS061-153----	county|TIPPERARY SOUTH	1
TS061-153----	townland_ga|An Corrloch	1
TS061-154----	class|ss	1
TS061-154----	county|TIPPERARY SOUTH	1
TS061-154----	townland_ga|Baile an Chnoic	1
TS062-068----	class|ss	1
TS062-068----	county|TIPPERARY SOUTH	1
TS062-068----	townland_ga|Lios Maighneáin	1
TS062-154----	class|ss	1
TS062-154----	county|TIPPERARY SOUTH	1
TS062-154----	townland_ga|An Curraichín	1
TS066-069----	class|ss	1
TS066-069----	county|TIPPERARY SOUTH	1
TS066-069----	townland_ga|Cluain Peata	1
TS066-181----	class|ss	1
TS066-181----	county|TIPPERARY SOUTH	1
TS066-181----	townland_ga|Lios Ó mBaotháin	1
TS066-185----	class|ss	1
TS066-185----	county|TIPPERARY SOUTH	1
TS066-186----	class|ss	1
TS066-186----	county|TIPPERARY SOUTH	1
TS066-186----	townland_ga|Baile Uí Mhaghair	1
TS066-198----	class|ss	1
TS066-198----	county|TIPPERARY SOUTH	1
TS066-198----	townland_ga|Baile Uí Mhaghair	1
TS066-202----	class|ss	1
TS066-202----	county|TIPPERARY SOUTH	1
TS066-202----	townland_ga|Cnoc Bhaile na mBulbhach	1
TS067-011007-	class|ss	1
TS067-011007-	county|TIPPERARY SOUTH	1
TS067-011007-	townland_ga|Corróg Mhór	1
TS067-074----	class|ss	1
TS067-074----	county|TIPPERARY SOUTH	1
TS067-074----	townland_ga|An Bealach	1
TS067-075----	class|ss	1
TS067-075----	county|TIPPERARY SOUTH	1
TS067-075----	townland_ga|An Bealach	1
TS067-112----	class|ss	1
TS067-112----	county|TIPPERARY SOUTH	1
TS067-112----	townland_ga|Cnoc an Bhaile Nua Thoir	1
TS067-113----	class|ss	1
TS067-113----	county|TIPPERARY SOUTH	1
TS067-113----	townland_ga|Cluain Peata	1
TS067-114----	class|ss	1
TS067-114----	county|TIPPERARY SOUTH	1
TS067-114----	townland_ga|Gort an Choinicéir	1
TS067-119----	class|ss	1
TS067-119----	county|TIPPERARY SOUTH	1
TS067-119----	townland_ga|An Baile Glas Uachtarach	1
TS067-127----	class|ss	1
TS067-127----	county|TIPPERARY SOUTH	1
TS067-127----	townland_ga|Gort an Tobair	1
TS067-129----	class|ss	1
TS067-129----	county|TIPPERARY SOUTH	1
TS067-129----	townland_ga|Ráth Eine	1
TS067-130----	class|ss	1
TS067-130----	county|TIPPERARY SOUTH	1
TS067-130----	townland_ga|Ráth Eine	1
TS068-100----	class|ss	1
TS068-100----	county|TIPPERARY SOUTH	1
TS068-100----	townland_ga|Doire Chluana	1
TS071-011004-	class|ss	1
TS071-011004-	county|TIPPERARY SOUTH	1
TS071-011004-	townland_ga|An Cloichreán	1
TS071-017001-	class|ss	1
TS071-017001-	county|TIPPERARY SOUTH	1
TS071-017001-	townland_ga|Gleann na Sceach	1
TS071-055----	class|ss	1
TS071-055----	county|TIPPERARY SOUTH	1
TS071-055----	townland_ga|Gleann na Sceach	1
TS071-056----	class|ss	1
TS071-056----	county|TIPPERARY SOUTH	1
TS071-056----	townland_ga|Gleann na Sceach	1
TS072-009----	class|ss	1
TS072-009----	county|TIPPERARY SOUTH	1
TS072-009----	townland_ga|Baile an Bhioraigh	1
TS073-033----	class|ss	1
TS073-033----	county|TIPPERARY SOUTH	1
TS073-033----	townland_ga|Muine na Buaile	1
TS074-024----	class|ss	1
TS074-024----	county|TIPPERARY SOUTH	1
TS074-024----	townland_ga|Ros an Droichid	1
TS076-038----	class|ss	1
TS076-038----	county|TIPPERARY SOUTH	1
TS076-038----	townland_ga|Baile Hoisé	1
TS076-045----	class|ss	1
TS076-045----	county|TIPPERARY SOUTH	1
TS076-045----	townland_ga|Cnoc an Mhairéasaigh	1
TS078-071----	class|ss	1
TS078-071----	county|TIPPERARY SOUTH	1
TS078-071----	townland_ga|Lios Ó dTobair	1
TS078-074----	class|ss	1
TS078-074----	county|TIPPERARY SOUTH	1
TS078-074----	townland_ga|Carraig an Lua	1
TS078-075----	class|ss	1
TS078-075----	county|TIPPERARY SOUTH	1
TS078-075----	townland_ga|An Tuar	1
TS078-079----	class|ss	1
TS078-079----	county|TIPPERARY SOUTH	1
TS078-079----	townland_ga|An Tuar	1
TS079-047----	class|ss	1
TS079-047----	county|TIPPERARY SOUTH	1
TS079-047----	townland_ga|Currach Doibín	1
TS079-048----	class|ss	1
TS079-048----	county|TIPPERARY SOUTH	1
TS079-048----	townland_ga|An Curraichín	1
TS079-049----	class|ss	1
TS079-049----	county|TIPPERARY SOUTH	1
TS079-049----	townland_ga|Baile Uí Néill	1
TS080-016----	class|ss	1
TS080-016----	county|TIPPERARY SOUTH	1
TS080-016----	townland_ga|Buaile Uí Chinnéide	1
TS082-105----	class|ss	1
TS082-105----	county|TIPPERARY SOUTH	1
TS082-105----	townland_ga|Cill Mológ	1
TS083-021006-	class|ss	1
TS083-021006-	county|TIPPERARY SOUTH	1
TS083-021006-	townland_ga|Cruán Íochtarach	1
TS083-034----	class|ss	1
TS083-034----	county|TIPPERARY SOUTH	1
TS088-033002-	class|ss	1
TS088-033002-	county|TIPPERARY SOUTH	1
TS088-033002-	townland_ga|An Chlais Ghainimhe Thoir	1
TS088-069----	class|ss	1
TS088-069----	county|TIPPERARY SOUTH	1
TS088-069----	townland_ga|An Bhuaile Shalach	1
TS088-070----	class|ss	1
TS088-070----	county|TIPPERARY SOUTH	1
TS088-070----	townland_ga|An Garraí Dubh	1
TS088-077----	class|ss	1
TS088-077----	county|TIPPERARY SOUTH	1
TS088-077----	townland_ga|Cnoc na Coille Airde	1
TS091-018----	class|ss	1
TS091-018----	county|TIPPERARY SOUTH	1
TS091-018----	townland_ga|An Garraí Dubh	1
TS091-020----	class|ss	1
TS091-020----	county|TIPPERARY SOUTH	1
TS091-020----	townland_ga|An Cheathrú Láir	1
TS091A002----	class|ss	1
TS091A002----	county|TIPPERARY SOUTH	1
TS091A002----	townland_ga|Áth an Bheannlomáin	1
WA001-048----	class|ss	1
WA001-048----	county|WATERFORD	1
WA001-048----	townland_ga|Cnoc Lúcáis	1
WA002-008----	class|ss	1
WA002-008----	county|WATERFORD	1
WA002-008----	townland_ga|An Goirtín Uachtarach	1
WA002-027002-	class|ss	1
WA002-027002-	county|WATERFORD	1
WA002-027002-	townland_ga|An Pháirc Bheag	1
WA002-065----	class|ss	1
WA002-065----	county|WATERFORD	1
WA002-065----	townland_ga|Móin na Daibhche	1
WA002-076----	class|ss	1
WA002-076----	county|WATERFORD	1
WA002-076----	townland_ga|An Pháirc	1
WA002-078----	class|ss	1
WA002-078----	county|WATERFORD	1
WA002-078----	townland_ga|An Pháirc Bheag	1
WA002-083----	class|ss	1
WA002-083----	county|WATERFORD	1
WA002-083----	townland_ga|An Goirtín Íochtarach	1
WA003-072----	class|ss	1
WA003-072----	county|WATERFORD	1
WA003-072----	townland_ga|An Charraig Bheag	1
WA003-087----	class|ss	1
WA003-087----	county|WATERFORD	1
WA003-087----	townland_ga|An Charraig Bheag	1
WA003-095----	class|ss	1
WA003-095----	county|WATERFORD	1
WA003-095----	townland_ga|Coill Bhaile Choilltigh	1
WA003-102----	class|ss	1
WA003-102----	county|WATERFORD	1
WA003-102----	townland_ga|Baile an Phaghanaigh	1
WA003-109----	class|ss	1
WA003-109----	county|WATERFORD	1
WA003-109----	townland_ga|Baile Uí Chuinn	1
WA005-050----	class|ss	1
WA005-050----	county|WATERFORD	1
WA005-050----	townland_ga|Cnoc an tSraoilleáin	1
WA005-054----	class|ss	1
WA005-054----	county|WATERFORD	1
WA005-054----	townland_ga|An Caisleán Riabhach	1
WA005-055----	class|ss	1
WA005-055----	county|WATERFORD	1
WA005-055----	townland_ga|Gráig na nGabhar	1
WA005-057----	class|ss	1
WA005-057----	county|WATERFORD	1
WA005-057----	townland_ga|Coimín Ré na dTiompán	1
WA005-064----	class|ss	1
WA005-064----	county|WATERFORD	1
WA005-064----	townland_ga|Cnoc an Lisín	1
WA006-007001-	class|ss	1
WA006-007001-	county|WATERFORD	1
WA006-007001-	townland_ga|Gráig an Bhealaigh	1
WA006-022003-	class|ss	1
WA006-022003-	county|WATERFORD	1
WA006-022003-	townland_ga|An Tuairín Thoir	1
WA006-022005-	class|ss	1
WA006-022005-	county|WATERFORD	1
WA006-022005-	townland_ga|An Tuairín Thoir	1
WA006-022006-	class|ss	1
WA006-022006-	county|WATERFORD	1
WA006-022006-	townland_ga|An Tuairín Thoir	1
WA006-033----	class|ss	1
WA006-033----	county|WATERFORD	1
WA006-033----	townland_ga|An Carraigín	1
WA006-039----	class|ss	1
WA006-039----	county|WATERFORD	1
WA006-039----	townland_ga|Gleann Dá Lachan	1
WA006-048----	class|ss	1
WA006-048----	county|WATERFORD	1
WA006-048----	townland_ga|Gráig an Bhealaigh	1
WA006-049----	class|ss	1
WA006-049----	county|WATERFORD	1
WA006-049----	townland_ga|Gráig an Bhealaigh	1
WA006-052----	class|ss	1
WA006-052----	county|WATERFORD	1
WA006-052----	townland_ga|An Chorr Dhubh	1
WA006-059----	class|ss	1
WA006-059----	county|WATERFORD	1
WA006-059----	townland_ga|Sliabh na Laidhre	1
WA006-061----	class|ss	1
WA006-061----	county|WATERFORD	1
WA006-061----	townland_ga|An Curraichín	1
WA006-063----	class|ss	1
WA006-063----	county|WATERFORD	1
WA006-063----	townland_ga|Cnocán an Aifrinn	1
WA006-068----	class|ss	1
WA006-068----	county|WATERFORD	1
WA006-068----	townland_ga|An Chill Bhreac	1
WA006-069----	class|ss	1
WA006-069----	county|WATERFORD	1
WA006-069----	townland_ga|An Chill Bhreac	1
WA006-070----	class|ss	1
WA006-070----	county|WATERFORD	1
WA006-070----	townland_ga|Cnocán an Aifrinn	1
WA006-071----	class|ss	1
WA006-071----	county|WATERFORD	1
WA006-071----	townland_ga|Gráig an Bhealaigh	1
WA007-083----	class|ss	1
WA007-083----	county|WATERFORD	1
WA007-083----	townland_ga|Gleann an Phúca	1
WA007-085----	class|ss	1
WA007-085----	county|WATERFORD	1
WA007-085----	townland_ga|Cill Chluana	1
WA007-089----	class|ss	1
WA007-089----	county|WATERFORD	1
WA007-089----	townland_ga|Baile Uí Dhoirn	1
WA007-091----	class|ss	1
WA007-091----	county|WATERFORD	1
WA007-091----	townland_ga|An Fhallach	1
WA008-048----	class|ss	1
WA008-048----	county|WATERFORD	1
WA008-048----	townland_ga|Cill Mobhí	1
WA008-050----	class|ss	1
WA008-050----	county|WATERFORD	1
WA008-050----	townland_ga|Cill Mobhí	1
WA008-051001-	class|ss	1
WA008-051001-	county|WATERFORD	1
WA008-051001-	townland_ga|Cill Mobhí	1
WA009-015----	class|ss	1
WA009-015----	county|WATERFORD	1
WA009-015----	townland_ga|Cnoc na Croiche	1
WA009-017001-	class|ss	1
WA009-017001-	county|WATERFORD	1
WA009-017001-	townland_ga|Mountmisery	1
WA009-017002-	class|ss	1
WA009-017002-	county|WATERFORD	1
WA009-017002-	townland_ga|Mountmisery	1
WA009-018----	class|ss	1
WA009-018----	county|WATERFORD	1
WA013-008----	class|ss	1
WA013-008----	county|WATERFORD	1
WA013-008----	townland_ga|An Dún	1
WA013-020002-	class|ss	1
WA013-020002-	county|WATERFORD	1
WA013-020002-	townland_ga|Baile na Giolcaí Uachtarach	1
WA013-021----	class|ss	1
WA013-021----	county|WATERFORD	1
WA013-021----	townland_ga|Breo	1
WA013-048002-	class|ss	1
WA013-048002-	county|WATERFORD	1
WA013-048002-	townland_ga|Tuar an Fhíona	1
WA013-051----	class|ss	1
WA013-051----	county|WATERFORD	1
WA013-051----	townland_ga|Tuar an Fhíona	1
WA014-011001-	class|ss	1
WA014-011001-	county|WATERFORD	1
WA014-011001-	townland_ga|Com Airglinn	1
WA014-011002-	class|ss	1
WA014-011002-	county|WATERFORD	1
WA014-011002-	townland_ga|Com Airglinn	1
WA014-011003-	class|ss	1
WA014-011003-	county|WATERFORD	1
WA014-011003-	townland_ga|An Coitín Theas	1
WA014-029----	class|ss	1
WA014-029----	county|WATERFORD	1
WA014-029----	townland_ga|Baile Mhic Giolla Mhuire	1
WA014-033034-	class|ss	1
WA014-033034-	county|WATERFORD	1
WA014-033034-	townland_ga|Com Airglinn	1
WA014-046----	class|ss	1
WA014-046----	county|WATERFORD	1
WA014-057----	class|ss	1
WA014-057----	county|WATERFORD	1
WA014-057----	townland_ga|Cill Bhriain Uachtarach	1
WA014-060----	class|ss	1
WA014-060----	county|WATERFORD	1
WA014-060----	townland_ga|Sliabh Bharr Craí Íochtarach	1
WA014-062----	class|ss	1
WA014-062----	county|WATERFORD	1
WA014-062----	townland_ga|Barr na Scairte	1
WA015-065----	class|ss	1
WA015-065----	county|WATERFORD	1
WA015-065----	townland_ga|Baile na Fuinseoige	1
WA015-077----	class|ss	1
WA015-077----	county|WATERFORD	1
WA015-077----	townland_ga|Baile na Fuinseoige	1
WA015-078----	class|ss	1
WA015-078----	county|WATERFORD	1
WA015-078----	townland_ga|Baile Hosa	1
WA015-079----	class|ss	1
WA015-079----	county|WATERFORD	1
WA015-079----	townland_ga|An Caol Fionn	1
WA015-080----	class|ss	1
WA015-080----	county|WATERFORD	1
WA015-080----	townland_ga|An Balla Buí	1
WA015-081----	class|ss	1
WA015-081----	county|WATERFORD	1
WA015-081----	townland_ga|An Balla Buí	1
WA015-083----	class|ss	1
WA015-083----	county|WATERFORD	1
WA015-083----	townland_ga|An Baile Breac	1
WA015-090----	class|ss	1
WA015-090----	county|WATERFORD	1
WA015-090----	townland_ga|Baile na Bánóige Thuaidh	1
WA015-105----	class|ss	1
WA015-105----	county|WATERFORD	1
WA015-105----	townland_ga|Baile Uí Dhoirn	1
WA015-113----	class|ss	1
WA015-113----	county|WATERFORD	1
WA015-113----	townland_ga|Coill na Gráinsí	1
WA015-114----	class|ss	1
WA015-114----	county|WATERFORD	1
WA015-114----	townland_ga|Coill na Gráinsí	1
WA016-022----	class|ss	1
WA016-022----	county|WATERFORD	1
WA016-022----	townland_ga|An Ros	1
WA016-038----	class|ss	1
WA016-038----	county|WATERFORD	1
WA016-038----	townland_ga|Cnoc na bPaorach	1
WA016-101----	class|ss	1
WA016-101----	county|WATERFORD	1
WA016-101----	townland_ga|Baile Hosa	1
WA016-102----	class|ss	1
WA016-102----	county|WATERFORD	1
WA016-102----	townland_ga|Carraig an Iúir	1
WA016-103----	class|ss	1
WA016-103----	county|WATERFORD	1
WA016-103----	townland_ga|Carraig an Iúir	1
WA016-112----	class|ss	1
WA016-112----	county|WATERFORD	1
WA016-112----	townland_ga|Na Ráithíní	1
WA016-113----	class|ss	1
WA016-113----	county|WATERFORD	1
WA016-113----	townland_ga|Na Ráithíní	1
WA016-117----	class|ss	1
WA016-117----	county|WATERFORD	1
WA016-117----	townland_ga|An Grianán	1
WA016-118----	class|ss	1
WA016-118----	county|WATERFORD	1
WA016-118----	townland_ga|Na Ráithíní	1
WA016-120----	class|ss	1
WA016-120----	county|WATERFORD	1
WA016-120----	townland_ga|Baile an Chradógaigh	1
WA016-121----	class|ss	1
WA016-121----	county|WATERFORD	1
WA016-121----	townland_ga|Loch Daibhchín	1
WA016-123----	class|ss	1
WA016-123----	county|WATERFORD	1
WA016-123----	townland_ga|Ráth Eanaigh	1
WA016-125----	class|ss	1
WA016-125----	county|WATERFORD	1
WA016-125----	townland_ga|Cill Modhíomóg Thoir	1
WA016-137----	class|ss	1
WA016-137----	county|WATERFORD	1
WA016-137----	townland_ga|Baile Uí Dhuibh Thoir	1
WA017-006----	class|ss	1
WA017-006----	county|WATERFORD	1
WA017-006----	townland_ga|Baile an Fhuitialaigh Thuaidh	1
WA017-043----	class|ss	1
WA017-043----	county|WATERFORD	1
WA017-043----	townland_ga|Baile an Mhóta	1
WA017-060002-	class|ss	1
WA017-060002-	county|WATERFORD	1
WA017-060002-	townland_ga|Baile an Chaisleáin	1
WA017-107001-	class|ss	1
WA017-107001-	county|WATERFORD	1
WA017-107001-	townland_ga|Baile an Chaisleáin	1
WA017-107002-	class|ss	1
WA017-107002-	county|WATERFORD	1
WA017-107002-	townland_ga|Baile an Chaisleáin	1
WA017-108----	class|ss	1
WA017-108----	county|WATERFORD	1
WA017-108----	townland_ga|Cill San Labhráis	1
WA017-110----	class|ss	1
WA017-110----	county|WATERFORD	1
WA017-110----	townland_ga|Baile an Dodaigh	1
WA018-087----	class|ss	1
WA018-087----	county|WATERFORD	1
WA018-087----	townland_ga|Baile na Buaile	1
WA020-001----	class|ss	1
WA020-001----	county|WATERFORD	1
WA020-001----	townland_ga|An Cnoc Corrach	1
WA020-006----	class|ss	1
WA020-006----	county|WATERFORD	1
WA020-022----	class|ss	1
WA020-022----	county|WATERFORD	1
WA020-022----	townland_ga|An Chúil	1
WA022-053----	class|ss	1
WA022-053----	county|WATERFORD	1
WA022-053----	townland_ga|Cúil na Sméar Íochtarach	1
WA022-062----	class|ss	1
WA022-062----	county|WATERFORD	1
WA022-062----	townland_ga|Cnoc na Málaí	1
WA022-063----	class|ss	1
WA022-063----	county|WATERFORD	1
WA022-063----	townland_ga|Cnoc na Málaí	1
WA023-010----	class|ss	1
WA023-010----	county|WATERFORD	1
WA023-010----	townland_ga|Com Airglinn	1
WA023-019001-	class|ss	1
WA023-019001-	county|WATERFORD	1
WA023-019001-	townland_ga|Carraig Mhuirne	1
WA023-050----	class|ss	1
WA023-050----	county|WATERFORD	1
WA023-066004-	class|ss	1
WA023-066004-	county|WATERFORD	1
WA023-066004-	townland_ga|Com Airglinn	1
WA023-066007-	class|ss	1
WA023-066007-	county|WATERFORD	1
WA023-066007-	townland_ga|Com Airglinn	1
WA023-066015-	class|ss	1
WA023-066015-	county|WATERFORD	1
WA023-066015-	townland_ga|Com Airglinn	1
WA023-066017-	class|ss	1
WA023-066017-	county|WATERFORD	1
WA023-066017-	townland_ga|Com Airglinn	1
WA023-066027-	class|ss	1
WA023-066027-	county|WATERFORD	1
WA023-066027-	townland_ga|Com Airglinn	1
WA023-066038-	class|ss	1
WA023-066038-	county|WATERFORD	1
WA023-066038-	townland_ga|Com Airglinn	1
WA023-066050-	class|ss	1
WA023-066050-	county|WATERFORD	1
WA023-066050-	townland_ga|Com Airglinn	1
WA023-066064-	class|ss	1
WA023-066064-	county|WATERFORD	1
WA023-066064-	townland_ga|Com Airglinn	1
WA023-066069-	class|ss	1
WA023-066069-	county|WATERFORD	1
WA023-066069-	townland_ga|Com Airglinn	1
WA023-066070-	class|ss	1
WA023-066070-	county|WATERFORD	1
WA023-066070-	townland_ga|Com Airglinn	1
WA023-066071-	class|ss	1
WA023-066071-	county|WATERFORD	1
WA023-066071-	townland_ga|Com Airglinn	1
WA023-066080-	class|ss	1
WA023-066080-	county|WATERFORD	1
WA023-066080-	townland_ga|Com Airglinn	1
WA023-069----	class|ss	1
WA023-069----	county|WATERFORD	1
WA023-069----	townland_ga|Gleann Dealgan	1
WA023-079----	class|ss	1
WA023-079----	county|WATERFORD	1
WA023-079----	townland_ga|An Corrán	1
WA023-080----	class|ss	1
WA023-080----	county|WATERFORD	1
WA023-080----	townland_ga|An Corrán	1
WA024-058----	class|ss	1
WA024-058----	county|WATERFORD	1
WA024-058----	townland_ga|An tSráidbhaile Mór	1
WA024-073002-	class|ss	1
WA024-073002-	county|WATERFORD	1
WA024-073002-	townland_ga|Garrán Tortan	1
WA024-073003-	class|ss	1
WA024-073003-	county|WATERFORD	1
WA024-073003-	townland_ga|Garrán Tortan	1
WA024-100----	class|ss	1
WA024-100----	county|WATERFORD	1
WA024-100----	townland_ga|Ceathrú an tSasanaigh	1
WA024-101----	class|ss	1
WA024-101----	county|WATERFORD	1
WA024-101----	townland_ga|Carraigín na hÁithe	1
WA024-102----	class|ss	1
WA024-102----	county|WATERFORD	1
WA024-102----	townland_ga|Garrán Mhiolúin Uachtarach	1
WA024-107----	class|ss	1
WA024-107----	county|WATERFORD	1
WA024-107----	townland_ga|Garrán Tortan	1
WA024-108----	class|ss	1
WA024-108----	county|WATERFORD	1
WA024-108----	townland_ga|Garrán Tortan	1
WA024-113----	class|ss	1
WA024-113----	county|WATERFORD	1
WA024-113----	townland_ga|Garrán Tortan	1
WA025-006----	class|ss	1
WA025-006----	county|WATERFORD	1
WA025-006----	townland_ga|Baile an tSabháistigh	1
WA025-035----	class|ss	1
WA025-035----	county|WATERFORD	1
WA025-035----	townland_ga|Ard na hUaighe	1
WA025-071----	class|ss	1
WA025-071----	county|WATERFORD	1
WA025-071----	townland_ga|Baile na Coille	1
WA025-075----	class|ss	1
WA025-075----	county|WATERFORD	1
WA025-075----	townland_ga|Cill Bhairméidín	1
WA025-076----	class|ss	1
WA025-076----	county|WATERFORD	1
WA025-076----	townland_ga|Cill Bhairméidín	1
WA025-113----	class|ss	1
WA025-113----	county|WATERFORD	1
WA025-113----	townland_ga|Baile an Gharraí	1
WA025-121----	class|ss	1
WA025-121----	county|WATERFORD	1
WA025-121----	townland_ga|Baile na Coille	1
WA026-001----	class|ss	1
WA026-001----	county|WATERFORD	1
WA026-001----	townland_ga|Baile Mhiolúin	1
WA026-013----	class|ss	1
WA026-013----	county|WATERFORD	1
WA026-013----	townland_ga|An Mhóin Bhuí	1
WA026-069----	class|ss	1
WA026-069----	county|WATERFORD	1
WA026-069----	townland_ga|Baile na Cloiche Theas	1
WA026-071----	class|ss	1
WA026-071----	county|WATERFORD	1
WA026-071----	townland_ga|Oileán Uí Chéin Thoir	1
WA026-075----	class|ss	1
WA026-075----	county|WATERFORD	1
WA026-075----	townland_ga|Oileán Uí Chéin Thuaidh	1
WA026-077----	class|ss	1
WA026-077----	county|WATERFORD	1
WA026-077----	townland_ga|Baile an Phiocardaigh	1
WA026-079----	class|ss	1
WA026-079----	county|WATERFORD	1
WA026-079----	townland_ga|Trá Mhór Thiar	1
WA026-081----	class|ss	1
WA026-081----	county|WATERFORD	1
WA026-081----	townland_ga|Carraig an Bharacháin	1
WA026-085----	class|ss	1
WA026-085----	county|WATERFORD	1
WA026-085----	townland_ga|Cill Bhríde Theas	1
WA027-030002-	class|ss	1
WA027-030002-	county|WATERFORD	1
WA027-030002-	townland_ga|An Corrbhaile Beag	1
WA027-064----	class|ss	1
WA027-064----	county|WATERFORD	1
WA027-064----	townland_ga|Baile Mhac Dháith	1
WA027-075----	class|ss	1
WA027-075----	county|WATERFORD	1
WA027-075----	townland_ga|An Corrbhaile Mór	1
WA027-085----	class|ss	1
WA027-085----	county|WATERFORD	1
WA027-085----	townland_ga|An Corrbhaile Mór	1
WA029-007----	class|ss	1
WA029-007----	county|WATERFORD	1
WA029-007----	townland_ga|Baile Uí Mhaolagáin	1
WA029-035----	class|ss	1
WA029-035----	county|WATERFORD	1
WA029-035----	townland_ga|Cnoc na Rátha	1
WA031-069----	class|ss	1
WA031-069----	county|WATERFORD	1
WA031-069----	townland_ga|Baile an Mhápaigh	1
WA031-075----	class|ss	1
WA031-075----	county|WATERFORD	1
WA031-075----	townland_ga|Tobar an Bhile (Marquis)	1
WA032-005----	class|ss	1
WA032-005----	county|WATERFORD	1
WA032-005----	townland_ga|Baile Uí Bhaoill	1
WA032-007----	class|ss	1
WA032-007----	county|WATERFORD	1
WA032-007----	townland_ga|Baile Uí Bhaoill	1
WA032-008----	class|ss	1
WA032-008----	county|WATERFORD	1
WA032-008----	townland_ga|An Seisceann	1
WA032-021001-	class|ss	1
WA032-021001-	county|WATERFORD	1
WA032-021001-	townland_ga|Cnoc Uí Uallacháin Thoir	1
WA033-009----	class|ss	1
WA033-009----	county|WATERFORD	1
WA033-009----	townland_ga|Sliabh Chill Uachtar Maí	1
WA033-012----	class|ss	1
WA033-012----	county|WATERFORD	1
WA033-012----	townland_ga|Ladhar na Carraige	1
WA034-069----	class|ss	1
WA034-069----	county|WATERFORD	1
WA034-069----	townland_ga|An Crosaire	1
WA035-012----	class|ss	1
WA035-012----	county|WATERFORD	1
WA035-012----	townland_ga|An tÁthán	1
WA036-013----	class|ss	1
WA036-013----	county|WATERFORD	1
WA036-026----	class|ss	1
WA036-026----	county|WATERFORD	1
WA036-027----	class|ss	1
WA036-027----	county|WATERFORD	1
WA036-030----	class|ss	1
WA036-030----	county|WATERFORD	1
WA036-030----	townland_ga|An Baile Nua	1
WA037-052----	class|ss	1
WA037-052----	county|WATERFORD	1
WA037-052----	townland_ga|An tSeanchúil	1
WA038-059----	class|ss	1
WA038-059----	county|WATERFORD	1
WA038-059----	townland_ga|An Baile Nua	1
WA038-061----	class|ss	1
WA038-061----	county|WATERFORD	1
WA038-061----	townland_ga|An tÁthán	1
WA038-062----	class|ss	1
WA038-062----	county|WATERFORD	1
WA038-069----	class|ss	1
WA038-069----	county|WATERFORD	1
WA038-069----	townland_ga|Drom Galláin Thiar	1
WA039-016----	class|ss	1
WA039-016----	county|WATERFORD	1
WA039-027----	class|ss	1
WA039-027----	county|WATERFORD	1
WA039-028----	class|ss	1
WA039-028----	county|WATERFORD	1
WA039-031001-	class|ss	1
WA039-031001-	county|WATERFORD	1
WA039-031002-	class|ss	1
WA039-031002-	county|WATERFORD	1
WA039-032----	class|ss	1
WA039-032----	county|WATERFORD	1
WA039-033----	class|ss	1
WA039-033----	county|WATERFORD	1
WA039-036----	class|ss	1
WA039-036----	county|WATERFORD	1
WI001-037----	class|ss	1
WI001-037----	county|WICKLOW	1
WI001-037----	townland_ga|Tigh Nód	1
WI001-038----	class|ss	1
WI001-038----	county|WICKLOW	1
WI001-038----	townland_ga|Tigh Nód	1
WI003-041001-	class|ss	1
WI003-041001-	county|WICKLOW	1
WI003-041001-	townland_ga|Áth na Craobhaí	1
WI003-041002-	class|ss	1
WI003-041002-	county|WICKLOW	1
WI003-041002-	townland_ga|Áth na Craobhaí	1
WI005-051----	class|ss	1
WI005-051----	county|WICKLOW	1
WI005-051----	townland_ga|Cnoc an Chaorthainn Íochtarach	1
WI005-110----	class|ss	1
WI005-110----	county|WICKLOW	1
WI005-110----	townland_ga|An Charraig	1
WI005-111----	class|ss	1
WI005-111----	county|WICKLOW	1
WI005-111----	townland_ga|An Charraig	1
WI005-114----	class|ss	1
WI005-114----	county|WICKLOW	1
WI005-114----	townland_ga|An Charraig	1
WI005-126----	class|ss	1
WI005-126----	county|WICKLOW	1
WI005-126----	townland_ga|Cnoc an Ime	1
WI006-012002-	class|ss	1
WI006-012002-	county|WICKLOW	1
WI006-012002-	townland_ga|Áth Dúin	1
WI007-085----	class|ss	1
WI007-085----	county|WICKLOW	1
WI007-085----	townland_ga|Cill Mocheanóg Theas	1
WI009-030----	class|ss	1
WI009-030----	county|WICKLOW	1
WI009-030----	townland_ga|Cnoc an Bhruthmhálaigh	1
WI009-033----	class|ss	1
WI009-033----	county|WICKLOW	1
WI009-033----	townland_ga|Cnoc an Bhruthmhálaigh	1
WI009-034----	class|ss	1
WI009-034----	county|WICKLOW	1
WI009-034----	townland_ga|Cnoc Mhic Thiarnáin	1
WI010-055001-	class|ss	1
WI010-055001-	county|WICKLOW	1
WI010-055001-	townland_ga|An Chill Bheag	1
WI012-052----	class|ss	1
WI012-052----	county|WICKLOW	1
WI012-052----	townland_ga|Cill Mhuire	1
WI012-060----	class|ss	1
WI012-060----	county|WICKLOW	1
WI012-060----	townland_ga|Glais na Muileann	1
WI012-074----	class|ss	1
WI012-074----	county|WICKLOW	1
WI012-074----	townland_ga|Glais na Muileann	1
WI013-091----	class|ss	1
WI013-091----	county|WICKLOW	1
WI013-091----	townland_ga|Liaigh Bheag Íochtarach	1
WI015-039----	class|ss	1
WI015-039----	county|WICKLOW	1
WI015-039----	townland_ga|Tor Neanta Uachtarach	1
WI015-084----	class|ss	1
WI015-084----	county|WICKLOW	1
WI015-084----	townland_ga|Áth Gréine	1
WI015-086----	class|ss	1
WI015-086----	county|WICKLOW	1
WI015-086----	townland_ga|Tuar Mhóin na bhFiach	1
WI015-087----	class|ss	1
WI015-087----	county|WICKLOW	1
WI015-087----	townland_ga|An Currach Dubh	1
WI015-089----	class|ss	1
WI015-089----	county|WICKLOW	1
WI015-089----	townland_ga|Baile Chinnsealaigh	1
WI016-022----	class|ss	1
WI016-022----	county|WICKLOW	1
WI016-022----	townland_ga|An Currach	1
WI016-023----	class|ss	1
WI016-023----	county|WICKLOW	1
WI016-023----	townland_ga|Baile Ualtair Rua	1
WI017-004----	class|ss	1
WI017-004----	county|WICKLOW	1
WI017-004----	townland_ga|An Carraigín Dubh	1
WI017-005----	class|ss	1
WI017-005----	county|WICKLOW	1
WI017-005----	townland_ga|An Droimín	1
WI019-064----	class|ss	1
WI019-064----	county|WICKLOW	1
WI019-064----	townland_ga|Baile na Móna	1
WI020-001----	class|ss	1
WI020-001----	county|WICKLOW	1
WI020-001----	townland_ga| 	1
WI021-027----	class|ss	1
WI021-027----	county|WICKLOW	1
WI021-027----	townland_ga|Baile an Triúir Mór	1
WI021-079----	class|ss	1
WI021-079----	county|WICKLOW	1
WI021-079----	townland_ga|Baile Éide Thuaidh	1
WI021-082----	class|ss	1
WI021-082----	county|WICKLOW	1
WI021-082----	townland_ga|Baile Uí Laighin Íochtarach	1
WI022-030----	class|ss	1
WI022-030----	county|WICKLOW	1
WI022-030----	townland_ga|Cuan	1
WI022-031----	class|ss	1
WI022-031----	county|WICKLOW	1
WI022-031----	townland_ga|Baile an Aird	1
WI022-032----	class|ss	1
WI022-032----	county|WICKLOW	1
WI022-032----	townland_ga|Cuan	1
WI022-033----	class|ss	1
WI022-033----	county|WICKLOW	1
WI022-033----	townland_ga|Liatroim	1
WI023-033----	class|ss	1
WI023-033----	county|WICKLOW	1
WI023-033----	townland_ga|An Chuileanntrach Mhór	1
WI023-035----	class|ss	1
WI023-035----	county|WICKLOW	1
WI023-035----	townland_ga|An Chuileanntrach Bheag	1
WI026-011----	class|ss	1
WI026-011----	county|WICKLOW	1
WI026-011----	townland_ga| 	1
WI027-043002-	class|ss	1
WI027-043002-	county|WICKLOW	1
WI027-043002-	townland_ga|Céidín	1
WI027-086----	class|ss	1
WI027-086----	county|WICKLOW	1
WI027-086----	townland_ga|Céidín	1
WI027-088----	class|ss	1
WI027-088----	county|WICKLOW	1
WI027-088----	townland_ga|Céidín	1
WI028-002----	class|ss	1
WI028-002----	county|WICKLOW	1
WI028-002----	townland_ga|Sliabh Meáin	1
WI035-004----	class|ss	1
WI035-004----	county|WICKLOW	1
WI035-004----	townland_ga|Baile Mhic Aodha Dhuibh	1
WI035-004001-	class|ss	1
WI035-004001-	county|WICKLOW	1
WI035-004001-	townland_ga|Baile Mhic Aodha Dhuibh	1
WI035-017----	class|ss	1
WI035-017----	county|WICKLOW	1
WI035-017----	townland_ga|Crón Bán	1
WI035-067----	class|ss	1
WI035-067----	county|WICKLOW	1
WI035-072----	class|ss	1
WI035-072----	county|WICKLOW	1
WI035-072----	townland_ga|Crón Bán	1
WI036-083----	class|ss	1
WI036-083----	county|WICKLOW	1
WI036-083----	townland_ga|Cáisleán tSíomoin	1
WI037-028----	class|ss	1
WI037-028----	county|WICKLOW	1
WI037-028----	townland_ga|Lios Colmáin	1
WI039-047----	class|ss	1
WI039-047----	county|WICKLOW	1
WI039-047----	townland_ga|An Chúil Bhán	1
WI040-016----	class|ss	1
WI040-016----	county|WICKLOW	1
WI040-016----	townland_ga|Baile Bhuaig	1
WM001-024----	class|ss	1
WM001-024----	county|WESTMEATH	1
WM001-024----	townland_ga| 	1
WM006-047001-	class|ss	1
WM006-047001-	county|WESTMEATH	1
WM006-047001-	townland_ga|An Cheapach	1
WM007-050----	class|ss	1
WM007-050----	county|WESTMEATH	1
WM007-050----	townland_ga| 	1
WM010-004001-	class|ss	1
WM010-004001-	county|WESTMEATH	1
WM010-004001-	townland_ga|Impir	1
WM010-022001-	class|ss	1
WM010-022001-	county|WESTMEATH	1
WM010-022001-	townland_ga|Ráth Chailéad	1
WM011-025----	class|ss	1
WM011-025----	county|WESTMEATH	1
WM011-025----	townland_ga|Léine	1
WM011-026001-	class|ss	1
WM011-026001-	county|WESTMEATH	1
WM011-026001-	townland_ga|Léine	1
WM011-027----	class|ss	1
WM011-027----	county|WESTMEATH	1
WM011-027----	townland_ga|Léine	1
WM011-075----	class|ss	1
WM011-075----	county|WESTMEATH	1
WM011-075----	townland_ga|Diméin Chlann Aodha	1
WM011-146----	class|ss	1
WM011-146----	county|WESTMEATH	1
WM011-146----	townland_ga|Port Lomáin	1
WM011-147----	class|ss	1
WM011-147----	county|WESTMEATH	1
WM011-147----	townland_ga|Port Lomáin	1
WM012-036----	class|ss	1
WM012-036----	county|WESTMEATH	1
WM012-036----	townland_ga|Tigh Farannáin	1
WM012-210----	class|ss	1
WM012-210----	county|WESTMEATH	1
WM012-210----	townland_ga|Tigh Farannáin	1
WM013-025----	class|ss	1
WM013-025----	county|WESTMEATH	1
WM013-025----	townland_ga|Baile Bhata	1
WM013-091----	class|ss	1
WM013-091----	county|WESTMEATH	1
WM013-091----	townland_ga| 	1
WM014-027----	class|ss	1
WM014-027----	county|WESTMEATH	1
WM017-114----	class|ss	1
WM017-114----	county|WESTMEATH	1
WM017-114----	townland_ga| 	1
WM018-025----	class|ss	1
WM018-025----	county|WESTMEATH	1
WM018-025----	townland_ga|Port Lomáin	1
WM018-026----	class|ss	1
WM018-026----	county|WESTMEATH	1
WM018-026----	townland_ga|Port Lomáin	1
WM018-067----	class|ss	1
WM018-067----	county|WESTMEATH	1
WM018-067----	townland_ga| 	1
WM018-103----	class|ss	1
WM018-103----	county|WESTMEATH	1
WM018-103----	townland_ga| 	1
WM018-113----	class|ss	1
WM018-113----	county|WESTMEATH	1
WM018-113----	townland_ga| 	1
WM018-116----	class|ss	1
WM018-116----	county|WESTMEATH	1
WM018-116----	townland_ga| 	1
WM018-132----	class|ss	1
WM018-132----	county|WESTMEATH	1
WM018-132----	townland_ga| 	1
WM019-042----	class|ss	1
WM019-042----	county|WESTMEATH	1
WM019-042----	townland_ga|Baile Mháis	1
WM019-058----	class|ss	1
WM019-058----	county|WESTMEATH	1
WM019-058----	townland_ga|Coill an Pheitidigh	1
WM019-089003-	class|ss	1
WM019-089003-	county|WESTMEATH	1
WM019-089003-	townland_ga|An Muileann gCearr	1
WM023-011----	class|ss	1
WM023-011----	county|WESTMEATH	1
WM023-011----	townland_ga| 	1
WM023-047----	class|ss	1
WM023-047----	county|WESTMEATH	1
WM023-047----	townland_ga| 	1
WM024-020----	class|ss	1
WM024-020----	county|WESTMEATH	1
WM024-020----	townland_ga| 	1
WM024-021----	class|ss	1
WM024-021----	county|WESTMEATH	1
WM024-021----	townland_ga| 	1
WM024-022----	class|ss	1
WM024-022----	county|WESTMEATH	1
WM024-022----	townland_ga| 	1
WM024-033----	class|ss	1
WM024-033----	county|WESTMEATH	1
WM024-033----	townland_ga|An Baile Mór	1
WM024-047----	class|ss	1
WM024-047----	county|WESTMEATH	1
WM024-047----	townland_ga| 	1
WM024-060001-	class|ss	1
WM024-060001-	county|WESTMEATH	1
WM024-060001-	townland_ga| 	1
WM024-119----	class|ss	1
WM024-119----	county|WESTMEATH	1
WM024-119----	townland_ga| 	1
WM024-192----	class|ss	1
WM024-192----	county|WESTMEATH	1
WM024-192----	townland_ga| 	1
WM025-015----	class|ss	1
WM025-015----	county|WESTMEATH	1
WM025-015----	townland_ga| 	1
WM025-018----	class|ss	1
WM025-018----	county|WESTMEATH	1
WM025-018----	townland_ga| 	1
WM025-040----	class|ss	1
WM025-040----	county|WESTMEATH	1
WM025-040----	townland_ga| 	1
WM025-087----	class|ss	1
WM025-087----	county|WESTMEATH	1
WM025-087----	townland_ga| 	1
WM025-127----	class|ss	1
WM025-127----	county|WESTMEATH	1
WM025-127----	townland_ga|Baile Shéamais	1
WM026-036----	class|ss	1
WM026-036----	county|WESTMEATH	1
WM026-036----	townland_ga| 	1
WM026-092----	class|ss	1
WM026-092----	county|WESTMEATH	1
WM026-092----	townland_ga| 	1
WM027-016----	class|ss	1
WM027-016----	county|WESTMEATH	1
WM027-016----	townland_ga| 	1
WM030-021----	class|ss	1
WM030-021----	county|WESTMEATH	1
WM030-021----	townland_ga| 	1
WM031-085----	class|ss	1
WM031-085----	county|WESTMEATH	1
WM031-085----	townland_ga| 	1
WM031-097----	class|ss	1
WM031-097----	county|WESTMEATH	1
WM031-097----	townland_ga| 	1
WM032-019----	class|ss	1
WM032-019----	county|WESTMEATH	1
WM032-019----	townland_ga| 	1
WM032-030001-	class|ss	1
WM032-030001-	county|WESTMEATH	1
WM032-030001-	townland_ga|Baile Uí Dhálaigh	1
WM033-023001-	class|ss	1
WM033-023001-	county|WESTMEATH	1
WM033-023001-	townland_ga| 	1
WM038-035----	class|ss	1
WM038-035----	county|WESTMEATH	1
WM038-035----	townland_ga| 	1
WX001-007----	class|ss	1
WX001-007----	county|WEXFORD	1
WX001-007----	townland_ga|An Corrán	1
WX002-004003-	class|ss	1
WX002-004003-	county|WEXFORD	1
WX002-004003-	townland_ga|An Logán Íochtarach	1
WX002-063----	class|ss	1
WX002-063----	county|WEXFORD	1
WX002-063----	townland_ga|Cruachán Láir	1
WX002-064----	class|ss	1
WX002-064----	county|WEXFORD	1
WX002-064----	townland_ga|Cruachán Láir	1
WX002-065----	class|ss	1
WX002-065----	county|WEXFORD	1
WX002-065----	townland_ga|Móin na Lao	1
WX005-017----	class|ss	1
WX005-017----	county|WEXFORD	1
WX005-017----	townland_ga|Baile Eilís	1
WX005-018----	class|ss	1
WX005-018----	county|WEXFORD	1
WX005-018----	townland_ga|Tobar Bhríde Mór	1
WX006-001----	class|ss	1
WX006-001----	county|WEXFORD	1
WX006-001----	townland_ga|Ráithín Chonchúir	1
WX006-004----	class|ss	1
WX006-004----	county|WEXFORD	1
WX006-004----	townland_ga|Com Lacháin	1
WX006-008----	class|ss	1
WX006-008----	county|WEXFORD	1
WX006-008----	townland_ga|Bailte Ó bhFearaíl	1
WX006-010----	class|ss	1
WX006-010----	county|WEXFORD	1
WX006-010----	townland_ga|Buaile Éanna	1
WX006-011----	class|ss	1
WX006-011----	county|WEXFORD	1
WX006-011----	townland_ga|Buaile Éanna	1
WX006-012----	class|ss	1
WX006-012----	county|WEXFORD	1
WX006-012----	townland_ga|Buaile Éanna	1
WX006-014----	class|ss	1
WX006-014----	county|WEXFORD	1
WX006-014----	townland_ga|An Eanach Mheánach	1
WX006-017----	class|ss	1
WX006-017----	county|WEXFORD	1
WX006-017----	townland_ga|Buaile Éanna	1
WX006-020----	class|ss	1
WX006-020----	county|WEXFORD	1
WX006-020----	townland_ga|Baile an tSléibhe	1
WX006-021----	class|ss	1
WX006-021----	county|WEXFORD	1
WX006-021----	townland_ga|Baile an tSléibhe	1
WX006-022----	class|ss	1
WX006-022----	county|WEXFORD	1
WX006-022----	townland_ga|Cnoc Chúil an tSagairt	1
WX006-023----	class|ss	1
WX006-023----	county|WEXFORD	1
WX006-023----	townland_ga|Fearann an Sciobóil	1
WX006-033----	class|ss	1
WX006-033----	county|WEXFORD	1
WX006-041----	class|ss	1
WX006-041----	county|WEXFORD	1
WX006-041----	townland_ga|Moing Bheithígh Uachtarach	1
WX006-049----	class|ss	1
WX006-049----	county|WEXFORD	1
WX006-049----	townland_ga|Baile an Gharraí Íochtarach	1
WX006-050----	class|ss	1
WX006-050----	county|WEXFORD	1
WX006-050----	townland_ga|Tobar Bhríde Mór	1
WX006-051----	class|ss	1
WX006-051----	county|WEXFORD	1
WX006-051----	townland_ga|An tSruthail	1
WX006-054----	class|ss	1
WX006-054----	county|WEXFORD	1
WX006-054----	townland_ga|Moing Bheithígh Íochtarach	1
WX007-002----	class|ss	1
WX007-002----	county|WEXFORD	1
WX007-002----	townland_ga|Tigh an Chnoic Íochtarach	1
WX007-011----	class|ss	1
WX007-011----	county|WEXFORD	1
WX007-011----	townland_ga|Cill Chaomháin Uachtarach	1
WX007-025----	class|ss	1
WX007-025----	county|WEXFORD	1
WX007-025----	townland_ga|Baile na Carraige	1
WX007-027----	class|ss	1
WX007-027----	county|WEXFORD	1
WX007-027----	townland_ga|Baile na Carraige	1
WX007-028----	class|ss	1
WX007-028----	county|WEXFORD	1
WX007-028----	townland_ga|Baile na Carraige	1
WX007-029----	class|ss	1
WX007-029----	county|WEXFORD	1
WX007-029----	townland_ga|Baile na Carraige	1
WX007-053----	class|ss	1
WX007-053----	county|WEXFORD	1
WX007-053----	townland_ga|Cill Chaomháin Uachtarach	1
WX007-054----	class|ss	1
WX007-054----	county|WEXFORD	1
WX007-054----	townland_ga|Baile na Carraige	1
WX007-061----	class|ss	1
WX007-061----	county|WEXFORD	1
WX007-076007-	class|ss	1
WX007-076007-	county|WEXFORD	1
WX007-076007-	townland_ga|Easc	1
WX007-077----	class|ss	1
WX007-077----	county|WEXFORD	1
WX007-077----	townland_ga|Easc	1
WX013-007----	class|ss	1
WX013-007----	county|WEXFORD	1
WX013-007----	townland_ga|An Chlochróg Mhór	1
WX016-021003-	class|ss	1
WX016-021003-	county|WEXFORD	1
WX016-021003-	townland_ga|An Ghléib	1
WX020-002001-	class|ss	1
WX020-002001-	county|WEXFORD	1
WX020-002001-	townland_ga|An Choill Bheag	1
WX020-013----	class|ss	1
WX020-013----	county|WEXFORD	1
WX020-013----	townland_ga|An Ráithín	1
WX020-023001-	class|ss	1
WX020-023001-	county|WEXFORD	1
WX020-023001-	townland_ga|Cluain Haistin	1
WX020-145----	class|ss	1
WX020-145----	county|WEXFORD	1
WX020-145----	townland_ga|An Choill Bheag	1
WX023-001----	class|ss	1
WX023-001----	county|WEXFORD	1
WX023-001----	townland_ga|An Corrán Rua	1
WX023-002002-	class|ss	1
WX023-002002-	county|WEXFORD	1
WX023-002002-	townland_ga|An Baile Liath	1
WX026-033003-	class|ss	1
WX026-033003-	county|WEXFORD	1
WX026-033003-	townland_ga|An Ghléib	1
WX029-036----	class|ss	1
WX029-036----	county|WEXFORD	1
WX029-036----	townland_ga|Réilín	1
WX030-081----	class|ss	1
WX030-081----	county|WEXFORD	1
WX030-081----	townland_ga|Teampall Sílín	1
WX032-041----	class|ss	1
WX032-041----	county|WEXFORD	1
WX032-041----	townland_ga|An Poll Dearg	1
WX034-071----	class|ss	1
WX034-071----	county|WEXFORD	1
WX034-071----	townland_ga|An Teampall Geal	1
WX035-025----	class|ss	1
WX035-025----	county|WEXFORD	1
WX035-025----	townland_ga|Ráth Uí Bhearáin	1
WX035-078----	class|ss	1
WX035-078----	county|WEXFORD	1
WX035-078----	townland_ga|An Bábhún Nua	1
WX035-079----	class|ss	1
WX035-079----	county|WEXFORD	1
WX035-079----	townland_ga|Scolbóg	1
WX039-001----	class|ss	1
WX039-001----	county|WEXFORD	1
WX039-001----	townland_ga|Poll Maolmhuaidh	1
WX039-002----	class|ss	1
WX039-002----	county|WEXFORD	1
WX039-002----	townland_ga|Poll Maolmhuaidh	1
WX039-004----	class|ss	1
WX039-004----	county|WEXFORD	1
WX039-004----	townland_ga|An Teampall Geal	1
WX039-025----	class|ss	1
WX039-025----	county|WEXFORD	1
WX039-025----	townland_ga|Coill Eisce	1
WX040-071----	class|ss	1
WX040-071----	county|WEXFORD	1
WX040-071----	townland_ga|Cluain Caoin	1
WX040-074----	class|ss	1
WX040-074----	county|WEXFORD	1
WX040-074----	townland_ga|Cluain Caoin	1
WX040-085----	class|ss	1
WX040-085----	county|WEXFORD	1
WX040-085----	townland_ga|Cluain Caoin	1
WX042-079----	class|ss	1
WX042-079----	county|WEXFORD	1
WX042-079----	townland_ga|Coimín Fhothart	1
WX046-014----	class|ss	1
WX046-014----	county|WEXFORD	1
WX046-014----	townland_ga|Baile Achtain	1
WX047-040----	class|ss	1
WX047-040----	county|WEXFORD	1
WX047-040----	townland_ga|An Bheannóg	1
WX047-056----	class|ss	1
WX047-056----	county|WEXFORD	1
WX047-056----	townland_ga|Baile Bóthair	1
WX047-064----	class|ss	1
WX047-064----	county|WEXFORD	1
WX047-064----	townland_ga|Cnoc Húilín	1
WX048-048001-	class|ss	1
WX048-048001-	county|WEXFORD	1
WX048-048001-	townland_ga|Baile an Chnoic	1
WX048-157----	class|ss	1
WX048-157----	county|WEXFORD	1
WX048-157----	townland_ga|Baile Tóraí Uachtarach	1
WX053-019----	class|ss	1
WX053-019----	county|WEXFORD	1
WX053-019----	townland_ga|Iardún Mór	1
WX053-030----	class|ss	1
WX053-030----	county|WEXFORD	1
WX053-030----	townland_ga|Loginsherd	1
WX053-082----	class|ss	1
WX053-082----	county|WEXFORD	1
NI:ANT004:080	class|ss	1
NI:ANT004:080	county|NORTHERN IRELAND	1
NI:ANT003:077	class|ss	1
NI:ANT003:077	county|NORTHERN IRELAND	1
NI:ANT003:107	class|ss	1
NI:ANT003:107	county|NORTHERN IRELAND	1
NI:ANT004:106	class|ss	1
NI:ANT004:106	county|NORTHERN IRELAND	1
NI:ANT007:059	class|ss	1
NI:ANT007:059	county|NORTHERN IRELAND	1
NI:ANT007:067	class|ss	1
NI:ANT007:067	county|NORTHERN IRELAND	1
NI:ANT006:039	class|ss	1
NI:ANT006:039	county|NORTHERN IRELAND	1
NI:ANT006:056	class|ss	1
NI:ANT006:056	county|NORTHERN IRELAND	1
NI:ANT008:019	class|ss	1
NI:ANT008:019	county|NORTHERN IRELAND	1
NI:ANT009:050	class|ss	1
NI:ANT009:050	county|NORTHERN IRELAND	1
NI:ANT009:096	class|ss	1
NI:ANT009:096	county|NORTHERN IRELAND	1
NI:ANT013:003	class|ss	1
NI:ANT013:003	county|NORTHERN IRELAND	1
NI:ANT009:190	class|ss	1
NI:ANT009:190	county|NORTHERN IRELAND	1
NI:ANT009:201	class|ss	1
NI:ANT009:201	county|NORTHERN IRELAND	1
NI:ANT009:204	class|ss	1
NI:ANT009:204	county|NORTHERN IRELAND	1
NI:ANT014:002	class|ss	1
NI:ANT014:002	county|NORTHERN IRELAND	1
NI:ANT014:045	class|ss	1
NI:ANT014:045	county|NORTHERN IRELAND	1
NI:ANT015:012	class|ss	1
NI:ANT015:012	county|NORTHERN IRELAND	1
NI:ANT015:023	class|ss	1
NI:ANT015:023	county|NORTHERN IRELAND	1
NI:ANT015:038	class|ss	1
NI:ANT015:038	county|NORTHERN IRELAND	1
NI:ANT015:040	class|ss	1
NI:ANT015:040	county|NORTHERN IRELAND	1
NI:ANT017:054	class|ss	1
NI:ANT017:054	county|NORTHERN IRELAND	1
NI:ANT018:007	class|ss	1
NI:ANT018:007	county|NORTHERN IRELAND	1
NI:ANT018:008	class|ss	1
NI:ANT018:008	county|NORTHERN IRELAND	1
NI:ANT018:009	class|ss	1
NI:ANT018:009	county|NORTHERN IRELAND	1
NI:ANT018:087	class|ss	1
NI:ANT018:087	county|NORTHERN IRELAND	1
NI:ANT019:015	class|ss	1
NI:ANT019:015	county|NORTHERN IRELAND	1
NI:ANT020:031	class|ss	1
NI:ANT020:031	county|NORTHERN IRELAND	1
NI:ANT022:019	class|ss	1
NI:ANT022:019	county|NORTHERN IRELAND	1
NI:ANT022:020	class|ss	1
NI:ANT022:020	county|NORTHERN IRELAND	1
NI:ANT022:021	class|ss	1
NI:ANT022:021	county|NORTHERN IRELAND	1
NI:ANT023:009	class|ss	1
NI:ANT023:009	county|NORTHERN IRELAND	1
NI:ANT023:010	class|ss	1
NI:ANT023:010	county|NORTHERN IRELAND	1
NI:ANT024:004	class|ss	1
NI:ANT024:004	county|NORTHERN IRELAND	1
NI:ANT024:005	class|ss	1
NI:ANT024:005	county|NORTHERN IRELAND	1
NI:ANT027:007	class|ss	1
NI:ANT027:007	county|NORTHERN IRELAND	1
NI:ANT027:020	class|ss	1
NI:ANT027:020	county|NORTHERN IRELAND	1
NI:ANT027:027	class|ss	1
NI:ANT027:027	county|NORTHERN IRELAND	1
NI:ANT027:085	class|ss	1
NI:ANT027:085	county|NORTHERN IRELAND	1
NI:ANT028:002	class|ss	1
NI:ANT028:002	county|NORTHERN IRELAND	1
NI:ANT029:003	class|ss	1
NI:ANT029:003	county|NORTHERN IRELAND	1
NI:ANT029:020	class|ss	1
NI:ANT029:020	county|NORTHERN IRELAND	1
NI:ANT029:035	class|ss	1
NI:ANT029:035	county|NORTHERN IRELAND	1
NI:ANT029:037	class|ss	1
NI:ANT029:037	county|NORTHERN IRELAND	1
NI:ANT029:100	class|ss	1
NI:ANT029:100	county|NORTHERN IRELAND	1
NI:ANT031:004	class|ss	1
NI:ANT031:004	county|NORTHERN IRELAND	1
NI:ANT032:028	class|ss	1
NI:ANT032:028	county|NORTHERN IRELAND	1
NI:ANT032:063	class|ss	1
NI:ANT032:063	county|NORTHERN IRELAND	1
NI:ANT033:017	class|ss	1
NI:ANT033:017	county|NORTHERN IRELAND	1
NI:ANT033:071	class|ss	1
NI:ANT033:071	county|NORTHERN IRELAND	1
NI:ANT033:072	class|ss	1
NI:ANT033:072	county|NORTHERN IRELAND	1
NI:ANT033:095	class|ss	1
NI:ANT033:095	county|NORTHERN IRELAND	1
NI:ANT034:008	class|ss	1
NI:ANT034:008	county|NORTHERN IRELAND	1
NI:ANT035:011	class|ss	1
NI:ANT035:011	county|NORTHERN IRELAND	1
NI:ANT036:006	class|ss	1
NI:ANT036:006	county|NORTHERN IRELAND	1
NI:ANT036:024	class|ss	1
NI:ANT036:024	county|NORTHERN IRELAND	1
NI:ANT044:023	class|ss	1
NI:ANT044:023	county|NORTHERN IRELAND	1
NI:ANT044:024	class|ss	1
NI:ANT044:024	county|NORTHERN IRELAND	1
NI:ANT040:074	class|ss	1
NI:ANT040:074	county|NORTHERN IRELAND	1
NI:ANT040:076	class|ss	1
NI:ANT040:076	county|NORTHERN IRELAND	1
NI:ANT041:001	class|ss	1
NI:ANT041:001	county|NORTHERN IRELAND	1
NI:ANT041:009	class|ss	1
NI:ANT041:009	county|NORTHERN IRELAND	1
NI:ANT044:091	class|ss	1
NI:ANT044:091	county|NORTHERN IRELAND	1
NI:ANT045:014	class|ss	1
NI:ANT045:014	county|NORTHERN IRELAND	1
NI:ANT045:067	class|ss	1
NI:ANT045:067	county|NORTHERN IRELAND	1
NI:ANT046:010	class|ss	1
NI:ANT046:010	county|NORTHERN IRELAND	1
NI:ANT046:025	class|ss	1
NI:ANT046:025	county|NORTHERN IRELAND	1
NI:ANT047:020	class|ss	1
NI:ANT047:020	county|NORTHERN IRELAND	1
NI:ANT047:030	class|ss	1
NI:ANT047:030	county|NORTHERN IRELAND	1
NI:ANT051:149	class|ss	1
NI:ANT051:149	county|NORTHERN IRELAND	1
NI:ANT049:078	class|ss	1
NI:ANT049:078	county|NORTHERN IRELAND	1
NI:ANT050:040	class|ss	1
NI:ANT050:040	county|NORTHERN IRELAND	1
NI:ANT050:064	class|ss	1
NI:ANT050:064	county|NORTHERN IRELAND	1
NI:ANT050:105	class|ss	1
NI:ANT050:105	county|NORTHERN IRELAND	1
NI:ANT056:032	class|ss	1
NI:ANT056:032	county|NORTHERN IRELAND	1
NI:ANT056:049	class|ss	1
NI:ANT056:049	county|NORTHERN IRELAND	1
NI:ANT060:013	class|ss	1
NI:ANT060:013	county|NORTHERN IRELAND	1
NI:ARM012:074	class|ss	1
NI:ARM012:074	county|NORTHERN IRELAND	1
NI:ANT067:043	class|ss	1
NI:ANT067:043	county|NORTHERN IRELAND	1
NI:ANT068:003	class|ss	1
NI:ANT068:003	county|NORTHERN IRELAND	1
NI:ARM005:008	class|ss	1
NI:ARM005:008	county|NORTHERN IRELAND	1
NI:ARM032:018	class|ss	1
NI:ARM032:018	county|NORTHERN IRELAND	1
NI:DOW015:031	class|ss	1
NI:DOW015:031	county|NORTHERN IRELAND	1
NI:ARM016:068	class|ss	1
NI:ARM016:068	county|NORTHERN IRELAND	1
NI:ARM017:048	class|ss	1
NI:ARM017:048	county|NORTHERN IRELAND	1
NI:ARM017:054	class|ss	1
NI:ARM017:054	county|NORTHERN IRELAND	1
NI:ARM019:013	class|ss	1
NI:ARM019:013	county|NORTHERN IRELAND	1
NI:ARM022:010	class|ss	1
NI:ARM022:010	county|NORTHERN IRELAND	1
NI:ARM025:016	class|ss	1
NI:ARM025:016	county|NORTHERN IRELAND	1
NI:ARM025:025	class|ss	1
NI:ARM025:025	county|NORTHERN IRELAND	1
NI:ARM026:009	class|ss	1
NI:ARM026:009	county|NORTHERN IRELAND	1
NI:ARM026:026	class|ss	1
NI:ARM026:026	county|NORTHERN IRELAND	1
NI:ARM026:045	class|ss	1
NI:ARM026:045	county|NORTHERN IRELAND	1
NI:DOW002:013	class|ss	1
NI:DOW002:013	county|NORTHERN IRELAND	1
NI:DOW005:009	class|ss	1
NI:DOW005:009	county|NORTHERN IRELAND	1
NI:DOW005:041	class|ss	1
NI:DOW005:041	county|NORTHERN IRELAND	1
NI:DOW005:072	class|ss	1
NI:DOW005:072	county|NORTHERN IRELAND	1
NI:DOW006:008	class|ss	1
NI:DOW006:008	county|NORTHERN IRELAND	1
NI:DOW011:019	class|ss	1
NI:DOW011:019	county|NORTHERN IRELAND	1
NI:DOW011:021	class|ss	1
NI:DOW011:021	county|NORTHERN IRELAND	1
NI:DOW012:001	class|ss	1
NI:DOW012:001	county|NORTHERN IRELAND	1
NI:DOW017:006	class|ss	1
NI:DOW017:006	county|NORTHERN IRELAND	1
NI:DOW018:003	class|ss	1
NI:DOW018:003	county|NORTHERN IRELAND	1
NI:DOW020:097	class|ss	1
NI:DOW020:097	county|NORTHERN IRELAND	1
NI:DOW021:081	class|ss	1
NI:DOW021:081	county|NORTHERN IRELAND	1
NI:DOW022:056	class|ss	1
NI:DOW022:056	county|NORTHERN IRELAND	1
NI:DOW023:048	class|ss	1
NI:DOW023:048	county|NORTHERN IRELAND	1
NI:DOW024:007	class|ss	1
NI:DOW024:007	county|NORTHERN IRELAND	1
NI:DOW026:010	class|ss	1
NI:DOW026:010	county|NORTHERN IRELAND	1
NI:DOW030:005	class|ss	1
NI:DOW030:005	county|NORTHERN IRELAND	1
NI:DOW030:010	class|ss	1
NI:DOW030:010	county|NORTHERN IRELAND	1
NI:DOW031:064	class|ss	1
NI:DOW031:064	county|NORTHERN IRELAND	1
NI:DOW032:016	class|ss	1
NI:DOW032:016	county|NORTHERN IRELAND	1
NI:DOW033:015	class|ss	1
NI:DOW033:015	county|NORTHERN IRELAND	1
NI:DOW033:045	class|ss	1
NI:DOW033:045	county|NORTHERN IRELAND	1
NI:DOW034:068	class|ss	1
NI:DOW034:068	county|NORTHERN IRELAND	1
NI:DOW035:044	class|ss	1
NI:DOW035:044	county|NORTHERN IRELAND	1
NI:DOW035:051	class|ss	1
NI:DOW035:051	county|NORTHERN IRELAND	1
NI:DOW037:024	class|ss	1
NI:DOW037:024	county|NORTHERN IRELAND	1
NI:DOW037:070	class|ss	1
NI:DOW037:070	county|NORTHERN IRELAND	1
NI:DOW040:036	class|ss	1
NI:DOW040:036	county|NORTHERN IRELAND	1
NI:DOW041:018	class|ss	1
NI:DOW041:018	county|NORTHERN IRELAND	1
NI:DOW041:026	class|ss	1
NI:DOW041:026	county|NORTHERN IRELAND	1
NI:DOW041:045	class|ss	1
NI:DOW041:045	county|NORTHERN IRELAND	1
NI:DOW046:018	class|ss	1
NI:DOW046:018	county|NORTHERN IRELAND	1
NI:DOW046:019	class|ss	1
NI:DOW046:019	county|NORTHERN IRELAND	1
NI:DOW046:043	class|ss	1
NI:DOW046:043	county|NORTHERN IRELAND	1
NI:DOW046:047	class|ss	1
NI:DOW046:047	county|NORTHERN IRELAND	1
NI:DOW047:082	class|ss	1
NI:DOW047:082	county|NORTHERN IRELAND	1
NI:DOW048:013	class|ss	1
NI:DOW048:013	county|NORTHERN IRELAND	1
NI:DOW051:039	class|ss	1
NI:DOW051:039	county|NORTHERN IRELAND	1
NI:DOW055:004	class|ss	1
NI:DOW055:004	county|NORTHERN IRELAND	1
NI:DOW055:023	class|ss	1
NI:DOW055:023	county|NORTHERN IRELAND	1
NI:FER154:094	class|ss	1
NI:FER154:094	county|NORTHERN IRELAND	1
NI:FER191:071	class|ss	1
NI:FER191:071	county|NORTHERN IRELAND	1
NI:FER191:088	class|ss	1
NI:FER191:088	county|NORTHERN IRELAND	1
NI:FER192:042	class|ss	1
NI:FER192:042	county|NORTHERN IRELAND	1
NI:FER193:002	class|ss	1
NI:FER193:002	county|NORTHERN IRELAND	1
NI:FER193:032	class|ss	1
NI:FER193:032	county|NORTHERN IRELAND	1
NI:FER193:035	class|ss	1
NI:FER193:035	county|NORTHERN IRELAND	1
NI:FER193:037	class|ss	1
NI:FER193:037	county|NORTHERN IRELAND	1
NI:FER194:004	class|ss	1
NI:FER194:004	county|NORTHERN IRELAND	1
NI:FER210:031	class|ss	1
NI:FER210:031	county|NORTHERN IRELAND	1
NI:FER211:017	class|ss	1
NI:FER211:017	county|NORTHERN IRELAND	1
NI:FER211:024	class|ss	1
NI:FER211:024	county|NORTHERN IRELAND	1
NI:FER211:077	class|ss	1
NI:FER211:077	county|NORTHERN IRELAND	1
NI:FER212:025	class|ss	1
NI:FER212:025	county|NORTHERN IRELAND	1
NI:FER212:026	class|ss	1
NI:FER212:026	county|NORTHERN IRELAND	1
NI:FER212:073	class|ss	1
NI:FER212:073	county|NORTHERN IRELAND	1
NI:FER212:085	class|ss	1
NI:FER212:085	county|NORTHERN IRELAND	1
NI:FER212:097	class|ss	1
NI:FER212:097	county|NORTHERN IRELAND	1
NI:FER213:013	class|ss	1
NI:FER213:013	county|NORTHERN IRELAND	1
NI:FER213:096	class|ss	1
NI:FER213:096	county|NORTHERN IRELAND	1
NI:FER214:011	class|ss	1
NI:FER214:011	county|NORTHERN IRELAND	1
NI:FER214:012	class|ss	1
NI:FER214:012	county|NORTHERN IRELAND	1
NI:FER228:098	class|ss	1
NI:FER228:098	county|NORTHERN IRELAND	1
NI:LDY003:074	class|ss	1
NI:LDY003:074	county|NORTHERN IRELAND	1
NI:FER231:012	class|ss	1
NI:FER231:012	county|NORTHERN IRELAND	1
NI:FER231:031	class|ss	1
NI:FER231:031	county|NORTHERN IRELAND	1
NI:FER231:033	class|ss	1
NI:FER231:033	county|NORTHERN IRELAND	1
NI:FER244:036	class|ss	1
NI:FER244:036	county|NORTHERN IRELAND	1
NI:FER245:040	class|ss	1
NI:FER245:040	county|NORTHERN IRELAND	1
NI:LDY001:006	class|ss	1
NI:LDY001:006	county|NORTHERN IRELAND	1
NI:LDY003:004	class|ss	1
NI:LDY003:004	county|NORTHERN IRELAND	1
NI:LDY003:005	class|ss	1
NI:LDY003:005	county|NORTHERN IRELAND	1
NI:LDY003:020	class|ss	1
NI:LDY003:020	county|NORTHERN IRELAND	1
NI:LDY009:001	class|ss	1
NI:LDY009:001	county|NORTHERN IRELAND	1
NI:LDY023:018	class|ss	1
NI:LDY023:018	county|NORTHERN IRELAND	1
NI:LDY006:028	class|ss	1
NI:LDY006:028	county|NORTHERN IRELAND	1
NI:LDY006:040	class|ss	1
NI:LDY006:040	county|NORTHERN IRELAND	1
NI:LDY007:087	class|ss	1
NI:LDY007:087	county|NORTHERN IRELAND	1
NI:LDY010:045	class|ss	1
NI:LDY010:045	county|NORTHERN IRELAND	1
NI:LDY011:008	class|ss	1
NI:LDY011:008	county|NORTHERN IRELAND	1
NI:LDY011:009	class|ss	1
NI:LDY011:009	county|NORTHERN IRELAND	1
NI:LDY011:050	class|ss	1
NI:LDY011:050	county|NORTHERN IRELAND	1
NI:LDY014:008	class|ss	1
NI:LDY014:008	county|NORTHERN IRELAND	1
NI:LDY014:036	class|ss	1
NI:LDY014:036	county|NORTHERN IRELAND	1
NI:LDY015:014	class|ss	1
NI:LDY015:014	county|NORTHERN IRELAND	1
NI:LDY015:016	class|ss	1
NI:LDY015:016	county|NORTHERN IRELAND	1
NI:LDY015:017	class|ss	1
NI:LDY015:017	county|NORTHERN IRELAND	1
NI:LDY016:007	class|ss	1
NI:LDY016:007	county|NORTHERN IRELAND	1
NI:LDY022:002	class|ss	1
NI:LDY022:002	county|NORTHERN IRELAND	1
NI:LDY023:004	class|ss	1
NI:LDY023:004	county|NORTHERN IRELAND	1
NI:LDY023:043	class|ss	1
NI:LDY023:043	county|NORTHERN IRELAND	1
NI:LDY024:002	class|ss	1
NI:LDY024:002	county|NORTHERN IRELAND	1
NI:LDY024:007	class|ss	1
NI:LDY024:007	county|NORTHERN IRELAND	1
NI:LDY025:001	class|ss	1
NI:LDY025:001	county|NORTHERN IRELAND	1
NI:LDY026:114	class|ss	1
NI:LDY026:114	county|NORTHERN IRELAND	1
NI:LDY030:070	class|ss	1
NI:LDY030:070	county|NORTHERN IRELAND	1
NI:LDY030:087	class|ss	1
NI:LDY030:087	county|NORTHERN IRELAND	1
NI:LDY030:088	class|ss	1
NI:LDY030:088	county|NORTHERN IRELAND	1
NI:LDY029:003	class|ss	1
NI:LDY029:003	county|NORTHERN IRELAND	1
NI:LDY029:009	class|ss	1
NI:LDY029:009	county|NORTHERN IRELAND	1
NI:LDY029:012	class|ss	1
NI:LDY029:012	county|NORTHERN IRELAND	1
NI:LDY029:019	class|ss	1
NI:LDY029:019	county|NORTHERN IRELAND	1
NI:LDY030:006	class|ss	1
NI:LDY030:006	county|NORTHERN IRELAND	1
NI:LDY030:007	class|ss	1
NI:LDY030:007	county|NORTHERN IRELAND	1
NI:LDY030:008	class|ss	1
NI:LDY030:008	county|NORTHERN IRELAND	1
NI:LDY030:009	class|ss	1
NI:LDY030:009	county|NORTHERN IRELAND	1
NI:LDY032:069	class|ss	1
NI:LDY032:069	county|NORTHERN IRELAND	1
NI:LDY032:077	class|ss	1
NI:LDY032:077	county|NORTHERN IRELAND	1
NI:LDY032:080	class|ss	1
NI:LDY032:080	county|NORTHERN IRELAND	1
NI:LDY035:006	class|ss	1
NI:LDY035:006	county|NORTHERN IRELAND	1
NI:LDY037:052	class|ss	1
NI:LDY037:052	county|NORTHERN IRELAND	1
NI:LDY042:038	class|ss	1
NI:LDY042:038	county|NORTHERN IRELAND	1
NI:TYR023:002	class|ss	1
NI:TYR023:002	county|NORTHERN IRELAND	1
NI:TYR023:004	class|ss	1
NI:TYR023:004	county|NORTHERN IRELAND	1
NI:TYR001:001	class|ss	1
NI:TYR001:001	county|NORTHERN IRELAND	1
NI:TYR002:013	class|ss	1
NI:TYR002:013	county|NORTHERN IRELAND	1
NI:TYR003:001	class|ss	1
NI:TYR003:001	county|NORTHERN IRELAND	1
NI:TYR003:007	class|ss	1
NI:TYR003:007	county|NORTHERN IRELAND	1
NI:TYR004:003	class|ss	1
NI:TYR004:003	county|NORTHERN IRELAND	1
NI:TYR006:001	class|ss	1
NI:TYR006:001	county|NORTHERN IRELAND	1
NI:TYR006:008	class|ss	1
NI:TYR006:008	county|NORTHERN IRELAND	1
NI:TYR009:006	class|ss	1
NI:TYR009:006	county|NORTHERN IRELAND	1
NI:TYR009:012	class|ss	1
NI:TYR009:012	county|NORTHERN IRELAND	1
NI:TYR010:001	class|ss	1
NI:TYR010:001	county|NORTHERN IRELAND	1
NI:TYR010:008	class|ss	1
NI:TYR010:008	county|NORTHERN IRELAND	1
NI:TYR010:010	class|ss	1
NI:TYR010:010	county|NORTHERN IRELAND	1
NI:TYR011:034	class|ss	1
NI:TYR011:034	county|NORTHERN IRELAND	1
NI:TYR011:035	class|ss	1
NI:TYR011:035	county|NORTHERN IRELAND	1
NI:TYR015:012	class|ss	1
NI:TYR015:012	county|NORTHERN IRELAND	1
NI:TYR016:002	class|ss	1
NI:TYR016:002	county|NORTHERN IRELAND	1
NI:TYR016:004	class|ss	1
NI:TYR016:004	county|NORTHERN IRELAND	1
NI:TYR016:005	class|ss	1
NI:TYR016:005	county|NORTHERN IRELAND	1
NI:TYR016:010	class|ss	1
NI:TYR016:010	county|NORTHERN IRELAND	1
NI:TYR016:011	class|ss	1
NI:TYR016:011	county|NORTHERN IRELAND	1
NI:TYR016:013	class|ss	1
NI:TYR016:013	county|NORTHERN IRELAND	1
NI:TYR016:020	class|ss	1
NI:TYR016:020	county|NORTHERN IRELAND	1
NI:TYR016:022	class|ss	1
NI:TYR016:022	county|NORTHERN IRELAND	1
NI:TYR016:033	class|ss	1
NI:TYR016:033	county|NORTHERN IRELAND	1
NI:TYR016:048	class|ss	1
NI:TYR016:048	county|NORTHERN IRELAND	1
NI:TYR016:049	class|ss	1
NI:TYR016:049	county|NORTHERN IRELAND	1
NI:TYR017:025	class|ss	1
NI:TYR017:025	county|NORTHERN IRELAND	1
NI:TYR017:072	class|ss	1
NI:TYR017:072	county|NORTHERN IRELAND	1
NI:TYR018:035	class|ss	1
NI:TYR018:035	county|NORTHERN IRELAND	1
NI:TYR018:053	class|ss	1
NI:TYR018:053	county|NORTHERN IRELAND	1
NI:TYR018:054	class|ss	1
NI:TYR018:054	county|NORTHERN IRELAND	1
NI:TYR019:006	class|ss	1
NI:TYR019:006	county|NORTHERN IRELAND	1
NI:TYR019:009	class|ss	1
NI:TYR019:009	county|NORTHERN IRELAND	1
NI:TYR019:036	class|ss	1
NI:TYR019:036	county|NORTHERN IRELAND	1
NI:TYR019:045	class|ss	1
NI:TYR019:045	county|NORTHERN IRELAND	1
NI:TYR019:046	class|ss	1
NI:TYR019:046	county|NORTHERN IRELAND	1
NI:TYR020:005	class|ss	1
NI:TYR020:005	county|NORTHERN IRELAND	1
NI:TYR020:016	class|ss	1
NI:TYR020:016	county|NORTHERN IRELAND	1
NI:TYR020:022	class|ss	1
NI:TYR020:022	county|NORTHERN IRELAND	1
NI:TYR020:030	class|ss	1
NI:TYR020:030	county|NORTHERN IRELAND	1
NI:TYR020:043	class|ss	1
NI:TYR020:043	county|NORTHERN IRELAND	1
NI:TYR020:047	class|ss	1
NI:TYR020:047	county|NORTHERN IRELAND	1
NI:TYR020:053	class|ss	1
NI:TYR020:053	county|NORTHERN IRELAND	1
NI:TYR020:054	class|ss	1
NI:TYR020:054	county|NORTHERN IRELAND	1
NI:TYR020:064	class|ss	1
NI:TYR020:064	county|NORTHERN IRELAND	1
NI:TYR023:030	class|ss	1
NI:TYR023:030	county|NORTHERN IRELAND	1
NI:TYR023:035	class|ss	1
NI:TYR023:035	county|NORTHERN IRELAND	1
NI:TYR023:045	class|ss	1
NI:TYR023:045	county|NORTHERN IRELAND	1
NI:TYR024:002	class|ss	1
NI:TYR024:002	county|NORTHERN IRELAND	1
NI:TYR024:009	class|ss	1
NI:TYR024:009	county|NORTHERN IRELAND	1
NI:TYR025:024	class|ss	1
NI:TYR025:024	county|NORTHERN IRELAND	1
NI:TYR025:036	class|ss	1
NI:TYR025:036	county|NORTHERN IRELAND	1
NI:TYR025:039	class|ss	1
NI:TYR025:039	county|NORTHERN IRELAND	1
NI:TYR027:007	class|ss	1
NI:TYR027:007	county|NORTHERN IRELAND	1
NI:TYR027:025	class|ss	1
NI:TYR027:025	county|NORTHERN IRELAND	1
NI:TYR027:061	class|ss	1
NI:TYR027:061	county|NORTHERN IRELAND	1
NI:TYR027:062	class|ss	1
NI:TYR027:062	county|NORTHERN IRELAND	1
NI:TYR028:002	class|ss	1
NI:TYR028:002	county|NORTHERN IRELAND	1
NI:TYR028:007	class|ss	1
NI:TYR028:007	county|NORTHERN IRELAND	1
NI:TYR028:014	class|ss	1
NI:TYR028:014	county|NORTHERN IRELAND	1
NI:TYR028:015	class|ss	1
NI:TYR028:015	county|NORTHERN IRELAND	1
NI:TYR028:019	class|ss	1
NI:TYR028:019	county|NORTHERN IRELAND	1
NI:TYR028:034	class|ss	1
NI:TYR028:034	county|NORTHERN IRELAND	1
NI:TYR028:039	class|ss	1
NI:TYR028:039	county|NORTHERN IRELAND	1
NI:TYR040:002	class|ss	1
NI:TYR040:002	county|NORTHERN IRELAND	1
NI:TYR029:002	class|ss	1
NI:TYR029:002	county|NORTHERN IRELAND	1
NI:TYR029:013	class|ss	1
NI:TYR029:013	county|NORTHERN IRELAND	1
NI:TYR029:020	class|ss	1
NI:TYR029:020	county|NORTHERN IRELAND	1
NI:TYR029:053	class|ss	1
NI:TYR029:053	county|NORTHERN IRELAND	1
NI:TYR033:003	class|ss	1
NI:TYR033:003	county|NORTHERN IRELAND	1
NI:TYR034:003	class|ss	1
NI:TYR034:003	county|NORTHERN IRELAND	1
NI:TYR034:007	class|ss	1
NI:TYR034:007	county|NORTHERN IRELAND	1
NI:TYR035:009	class|ss	1
NI:TYR035:009	county|NORTHERN IRELAND	1
NI:TYR036:007	class|ss	1
NI:TYR036:007	county|NORTHERN IRELAND	1
NI:TYR036:029	class|ss	1
NI:TYR036:029	county|NORTHERN IRELAND	1
NI:TYR037:023	class|ss	1
NI:TYR037:023	county|NORTHERN IRELAND	1
NI:TYR037:040	class|ss	1
NI:TYR037:040	county|NORTHERN IRELAND	1
NI:TYR038:002	class|ss	1
NI:TYR038:002	county|NORTHERN IRELAND	1
NI:TYR038:018	class|ss	1
NI:TYR038:018	county|NORTHERN IRELAND	1
NI:TYR039:001	class|ss	1
NI:TYR039:001	county|NORTHERN IRELAND	1
NI:TYR042:018	class|ss	1
NI:TYR042:018	county|NORTHERN IRELAND	1
NI:TYR043:004	class|ss	1
NI:TYR043:004	county|NORTHERN IRELAND	1
NI:TYR043:017	class|ss	1
NI:TYR043:017	county|NORTHERN IRELAND	1
NI:TYR043:018	class|ss	1
NI:TYR043:018	county|NORTHERN IRELAND	1
NI:TYR043:062	class|ss	1
NI:TYR043:062	county|NORTHERN IRELAND	1
NI:TYR044:007	class|ss	1
NI:TYR044:007	county|NORTHERN IRELAND	1
NI:TYR044:018	class|ss	1
NI:TYR044:018	county|NORTHERN IRELAND	1
NI:TYR044:019	class|ss	1
NI:TYR044:019	county|NORTHERN IRELAND	1
NI:TYR044:026	class|ss	1
NI:TYR044:026	county|NORTHERN IRELAND	1
NI:TYR044:027	class|ss	1
NI:TYR044:027	county|NORTHERN IRELAND	1
NI:TYR044:039	class|ss	1
NI:TYR044:039	county|NORTHERN IRELAND	1
NI:TYR044:049	class|ss	1
NI:TYR044:049	county|NORTHERN IRELAND	1
NI:TYR044:055	class|ss	1
NI:TYR044:055	county|NORTHERN IRELAND	1
NI:TYR049:027	class|ss	1
NI:TYR049:027	county|NORTHERN IRELAND	1
NI:TYR051:028	class|ss	1
NI:TYR051:028	county|NORTHERN IRELAND	1
NI:TYR051:029	class|ss	1
NI:TYR051:029	county|NORTHERN IRELAND	1
NI:TYR052:006	class|ss	1
NI:TYR052:006	county|NORTHERN IRELAND	1
NI:TYR052:015	class|ss	1
NI:TYR052:015	county|NORTHERN IRELAND	1
NI:TYR053:020	class|ss	1
NI:TYR053:020	county|NORTHERN IRELAND	1
NI:TYR056:004	class|ss	1
NI:TYR056:004	county|NORTHERN IRELAND	1
NI:TYR056:007	class|ss	1
NI:TYR056:007	county|NORTHERN IRELAND	1
NI:TYR056:009	class|ss	1
NI:TYR056:009	county|NORTHERN IRELAND	1
NI:TYR057:023	class|ss	1
NI:TYR057:023	county|NORTHERN IRELAND	1
NI:TYR058:020	class|ss	1
NI:TYR058:020	county|NORTHERN IRELAND	1
NI:TYR058:041	class|ss	1
NI:TYR058:041	county|NORTHERN IRELAND	1
NI:TYR058:042	class|ss	1
NI:TYR058:042	county|NORTHERN IRELAND	1
NI:TYR058:043	class|ss	1
NI:TYR058:043	county|NORTHERN IRELAND	1
NI:TYR059:025	class|ss	1
NI:TYR059:025	county|NORTHERN IRELAND	1
NI:TYR059:091	class|ss	1
NI:TYR059:091	county|NORTHERN IRELAND	1
NI:TYR064:005	class|ss	1
NI:TYR064:005	county|NORTHERN IRELAND	1
NI:TYR064:019	class|ss	1
NI:TYR064:019	county|NORTHERN IRELAND	1
NI:TYR064:040	class|ss	1
NI:TYR064:040	county|NORTHERN IRELAND	1
NI:TYR065:017	class|ss	1
NI:TYR065:017	county|NORTHERN IRELAND	1
NI:TYR068:002	class|ss	1
NI:TYR068:002	county|NORTHERN IRELAND	1
NI:ARM028:037	class|ss	1
NI:ARM028:037	county|NORTHERN IRELAND	1
NI:FER212:154	class|ss	1
NI:FER212:154	county|NORTHERN IRELAND	1
NI:DOW047:117	class|ss	1
NI:DOW047:117	county|NORTHERN IRELAND	1
NI:DOW035:055	class|ss	1
NI:DOW035:055	county|NORTHERN IRELAND	1
NI:ANT040:100	class|ss	1
NI:ANT040:100	county|NORTHERN IRELAND	1
NI:FER231:047	class|ss	1
NI:FER231:047	county|NORTHERN IRELAND	1
NI:FER228:101	class|ss	1
NI:FER228:101	county|NORTHERN IRELAND	1
NI:ANT014:046	class|ss	1
NI:ANT014:046	county|NORTHERN IRELAND	1
NI:TYR011:041	class|ss	1
NI:TYR011:041	county|NORTHERN IRELAND	1
NI:DOW036:049	class|ss	1
NI:DOW036:049	county|NORTHERN IRELAND	1
NI:TYR010:019	class|ss	1
NI:TYR010:019	county|NORTHERN IRELAND	1
NI:TYR013:003	class|ss	1
NI:TYR013:003	county|NORTHERN IRELAND	1
NI:TYR012:026	class|ss	1
NI:TYR012:026	county|NORTHERN IRELAND	1
NI:TYR020:069	class|ss	1
NI:TYR020:069	county|NORTHERN IRELAND	1
NI:DOW035:056	class|ss	1
NI:DOW035:056	county|NORTHERN IRELAND	1
NI:TYR003:019	class|ss	1
NI:TYR003:019	county|NORTHERN IRELAND	1
NI:TYR003:020	class|ss	1
NI:TYR003:020	county|NORTHERN IRELAND	1
NI:ANT038:064	class|ss	1
NI:ANT038:064	county|NORTHERN IRELAND	1
NI:TYR011:043	class|ss	1
NI:TYR011:043	county|NORTHERN IRELAND	1
NI:TYR056:027	class|ss	1
NI:TYR056:027	county|NORTHERN IRELAND	1
NI:DOW036:034	class|ss	1
NI:DOW036:034	county|NORTHERN IRELAND	1
NI:TYR065:031	class|ss	1
NI:TYR065:031	county|NORTHERN IRELAND	1
NI:TYR049:033	class|ss	1
NI:TYR049:033	county|NORTHERN IRELAND	1
NI:FER231:051	class|ss	1
NI:FER231:051	county|NORTHERN IRELAND	1
NI:TYR027:073	class|ss	1
NI:TYR027:073	county|NORTHERN IRELAND	1
NI:ANT006:010	class|ss	1
NI:ANT006:010	county|NORTHERN IRELAND	1
NI:ANT014:006	class|ss	1
NI:ANT014:006	county|NORTHERN IRELAND	1
NI:ANT017:014	class|ss	1
NI:ANT017:014	county|NORTHERN IRELAND	1
NI:ANT018:015	class|ss	1
NI:ANT018:015	county|NORTHERN IRELAND	1
NI:ANT018:085	class|ss	1
NI:ANT018:085	county|NORTHERN IRELAND	1
NI:ANT035:026	class|ss	1
NI:ANT035:026	county|NORTHERN IRELAND	1
NI:ANT036:029	class|ss	1
NI:ANT036:029	county|NORTHERN IRELAND	1
NI:ARM028:023	class|ss	1
NI:ARM028:023	county|NORTHERN IRELAND	1
NI:DOW002:019	class|ss	1
NI:DOW002:019	county|NORTHERN IRELAND	1
NI:DOW005:035	class|ss	1
NI:DOW005:035	county|NORTHERN IRELAND	1
NI:DOW009:012	class|ss	1
NI:DOW009:012	county|NORTHERN IRELAND	1
NI:DOW018:004	class|ss	1
NI:DOW018:004	county|NORTHERN IRELAND	1
NI:DOW023:025	class|ss	1
NI:DOW023:025	county|NORTHERN IRELAND	1
NI:DOW031:001	class|ss	1
NI:DOW031:001	county|NORTHERN IRELAND	1
NI:DOW047:116	class|ss	1
NI:DOW047:116	county|NORTHERN IRELAND	1
NI:DOW056:005	class|ss	1
NI:DOW056:005	county|NORTHERN IRELAND	1
NI:FER228:023	class|ss	1
NI:FER228:023	county|NORTHERN IRELAND	1
NI:FER246:047	class|ss	1
NI:FER246:047	county|NORTHERN IRELAND	1
NI:LDY006:011	class|ss	1
NI:LDY006:011	county|NORTHERN IRELAND	1
NI:LDY023:031	class|ss	1
NI:LDY023:031	county|NORTHERN IRELAND	1
NI:LDY025:004	class|ss	1
NI:LDY025:004	county|NORTHERN IRELAND	1
NI:LDY030:089	class|ss	1
NI:LDY030:089	county|NORTHERN IRELAND	1
NI:LDY029:007	class|ss	1
NI:LDY029:007	county|NORTHERN IRELAND	1
NI:ANT055:273	class|ss	1
NI:ANT055:273	county|NORTHERN IRELAND	1
NI:ANT018:095	class|ss	1
NI:ANT018:095	county|NORTHERN IRELAND	1
NI:DOW034:093	class|ss	1
NI:DOW034:093	county|NORTHERN IRELAND	1
NI:DOW035:050	class|ss	1
NI:DOW035:050	county|NORTHERN IRELAND	1
NI:DOW046:029	class|ss	1
NI:DOW046:029	county|NORTHERN IRELAND	1
NI:DOW042:030	class|ss	1
NI:DOW042:030	county|NORTHERN IRELAND	1
NI:DOW033:030	class|ss	1
NI:DOW033:030	county|NORTHERN IRELAND	1
NI:DOW046:030	class|ss	1
NI:DOW046:030	county|NORTHERN IRELAND	1
NI:DOW046:044	class|ss	1
NI:DOW046:044	county|NORTHERN IRELAND	1
NI:ANT014:007	class|ss	1
NI:ANT014:007	county|NORTHERN IRELAND	1
NI:ANT033:033	class|ss	1
NI:ANT033:033	county|NORTHERN IRELAND	1
NI:ANT032:058	class|ss	1
NI:ANT032:058	county|NORTHERN IRELAND	1
NI:ANT036:026	class|ss	1
NI:ANT036:026	county|NORTHERN IRELAND	1
NI:ANT007:003	class|ss	1
NI:ANT007:003	county|NORTHERN IRELAND	1
NI:ANT008:004	class|ss	1
NI:ANT008:004	county|NORTHERN IRELAND	1
NI:ANT008:006	class|ss	1
NI:ANT008:006	county|NORTHERN IRELAND	1
NI:ANT008:008	class|ss	1
NI:ANT008:008	county|NORTHERN IRELAND	1
NI:ANT015:027	class|ss	1
NI:ANT015:027	county|NORTHERN IRELAND	1
NI:ANT018:088	class|ss	1
NI:ANT018:088	county|NORTHERN IRELAND	1
NI:ANT026:015	class|ss	1
NI:ANT026:015	county|NORTHERN IRELAND	1
NI:ANT030:004	class|ss	1
NI:ANT030:004	county|NORTHERN IRELAND	1
NI:ANT035:031	class|ss	1
NI:ANT035:031	county|NORTHERN IRELAND	1
NI:ANT037:007	class|ss	1
NI:ANT037:007	county|NORTHERN IRELAND	1
NI:ANT043:032	class|ss	1
NI:ANT043:032	county|NORTHERN IRELAND	1
NI:ANT044:013	class|ss	1
NI:ANT044:013	county|NORTHERN IRELAND	1
NI:ANT044:022	class|ss	1
NI:ANT044:022	county|NORTHERN IRELAND	1
NI:ANT046:008	class|ss	1
NI:ANT046:008	county|NORTHERN IRELAND	1
NI:ANT046:026	class|ss	1
NI:ANT046:026	county|NORTHERN IRELAND	1
NI:ANT051:005	class|ss	1
NI:ANT051:005	county|NORTHERN IRELAND	1
NI:ANT060:021	class|ss	1
NI:ANT060:021	county|NORTHERN IRELAND	1
NI:ARM012:006	class|ss	1
NI:ARM012:006	county|NORTHERN IRELAND	1
NI:ARM020:002	class|ss	1
NI:ARM020:002	county|NORTHERN IRELAND	1
NI:ARM027:016	class|ss	1
NI:ARM027:016	county|NORTHERN IRELAND	1
NI:ARM028:001	class|ss	1
NI:ARM028:001	county|NORTHERN IRELAND	1
NI:DOW006:001	class|ss	1
NI:DOW006:001	county|NORTHERN IRELAND	1
NI:DOW033:001	class|ss	1
NI:DOW033:001	county|NORTHERN IRELAND	1
NI:DOW034:076	class|ss	1
NI:DOW034:076	county|NORTHERN IRELAND	1
NI:DOW037:031	class|ss	1
NI:DOW037:031	county|NORTHERN IRELAND	1
NI:DOW037:074	class|ss	1
NI:DOW037:074	county|NORTHERN IRELAND	1
NI:DOW041:055	class|ss	1
NI:DOW041:055	county|NORTHERN IRELAND	1
NI:DOW047:007	class|ss	1
NI:DOW047:007	county|NORTHERN IRELAND	1
NI:DOW047:085	class|ss	1
NI:DOW047:085	county|NORTHERN IRELAND	1
NI:DOW051:018	class|ss	1
NI:DOW051:018	county|NORTHERN IRELAND	1
NI:DOW051:065	class|ss	1
NI:DOW051:065	county|NORTHERN IRELAND	1
NI:FER154:025	class|ss	1
NI:FER154:025	county|NORTHERN IRELAND	1
NI:FER154:052	class|ss	1
NI:FER154:052	county|NORTHERN IRELAND	1
NI:FER154:054	class|ss	1
NI:FER154:054	county|NORTHERN IRELAND	1
NI:FER192:015	class|ss	1
NI:FER192:015	county|NORTHERN IRELAND	1
NI:FER212:094	class|ss	1
NI:FER212:094	county|NORTHERN IRELAND	1
NI:LDY003:072	class|ss	1
NI:LDY003:072	county|NORTHERN IRELAND	1
NI:FER244:006	class|ss	1
NI:FER244:006	county|NORTHERN IRELAND	1
NI:LDY003:011	class|ss	1
NI:LDY003:011	county|NORTHERN IRELAND	1
NI:LDY014:006	class|ss	1
NI:LDY014:006	county|NORTHERN IRELAND	1
NI:LDY030:010	class|ss	1
NI:LDY030:010	county|NORTHERN IRELAND	1
NI:LDY048:004	class|ss	1
NI:LDY048:004	county|NORTHERN IRELAND	1
NI:TYR016:019	class|ss	1
NI:TYR016:019	county|NORTHERN IRELAND	1
NI:TYR016:045	class|ss	1
NI:TYR016:045	county|NORTHERN IRELAND	1
NI:TYR019:003	class|ss	1
NI:TYR019:003	county|NORTHERN IRELAND	1
NI:TYR027:018	class|ss	1
NI:TYR027:018	county|NORTHERN IRELAND	1
NI:TYR037:019	class|ss	1
NI:TYR037:019	county|NORTHERN IRELAND	1
NI:TYR039:018	class|ss	1
NI:TYR039:018	county|NORTHERN IRELAND	1
NI:TYR046:043	class|ss	1
NI:TYR046:043	county|NORTHERN IRELAND	1
NI:TYR057:009	class|ss	1
NI:TYR057:009	county|NORTHERN IRELAND	1
NI:TYR057:019	class|ss	1
NI:TYR057:019	county|NORTHERN IRELAND	1
NI:TYR058:045	class|ss	1
NI:TYR058:045	county|NORTHERN IRELAND	1
NI:ARM026:005	class|ss	1
NI:ARM026:005	county|NORTHERN IRELAND	1
NI:DOW034:125	class|ss	1
NI:DOW034:125	county|NORTHERN IRELAND	1
NI:DOW042:088	class|ss	1
NI:DOW042:088	county|NORTHERN IRELAND	1
NI:DOW042:089	class|ss	1
NI:DOW042:089	county|NORTHERN IRELAND	1
NI:DOW043:110	class|ss	1
NI:DOW043:110	county|NORTHERN IRELAND	1
NI:DOW043:015	class|ss	1
NI:DOW043:015	county|NORTHERN IRELAND	1
NI:LDY024:005	class|ss	1
NI:LDY024:005	county|NORTHERN IRELAND	1
NI:LDY030:013	class|ss	1
NI:LDY030:013	county|NORTHERN IRELAND	1
NI:LDY030:016	class|ss	1
NI:LDY030:016	county|NORTHERN IRELAND	1
NI:LDY030:017	class|ss	1
NI:LDY030:017	county|NORTHERN IRELAND	1
NI:TYR044:025	class|ss	1
NI:TYR044:025	county|NORTHERN IRELAND	1
NI:TYR016:046	class|ss	1
NI:TYR016:046	county|NORTHERN IRELAND	1
NI:TYR039:020	class|ss	1
NI:TYR039:020	county|NORTHERN IRELAND	1
NI:TYR029:022	class|ss	1
NI:TYR029:022	county|NORTHERN IRELAND	1
